isic_id,lesion_id,image_type,label
ISIC_0051817,IL_1612768,dermoscopic,SCCKA
ISIC_0075884,IL_9270970,clinical: close-up,NV
ISIC_0077054,IL_5271098,dermoscopic,BCC
ISIC_0078197,IL_4635992,clinical: close-up,NV
ISIC_0080019,IL_9208680,clinical: close-up,BCC
ISIC_0080219,IL_5310300,dermoscopic,NV
ISIC_0082447,IL_9890068,clinical: close-up,MEL
ISIC_0084581,IL_3102698,dermoscopic,SCCKA
ISIC_0084885,IL_5334978,dermoscopic,SCCKA
ISIC_0084958,IL_8460509,clinical: close-up,MEL
ISIC_0093135,IL_4744956,clinical: close-up,BCC
ISIC_0093389,IL_8854625,clinical: close-up,BCC
ISIC_0095743,IL_7133935,dermoscopic,NV
ISIC_0097262,IL_9395839,dermoscopic,NV
ISIC_0097629,IL_4316230,clinical: close-up,SCCKA
ISIC_0097906,IL_5173093,clinical: close-up,BCC
ISIC_0100523,IL_1453755,dermoscopic,SCCKA
ISIC_0101955,IL_8978471,dermoscopic,BCC
ISIC_0105249,IL_2902752,clinical: close-up,BCC
ISIC_0106322,IL_3496860,dermoscopic,NV
ISIC_0107067,IL_0097908,dermoscopic,BKL
ISIC_0108357,IL_8299978,clinical: close-up,NV
ISIC_0116622,IL_9433768,clinical: close-up,BCC
ISIC_0118795,IL_4312486,dermoscopic,SCCKA
ISIC_0119243,IL_2352772,dermoscopic,NV
ISIC_0123535,IL_9312646,clinical: close-up,SCCKA
ISIC_0124081,IL_0115590,dermoscopic,BCC
ISIC_0125513,IL_0621333,clinical: close-up,NV
ISIC_0125985,IL_6780614,clinical: close-up,BCC
ISIC_0127934,IL_7240345,clinical: close-up,NV
ISIC_0129379,IL_1744023,dermoscopic,AKIEC
ISIC_0132555,IL_9024292,clinical: close-up,MEL
ISIC_0135161,IL_3408986,dermoscopic,BCC
ISIC_0135826,IL_9975498,dermoscopic,INF
ISIC_0140176,IL_9157797,clinical: close-up,NV
ISIC_0144213,IL_7829784,clinical: close-up,BCC
ISIC_0146278,IL_8544201,dermoscopic,BCC
ISIC_0148805,IL_7170892,clinical: close-up,BCC
ISIC_0150748,IL_9730160,dermoscopic,BCC
ISIC_0153470,IL_8095126,clinical: close-up,BKL
ISIC_0154688,IL_0945198,clinical: close-up,NV
ISIC_0154826,IL_1843945,dermoscopic,BCC
ISIC_0156507,IL_2543533,dermoscopic,MEL
ISIC_0158073,IL_9679718,clinical: close-up,DF
ISIC_0159106,IL_6812828,clinical: close-up,BKL
ISIC_0159683,IL_8075238,clinical: close-up,BCC
ISIC_0159874,IL_2499143,dermoscopic,BKL
ISIC_0167746,IL_3995559,clinical: close-up,MEL
ISIC_0167803,IL_5574857,dermoscopic,NV
ISIC_0169534,IL_7376173,clinical: close-up,BKL
ISIC_0174755,IL_1337756,dermoscopic,BKL
ISIC_0176893,IL_4891045,clinical: close-up,BCC
ISIC_0178503,IL_2771122,dermoscopic,BKL
ISIC_0181316,IL_0266076,dermoscopic,BCC
ISIC_0185358,IL_1562251,clinical: close-up,BCC
ISIC_0187220,IL_0977537,dermoscopic,BKL
ISIC_0188950,IL_9732518,dermoscopic,BCC
ISIC_0189659,IL_6599749,clinical: close-up,NV
ISIC_0190959,IL_6691534,dermoscopic,BCC
ISIC_0192391,IL_4768101,clinical: close-up,MEL
ISIC_0194116,IL_6217582,clinical: close-up,SCCKA
ISIC_0195347,IL_0533923,clinical: close-up,BCC
ISIC_0195795,IL_0538845,dermoscopic,BCC
ISIC_0197274,IL_2986546,dermoscopic,BCC
ISIC_0198032,IL_3961621,clinical: close-up,BCC
ISIC_0199124,IL_3582002,dermoscopic,AKIEC
ISIC_0200116,IL_5417601,clinical: close-up,BCC
ISIC_0204323,IL_2885420,dermoscopic,MEL
ISIC_0204389,IL_8602483,dermoscopic,BCC
ISIC_0210672,IL_0632998,dermoscopic,BCC
ISIC_0211067,IL_6084278,clinical: close-up,MEL
ISIC_0211830,IL_7459473,clinical: close-up,BKL
ISIC_0215803,IL_0145900,dermoscopic,BCC
ISIC_0217174,IL_7096412,clinical: close-up,BCC
ISIC_0217198,IL_0267094,clinical: close-up,BCC
ISIC_0218425,IL_2335600,clinical: close-up,SCCKA
ISIC_0225237,IL_9863241,clinical: close-up,BCC
ISIC_0225656,IL_4150500,clinical: close-up,BCC
ISIC_0226793,IL_0159004,clinical: close-up,SCCKA
ISIC_0226810,IL_9104485,clinical: close-up,BKL
ISIC_0228941,IL_9230375,clinical: close-up,BCC
ISIC_0229794,IL_1167409,clinical: close-up,BCC
ISIC_0230087,IL_9150101,dermoscopic,BCC
ISIC_0230558,IL_6753634,clinical: close-up,SCCKA
ISIC_0230992,IL_6849118,clinical: close-up,SCCKA
ISIC_0231625,IL_4153539,clinical: close-up,BCC
ISIC_0234458,IL_5960278,dermoscopic,BCC
ISIC_0236002,IL_8739695,clinical: close-up,NV
ISIC_0237641,IL_3859587,clinical: close-up,BCC
ISIC_0244875,IL_6458200,dermoscopic,BCC
ISIC_0245594,IL_1175883,dermoscopic,AKIEC
ISIC_0248336,IL_4639919,clinical: close-up,SCCKA
ISIC_0254794,IL_3744094,clinical: close-up,VASC
ISIC_0255886,IL_1569644,clinical: close-up,BCC
ISIC_0256695,IL_2416806,dermoscopic,SCCKA
ISIC_0257297,IL_5052158,clinical: close-up,BCC
ISIC_0259020,IL_1617304,clinical: close-up,BCC
ISIC_0260732,IL_9192355,clinical: close-up,AKIEC
ISIC_0261218,IL_3774804,clinical: close-up,SCCKA
ISIC_0264904,IL_3179452,clinical: close-up,BKL
ISIC_0265421,IL_4645849,dermoscopic,BKL
ISIC_0265983,IL_7719252,clinical: close-up,BCC
ISIC_0267616,IL_2685280,clinical: close-up,BKL
ISIC_0271489,IL_1339596,clinical: close-up,BKL
ISIC_0274862,IL_6169734,clinical: close-up,SCCKA
ISIC_0275196,IL_0921105,clinical: close-up,BCC
ISIC_0278402,IL_7885179,clinical: close-up,BKL
ISIC_0278827,IL_7528709,clinical: close-up,BCC
ISIC_0280428,IL_3672233,clinical: close-up,NV
ISIC_0282454,IL_4438547,dermoscopic,NV
ISIC_0283929,IL_1846294,dermoscopic,BCC
ISIC_0289289,IL_2080493,dermoscopic,BCC
ISIC_0289550,IL_1749163,dermoscopic,BCC
ISIC_0289881,IL_8323588,dermoscopic,BCC
ISIC_0290183,IL_9036149,dermoscopic,NV
ISIC_0290702,IL_1741530,clinical: close-up,BKL
ISIC_0292082,IL_5554236,clinical: close-up,BKL
ISIC_0292393,IL_5489225,dermoscopic,BCC
ISIC_0294743,IL_1739101,clinical: close-up,BCC
ISIC_0297229,IL_9387962,clinical: close-up,AKIEC
ISIC_0301368,IL_7550405,dermoscopic,BCC
ISIC_0302768,IL_0583192,clinical: close-up,AKIEC
ISIC_0303344,IL_7023776,dermoscopic,MEL
ISIC_0303886,IL_9341365,clinical: close-up,SCCKA
ISIC_0304311,IL_9157359,dermoscopic,SCCKA
ISIC_0304794,IL_2788353,dermoscopic,BCC
ISIC_0305865,IL_0604713,dermoscopic,MEL
ISIC_0307669,IL_6398771,dermoscopic,BCC
ISIC_0308676,IL_6918825,dermoscopic,BCC
ISIC_0310082,IL_4381974,clinical: close-up,BCC
ISIC_0310855,IL_4796364,dermoscopic,NV
ISIC_0313013,IL_7825634,clinical: close-up,INF
ISIC_0314216,IL_1152647,dermoscopic,BKL
ISIC_0314737,IL_2369165,clinical: close-up,BCC
ISIC_0321371,IL_9192355,dermoscopic,AKIEC
ISIC_0323748,IL_0069690,dermoscopic,BCC
ISIC_0323945,IL_3638399,clinical: close-up,BKL
ISIC_0326699,IL_5708693,clinical: close-up,BCC
ISIC_0329283,IL_6655417,clinical: close-up,NV
ISIC_0330089,IL_7925495,dermoscopic,BCC
ISIC_0332299,IL_4448697,clinical: close-up,BCC
ISIC_0332749,IL_1756405,clinical: close-up,BCC
ISIC_0336951,IL_7971648,clinical: close-up,BKL
ISIC_0338353,IL_1405632,clinical: close-up,BCC
ISIC_0338405,IL_7718572,clinical: close-up,BCC
ISIC_0338923,IL_3082764,clinical: close-up,NV
ISIC_0346032,IL_4064618,clinical: close-up,MEL
ISIC_0346075,IL_4790851,clinical: close-up,AKIEC
ISIC_0350483,IL_4652150,dermoscopic,SCCKA
ISIC_0350911,IL_7103139,clinical: close-up,NV
ISIC_0352367,IL_5767308,clinical: close-up,BKL
ISIC_0354697,IL_4453388,clinical: close-up,BCC
ISIC_0356038,IL_2206044,dermoscopic,NV
ISIC_0360727,IL_5566169,dermoscopic,NV
ISIC_0361366,IL_4403121,clinical: close-up,BCC
ISIC_0363002,IL_1059300,clinical: close-up,BKL
ISIC_0364345,IL_3405396,clinical: close-up,MEL
ISIC_0365517,IL_6907846,clinical: close-up,BCC
ISIC_0367096,IL_2461087,clinical: close-up,NV
ISIC_0368345,IL_4258964,dermoscopic,BEN_OTH
ISIC_0368554,IL_5910352,dermoscopic,BCC
ISIC_0369681,IL_9784446,dermoscopic,BCC
ISIC_0370218,IL_4777060,dermoscopic,BCC
ISIC_0372945,IL_6163368,clinical: close-up,BKL
ISIC_0373667,IL_5153554,clinical: close-up,BCC
ISIC_0373826,IL_5766424,dermoscopic,NV
ISIC_0376931,IL_8118311,dermoscopic,NV
ISIC_0377418,IL_1555108,clinical: close-up,BEN_OTH
ISIC_0378725,IL_7832293,dermoscopic,BCC
ISIC_0378928,IL_8491993,clinical: close-up,VASC
ISIC_0381744,IL_8200378,dermoscopic,AKIEC
ISIC_0381913,IL_1381975,clinical: close-up,BCC
ISIC_0383910,IL_2228452,dermoscopic,BCC
ISIC_0384010,IL_0592984,clinical: close-up,BCC
ISIC_0387211,IL_4034237,dermoscopic,BCC
ISIC_0387282,IL_3181728,dermoscopic,AKIEC
ISIC_0387826,IL_3046914,dermoscopic,BCC
ISIC_0388843,IL_8259171,clinical: close-up,BCC
ISIC_0390452,IL_4312042,dermoscopic,NV
ISIC_0391153,IL_7343687,clinical: close-up,MEL
ISIC_0391361,IL_3087558,clinical: close-up,BCC
ISIC_0392480,IL_6466353,dermoscopic,BKL
ISIC_0393927,IL_4122724,clinical: close-up,BCC
ISIC_0396597,IL_8299819,clinical: close-up,BCC
ISIC_0403826,IL_0693769,dermoscopic,BKL
ISIC_0408084,IL_6161419,dermoscopic,BCC
ISIC_0410404,IL_5283684,clinical: close-up,BCC
ISIC_0410802,IL_2808102,dermoscopic,MEL
ISIC_0411043,IL_8988340,clinical: close-up,AKIEC
ISIC_0411208,IL_5666618,clinical: close-up,MEL
ISIC_0411343,IL_8282831,clinical: close-up,BCC
ISIC_0411397,IL_2293895,dermoscopic,DF
ISIC_0411803,IL_2248531,dermoscopic,BCC
ISIC_0414153,IL_9417077,clinical: close-up,NV
ISIC_0414164,IL_8204669,dermoscopic,MEL
ISIC_0416329,IL_8480988,dermoscopic,AKIEC
ISIC_0422017,IL_8843384,dermoscopic,NV
ISIC_0423217,IL_1345766,dermoscopic,BEN_OTH
ISIC_0424607,IL_7471218,clinical: close-up,SCCKA
ISIC_0426102,IL_5394368,clinical: close-up,BCC
ISIC_0426130,IL_3640524,clinical: close-up,NV
ISIC_0426781,IL_6679773,clinical: close-up,BCC
ISIC_0427331,IL_3122481,dermoscopic,BCC
ISIC_0435506,IL_9258319,dermoscopic,BCC
ISIC_0438775,IL_8375905,clinical: close-up,BCC
ISIC_0440292,IL_8788016,clinical: close-up,BCC
ISIC_0441214,IL_1110847,clinical: close-up,BKL
ISIC_0442192,IL_1438397,clinical: close-up,BKL
ISIC_0442849,IL_9158276,dermoscopic,BCC
ISIC_0442866,IL_1367516,dermoscopic,SCCKA
ISIC_0443245,IL_2951837,clinical: close-up,NV
ISIC_0444685,IL_2198915,clinical: close-up,SCCKA
ISIC_0444953,IL_7333819,dermoscopic,BCC
ISIC_0445960,IL_3303536,dermoscopic,AKIEC
ISIC_0447190,IL_0074413,clinical: close-up,NV
ISIC_0447553,IL_2341353,clinical: close-up,MEL
ISIC_0448586,IL_4976689,dermoscopic,SCCKA
ISIC_0450792,IL_1102266,dermoscopic,MEL
ISIC_0454029,IL_0108315,dermoscopic,BCC
ISIC_0454057,IL_7756506,dermoscopic,SCCKA
ISIC_0456269,IL_9368782,clinical: close-up,NV
ISIC_0457897,IL_2283112,clinical: close-up,BCC
ISIC_0460586,IL_7808577,dermoscopic,BEN_OTH
ISIC_0461233,IL_4465213,dermoscopic,BCC
ISIC_0463396,IL_3496522,clinical: close-up,BCC
ISIC_0468332,IL_5281501,clinical: close-up,BCC
ISIC_0470080,IL_8500465,clinical: close-up,BCC
ISIC_0473678,IL_0328020,clinical: close-up,MEL
ISIC_0474474,IL_8113008,dermoscopic,NV
ISIC_0477999,IL_6011265,dermoscopic,BCC
ISIC_0478016,IL_0441589,clinical: close-up,AKIEC
ISIC_0478881,IL_7504517,dermoscopic,SCCKA
ISIC_0479656,IL_4133123,dermoscopic,DF
ISIC_0483066,IL_4860977,clinical: close-up,BCC
ISIC_0485633,IL_4147641,clinical: close-up,SCCKA
ISIC_0487104,IL_6480673,dermoscopic,NV
ISIC_0488771,IL_6427122,clinical: close-up,MEL
ISIC_0489274,IL_6591567,dermoscopic,BCC
ISIC_0489440,IL_4514028,dermoscopic,NV
ISIC_0489493,IL_4879844,clinical: close-up,MEL
ISIC_0490117,IL_0375356,clinical: close-up,MEL
ISIC_0490330,IL_1314812,clinical: close-up,BCC
ISIC_0490468,IL_0125566,dermoscopic,BCC
ISIC_0497574,IL_9027780,dermoscopic,AKIEC
ISIC_0497849,IL_4396265,dermoscopic,BCC
ISIC_0497851,IL_1572038,dermoscopic,AKIEC
ISIC_0497921,IL_2227380,dermoscopic,NV
ISIC_0498304,IL_5890338,clinical: close-up,BCC
ISIC_0499568,IL_6743301,dermoscopic,BCC
ISIC_0499702,IL_4987655,clinical: close-up,MEL
ISIC_0500110,IL_9717585,dermoscopic,BCC
ISIC_0501244,IL_7948272,clinical: close-up,BCC
ISIC_0502224,IL_2547187,clinical: close-up,BCC
ISIC_0502413,IL_6234937,dermoscopic,BCC
ISIC_0502738,IL_5363058,dermoscopic,NV
ISIC_0504075,IL_6595342,clinical: close-up,NV
ISIC_0506795,IL_9064391,dermoscopic,BCC
ISIC_0506930,IL_5829281,clinical: close-up,BCC
ISIC_0506961,IL_5490605,clinical: close-up,SCCKA
ISIC_0507021,IL_0528768,dermoscopic,BCC
ISIC_0508629,IL_5157883,dermoscopic,NV
ISIC_0510199,IL_3955700,clinical: close-up,BKL
ISIC_0512596,IL_0076321,clinical: close-up,NV
ISIC_0512778,IL_5952880,clinical: close-up,NV
ISIC_0513234,IL_5954989,clinical: close-up,SCCKA
ISIC_0515719,IL_5285603,clinical: close-up,VASC
ISIC_0517219,IL_5324666,clinical: close-up,BCC
ISIC_0517354,IL_0469589,clinical: close-up,SCCKA
ISIC_0518723,IL_2227490,dermoscopic,BCC
ISIC_0519768,IL_1558791,dermoscopic,BCC
ISIC_0522356,IL_1492358,clinical: close-up,BCC
ISIC_0524110,IL_6055895,clinical: close-up,BCC
ISIC_0526168,IL_0913483,clinical: close-up,NV
ISIC_0528832,IL_8233032,dermoscopic,MEL
ISIC_0529633,IL_1848853,dermoscopic,MEL
ISIC_0532349,IL_6242822,dermoscopic,BCC
ISIC_0532506,IL_2692187,clinical: close-up,BEN_OTH
ISIC_0537394,IL_2334074,clinical: close-up,BCC
ISIC_0537911,IL_5795869,clinical: close-up,MEL
ISIC_0538851,IL_0419410,clinical: close-up,BKL
ISIC_0539206,IL_9563085,dermoscopic,BKL
ISIC_0542450,IL_8714765,clinical: close-up,BKL
ISIC_0543368,IL_6344914,clinical: close-up,NV
ISIC_0546382,IL_9401383,dermoscopic,BCC
ISIC_0546402,IL_7991885,dermoscopic,DF
ISIC_0547517,IL_5880006,dermoscopic,SCCKA
ISIC_0548842,IL_4706609,clinical: close-up,BCC
ISIC_0552734,IL_1013534,dermoscopic,VASC
ISIC_0553265,IL_3906452,dermoscopic,MEL
ISIC_0553752,IL_8462731,clinical: close-up,AKIEC
ISIC_0558331,IL_4512355,clinical: close-up,MEL
ISIC_0560810,IL_6066960,dermoscopic,SCCKA
ISIC_0561480,IL_4400471,clinical: close-up,MEL
ISIC_0562738,IL_6481274,dermoscopic,BCC
ISIC_0567766,IL_3484645,clinical: close-up,AKIEC
ISIC_0569067,IL_7740320,dermoscopic,DF
ISIC_0569529,IL_9168364,dermoscopic,SCCKA
ISIC_0570358,IL_5163548,dermoscopic,NV
ISIC_0570697,IL_1660797,dermoscopic,NV
ISIC_0571728,IL_3632204,clinical: close-up,NV
ISIC_0572831,IL_1062224,clinical: close-up,NV
ISIC_0573471,IL_2951837,dermoscopic,NV
ISIC_0575623,IL_9180123,clinical: close-up,NV
ISIC_0576794,IL_5193790,clinical: close-up,BCC
ISIC_0582067,IL_2658835,clinical: close-up,BCC
ISIC_0583040,IL_2740967,clinical: close-up,MEL
ISIC_0583409,IL_6408457,dermoscopic,BCC
ISIC_0583712,IL_7976753,dermoscopic,MEL
ISIC_0584164,IL_5790103,clinical: close-up,BCC
ISIC_0585018,IL_9399990,clinical: close-up,AKIEC
ISIC_0586691,IL_1612768,clinical: close-up,SCCKA
ISIC_0589952,IL_9886374,clinical: close-up,BCC
ISIC_0590248,IL_7678083,clinical: close-up,BKL
ISIC_0591696,IL_4781957,dermoscopic,BKL
ISIC_0593055,IL_9987263,dermoscopic,NV
ISIC_0594231,IL_0181682,clinical: close-up,MEL
ISIC_0598709,IL_0705529,dermoscopic,BCC
ISIC_0601665,IL_4083881,dermoscopic,AKIEC
ISIC_0603125,IL_1162183,clinical: close-up,BCC
ISIC_0603409,IL_0097046,clinical: close-up,BCC
ISIC_0606651,IL_0960314,clinical: close-up,DF
ISIC_0608754,IL_3335346,clinical: close-up,AKIEC
ISIC_0612028,IL_8762954,clinical: close-up,BCC
ISIC_0612181,IL_4978975,clinical: close-up,BCC
ISIC_0612261,IL_3300322,dermoscopic,BCC
ISIC_0612519,IL_8914005,clinical: close-up,BCC
ISIC_0612725,IL_5880006,clinical: close-up,SCCKA
ISIC_0612793,IL_1283249,clinical: close-up,BCC
ISIC_0615653,IL_9600244,clinical: close-up,BCC
ISIC_0616115,IL_0977537,clinical: close-up,BKL
ISIC_0617272,IL_3527246,dermoscopic,BCC
ISIC_0625197,IL_3664176,dermoscopic,BCC
ISIC_0627627,IL_2274387,clinical: close-up,BCC
ISIC_0628522,IL_6869608,dermoscopic,NV
ISIC_0629020,IL_7367397,clinical: close-up,BCC
ISIC_0630375,IL_3417024,clinical: close-up,MEL
ISIC_0632001,IL_8991149,dermoscopic,BCC
ISIC_0633557,IL_4652150,clinical: close-up,SCCKA
ISIC_0635424,IL_6860509,clinical: close-up,NV
ISIC_0637039,IL_6904251,clinical: close-up,MEL
ISIC_0637655,IL_8444340,dermoscopic,BCC
ISIC_0645934,IL_8854327,dermoscopic,BCC
ISIC_0646278,IL_0808722,clinical: close-up,AKIEC
ISIC_0649359,IL_5016629,clinical: close-up,MEL
ISIC_0651228,IL_8621198,dermoscopic,MEL
ISIC_0656805,IL_9367800,dermoscopic,NV
ISIC_0657349,IL_5816419,clinical: close-up,NV
ISIC_0657679,IL_8356407,dermoscopic,BCC
ISIC_0657859,IL_8110471,clinical: close-up,BKL
ISIC_0658837,IL_1345766,clinical: close-up,BEN_OTH
ISIC_0659229,IL_1448486,clinical: close-up,BCC
ISIC_0659383,IL_5337254,clinical: close-up,BCC
ISIC_0660859,IL_8266554,dermoscopic,NV
ISIC_0661387,IL_6847653,clinical: close-up,BCC
ISIC_0661563,IL_9968206,clinical: close-up,BKL
ISIC_0661874,IL_3819461,clinical: close-up,BCC
ISIC_0662021,IL_6111577,clinical: close-up,INF
ISIC_0664016,IL_9614989,dermoscopic,BKL
ISIC_0664879,IL_8987309,dermoscopic,AKIEC
ISIC_0666405,IL_1122341,dermoscopic,BCC
ISIC_0669396,IL_6256539,dermoscopic,MEL
ISIC_0669812,IL_9066229,clinical: close-up,SCCKA
ISIC_0670265,IL_6069436,dermoscopic,AKIEC
ISIC_0671005,IL_7825697,clinical: close-up,MEL
ISIC_0676527,IL_9659421,dermoscopic,BCC
ISIC_0681143,IL_7635168,dermoscopic,BCC
ISIC_0682339,IL_6693472,clinical: close-up,MEL
ISIC_0683612,IL_7518108,clinical: close-up,BKL
ISIC_0684071,IL_5917369,dermoscopic,BCC
ISIC_0684627,IL_1538944,dermoscopic,NV
ISIC_0685008,IL_5247535,dermoscopic,BKL
ISIC_0686612,IL_1207845,dermoscopic,VASC
ISIC_0687223,IL_9402270,dermoscopic,AKIEC
ISIC_0689386,IL_8484491,clinical: close-up,BCC
ISIC_0690986,IL_8944802,dermoscopic,BCC
ISIC_0693344,IL_1671184,clinical: close-up,SCCKA
ISIC_0694740,IL_1492358,dermoscopic,BCC
ISIC_0695322,IL_3286495,dermoscopic,BCC
ISIC_0695415,IL_1170242,clinical: close-up,BKL
ISIC_0698052,IL_4929209,dermoscopic,BKL
ISIC_0699088,IL_1975374,dermoscopic,MEL
ISIC_0703618,IL_8045895,dermoscopic,BKL
ISIC_0707479,IL_5526388,clinical: close-up,AKIEC
ISIC_0713331,IL_0307289,clinical: close-up,BCC
ISIC_0715287,IL_2670603,dermoscopic,BCC
ISIC_0715665,IL_8918294,dermoscopic,BCC
ISIC_0717001,IL_9448011,clinical: close-up,BCC
ISIC_0719228,IL_1122341,clinical: close-up,BCC
ISIC_0720115,IL_7611472,clinical: close-up,MEL
ISIC_0720304,IL_4610618,clinical: close-up,MEL
ISIC_0720537,IL_7096412,dermoscopic,BCC
ISIC_0722347,IL_3945386,dermoscopic,BCC
ISIC_0724943,IL_2547187,dermoscopic,BCC
ISIC_0725065,IL_3772690,dermoscopic,SCCKA
ISIC_0725098,IL_6434551,clinical: close-up,BCC
ISIC_0727761,IL_1633502,dermoscopic,BCC
ISIC_0729575,IL_9968206,dermoscopic,BKL
ISIC_0731364,IL_5799605,dermoscopic,BCC
ISIC_0733275,IL_0826473,clinical: close-up,NV
ISIC_0734414,IL_6190273,dermoscopic,MEL
ISIC_0735025,IL_1418098,dermoscopic,BEN_OTH
ISIC_0738113,IL_7353062,dermoscopic,BKL
ISIC_0743555,IL_2778594,dermoscopic,BCC
ISIC_0743648,IL_8275439,dermoscopic,BCC
ISIC_0744283,IL_4777060,clinical: close-up,BCC
ISIC_0745250,IL_9385765,clinical: close-up,SCCKA
ISIC_0745953,IL_1485026,dermoscopic,BCC
ISIC_0746280,IL_4051895,clinical: close-up,MEL
ISIC_0746532,IL_1350763,clinical: close-up,AKIEC
ISIC_0746908,IL_7253924,dermoscopic,BCC
ISIC_0751829,IL_5468213,clinical: close-up,BKL
ISIC_0754291,IL_1085478,clinical: close-up,AKIEC
ISIC_0755088,IL_5562402,dermoscopic,BCC
ISIC_0758242,IL_0768157,dermoscopic,BCC
ISIC_0758332,IL_5131456,clinical: close-up,BCC
ISIC_0760456,IL_3492257,clinical: close-up,BCC
ISIC_0762973,IL_9531531,clinical: close-up,SCCKA
ISIC_0763559,IL_4992123,clinical: close-up,BCC
ISIC_0763911,IL_2338679,clinical: close-up,BCC
ISIC_0763962,IL_0836761,dermoscopic,BCC
ISIC_0765311,IL_1427039,clinical: close-up,MEL
ISIC_0767613,IL_0978342,dermoscopic,NV
ISIC_0768895,IL_1671392,dermoscopic,NV
ISIC_0770132,IL_6863139,dermoscopic,BCC
ISIC_0772256,IL_7833782,dermoscopic,BCC
ISIC_0772345,IL_4906380,dermoscopic,NV
ISIC_0772652,IL_2432555,dermoscopic,BCC
ISIC_0774870,IL_8800243,clinical: close-up,BCC
ISIC_0777268,IL_5375420,dermoscopic,INF
ISIC_0777357,IL_4478741,clinical: close-up,BCC
ISIC_0777452,IL_1058871,dermoscopic,BCC
ISIC_0782621,IL_1030671,clinical: close-up,MEL
ISIC_0783408,IL_6897591,dermoscopic,BCC
ISIC_0784089,IL_5784432,clinical: close-up,BCC
ISIC_0785356,IL_9021517,clinical: close-up,MEL
ISIC_0785366,IL_3311502,clinical: close-up,INF
ISIC_0786863,IL_1682958,clinical: close-up,BCC
ISIC_0791494,IL_0004688,clinical: close-up,BCC
ISIC_0794160,IL_0978342,clinical: close-up,NV
ISIC_0796805,IL_4692190,dermoscopic,BCC
ISIC_0802543,IL_5784432,dermoscopic,BCC
ISIC_0802648,IL_0835315,dermoscopic,SCCKA
ISIC_0805815,IL_0773379,clinical: close-up,BCC
ISIC_0805951,IL_0901496,dermoscopic,BCC
ISIC_0805994,IL_1752573,dermoscopic,BCC
ISIC_0807781,IL_7494236,clinical: close-up,BCC
ISIC_0811123,IL_0773953,dermoscopic,BCC
ISIC_0811266,IL_7712318,dermoscopic,NV
ISIC_0811703,IL_0868364,dermoscopic,DF
ISIC_0812646,IL_9313247,clinical: close-up,BCC
ISIC_0812659,IL_0596418,clinical: close-up,BCC
ISIC_0813000,IL_0080050,dermoscopic,BCC
ISIC_0815023,IL_0699958,dermoscopic,NV
ISIC_0817963,IL_7108184,clinical: close-up,BCC
ISIC_0818540,IL_7550838,dermoscopic,BCC
ISIC_0819008,IL_9211790,dermoscopic,BCC
ISIC_0821297,IL_4310742,dermoscopic,SCCKA
ISIC_0823112,IL_5140022,dermoscopic,BCC
ISIC_0823269,IL_2491792,dermoscopic,MEL
ISIC_0823916,IL_1439879,clinical: close-up,BCC
ISIC_0828276,IL_0811004,dermoscopic,BCC
ISIC_0829180,IL_3984106,dermoscopic,BCC
ISIC_0831157,IL_9374643,dermoscopic,BCC
ISIC_0831409,IL_9307518,clinical: close-up,MEL
ISIC_0831898,IL_3715048,dermoscopic,MEL
ISIC_0835030,IL_5518223,dermoscopic,BCC
ISIC_0835682,IL_0773095,dermoscopic,BCC
ISIC_0841169,IL_9395505,clinical: close-up,BCC
ISIC_0842059,IL_8380493,clinical: close-up,AKIEC
ISIC_0845014,IL_8991771,clinical: close-up,SCCKA
ISIC_0846856,IL_8247723,dermoscopic,SCCKA
ISIC_0846896,IL_3857855,clinical: close-up,NV
ISIC_0849075,IL_0948841,dermoscopic,BCC
ISIC_0849646,IL_0663202,clinical: close-up,BCC
ISIC_0850383,IL_6448360,dermoscopic,NV
ISIC_0852575,IL_4150500,dermoscopic,BCC
ISIC_0853298,IL_7976753,clinical: close-up,MEL
ISIC_0853302,IL_6010748,dermoscopic,BCC
ISIC_0855454,IL_7571099,dermoscopic,BCC
ISIC_0856370,IL_0087637,dermoscopic,BKL
ISIC_0857448,IL_4576519,dermoscopic,BKL
ISIC_0858555,IL_7926291,dermoscopic,BCC
ISIC_0859627,IL_7344766,clinical: close-up,SCCKA
ISIC_0860468,IL_4926064,dermoscopic,BCC
ISIC_0862809,IL_8601267,clinical: close-up,BCC
ISIC_0865713,IL_4726113,dermoscopic,BCC
ISIC_0866872,IL_6511492,dermoscopic,MEL
ISIC_0866932,IL_1766125,dermoscopic,NV
ISIC_0867368,IL_7581043,dermoscopic,BEN_OTH
ISIC_0869141,IL_1938646,dermoscopic,BCC
ISIC_0870426,IL_3709940,clinical: close-up,MEL
ISIC_0871073,IL_8375905,dermoscopic,BCC
ISIC_0871337,IL_3288757,clinical: close-up,NV
ISIC_0872036,IL_0159004,dermoscopic,SCCKA
ISIC_0872284,IL_0521402,clinical: close-up,BCC
ISIC_0873387,IL_0433737,clinical: close-up,BCC
ISIC_0874081,IL_2415353,clinical: close-up,BKL
ISIC_0875516,IL_6248025,clinical: close-up,BKL
ISIC_0880053,IL_2478742,dermoscopic,BCC
ISIC_0880783,IL_9838418,dermoscopic,BCC
ISIC_0881138,IL_8826018,clinical: close-up,BCC
ISIC_0881507,IL_1565255,dermoscopic,BCC
ISIC_0883146,IL_3156209,clinical: close-up,BCC
ISIC_0885646,IL_5834228,clinical: close-up,BCC
ISIC_0886120,IL_3582002,clinical: close-up,AKIEC
ISIC_0886687,IL_3397052,dermoscopic,MAL_OTH
ISIC_0887284,IL_6653244,dermoscopic,NV
ISIC_0888295,IL_7550838,clinical: close-up,BCC
ISIC_0889674,IL_8642891,clinical: close-up,BCC
ISIC_0890975,IL_9692603,dermoscopic,BCC
ISIC_0893414,IL_7974370,clinical: close-up,BKL
ISIC_0893723,IL_5161470,dermoscopic,NV
ISIC_0895262,IL_3087558,dermoscopic,BCC
ISIC_0895631,IL_9149489,clinical: close-up,NV
ISIC_0897372,IL_8702117,dermoscopic,BCC
ISIC_0899069,IL_4991400,dermoscopic,BCC
ISIC_0904295,IL_7453995,clinical: close-up,BCC
ISIC_0906065,IL_6021116,clinical: close-up,BCC
ISIC_0907266,IL_5534064,dermoscopic,NV
ISIC_0907555,IL_6677545,dermoscopic,BCC
ISIC_0907716,IL_1539562,clinical: close-up,BKL
ISIC_0908255,IL_4013404,dermoscopic,NV
ISIC_0909697,IL_1741530,dermoscopic,BKL
ISIC_0911271,IL_1332909,clinical: close-up,AKIEC
ISIC_0912531,IL_2357169,dermoscopic,BKL
ISIC_0912606,IL_7533213,clinical: close-up,SCCKA
ISIC_0913438,IL_1609893,dermoscopic,AKIEC
ISIC_0914299,IL_1561326,clinical: close-up,BCC
ISIC_0919950,IL_9210134,clinical: close-up,BKL
ISIC_0920625,IL_2289243,clinical: close-up,BKL
ISIC_0921779,IL_8193835,dermoscopic,SCCKA
ISIC_0922807,IL_2218203,clinical: close-up,BCC
ISIC_0924335,IL_5394368,dermoscopic,BCC
ISIC_0924690,IL_6767312,clinical: close-up,BCC
ISIC_0926891,IL_0521541,dermoscopic,BCC
ISIC_0928029,IL_6616097,clinical: close-up,MEL
ISIC_0930244,IL_2696717,clinical: close-up,BCC
ISIC_0931470,IL_9403422,clinical: close-up,BCC
ISIC_0933237,IL_0106085,dermoscopic,BCC
ISIC_0933479,IL_6222346,clinical: close-up,BKL
ISIC_0933741,IL_6169733,clinical: close-up,BCC
ISIC_0934261,IL_0697844,clinical: close-up,BCC
ISIC_0934708,IL_4419234,dermoscopic,MEL
ISIC_0935658,IL_1438397,dermoscopic,BKL
ISIC_0936650,IL_0210528,clinical: close-up,NV
ISIC_0937259,IL_9255472,clinical: close-up,BCC
ISIC_0937410,IL_6110349,clinical: close-up,BCC
ISIC_0938645,IL_6156028,clinical: close-up,AKIEC
ISIC_0944241,IL_5251059,clinical: close-up,MEL
ISIC_0946795,IL_3115470,dermoscopic,SCCKA
ISIC_0948347,IL_0269822,clinical: close-up,SCCKA
ISIC_0949145,IL_1735552,clinical: close-up,INF
ISIC_0949430,IL_0520171,clinical: close-up,BKL
ISIC_0950495,IL_1539562,dermoscopic,BKL
ISIC_0950931,IL_8495529,clinical: close-up,AKIEC
ISIC_0953324,IL_4647036,clinical: close-up,BCC
ISIC_0955754,IL_4377076,dermoscopic,SCCKA
ISIC_0956399,IL_5034134,dermoscopic,BCC
ISIC_0957094,IL_8252843,clinical: close-up,SCCKA
ISIC_0958356,IL_1313650,dermoscopic,SCCKA
ISIC_0958977,IL_0549669,dermoscopic,BCC
ISIC_0960754,IL_8256503,dermoscopic,BCC
ISIC_0962054,IL_4310932,dermoscopic,MEL
ISIC_0963883,IL_7213317,clinical: close-up,SCCKA
ISIC_0964556,IL_7490546,dermoscopic,BCC
ISIC_0965546,IL_2190163,dermoscopic,BKL
ISIC_0966559,IL_7368324,clinical: close-up,BCC
ISIC_0970615,IL_6665809,dermoscopic,AKIEC
ISIC_0971123,IL_3836010,dermoscopic,BCC
ISIC_0972110,IL_3968008,dermoscopic,BCC
ISIC_0973204,IL_4708897,clinical: close-up,BCC
ISIC_0974797,IL_6244969,dermoscopic,BCC
ISIC_0974866,IL_8908533,dermoscopic,BCC
ISIC_0975299,IL_4975498,clinical: close-up,BKL
ISIC_0975720,IL_4123354,clinical: close-up,SCCKA
ISIC_0976079,IL_8022344,clinical: close-up,BCC
ISIC_0979570,IL_7943940,dermoscopic,BCC
ISIC_0979678,IL_0513622,dermoscopic,BCC
ISIC_0981634,IL_8359695,clinical: close-up,NV
ISIC_0982924,IL_4534597,clinical: close-up,BCC
ISIC_0983974,IL_1904975,dermoscopic,NV
ISIC_0984507,IL_8384410,dermoscopic,SCCKA
ISIC_0986356,IL_2352772,clinical: close-up,NV
ISIC_0987080,IL_6010748,clinical: close-up,BCC
ISIC_0988479,IL_6975771,clinical: close-up,BKL
ISIC_0989126,IL_7173573,clinical: close-up,NV
ISIC_0990658,IL_5259261,clinical: close-up,BCC
ISIC_0990979,IL_5940346,clinical: close-up,BCC
ISIC_0991616,IL_3460639,dermoscopic,BKL
ISIC_0991989,IL_4377076,clinical: close-up,SCCKA
ISIC_0993424,IL_4610207,clinical: close-up,BCC
ISIC_0993471,IL_1866416,clinical: close-up,BCC
ISIC_1001492,IL_1468442,dermoscopic,SCCKA
ISIC_1002134,IL_6305058,dermoscopic,BCC
ISIC_1006010,IL_0033882,clinical: close-up,BCC
ISIC_1006415,IL_2487876,dermoscopic,BCC
ISIC_1006756,IL_3720458,dermoscopic,MEL
ISIC_1010358,IL_3544238,dermoscopic,NV
ISIC_1011069,IL_6552664,clinical: close-up,MEL
ISIC_1018753,IL_1860378,dermoscopic,BCC
ISIC_1019247,IL_2634845,clinical: close-up,BKL
ISIC_1019384,IL_8038657,dermoscopic,MEL
ISIC_1020628,IL_2623248,dermoscopic,BCC
ISIC_1021842,IL_1696405,clinical: close-up,NV
ISIC_1023707,IL_9158276,clinical: close-up,BCC
ISIC_1025034,IL_8193835,clinical: close-up,SCCKA
ISIC_1025100,IL_5022797,dermoscopic,NV
ISIC_1028789,IL_3772647,dermoscopic,BCC
ISIC_1029056,IL_1756405,dermoscopic,BCC
ISIC_1030228,IL_6222346,dermoscopic,BKL
ISIC_1032764,IL_6007498,clinical: close-up,BCC
ISIC_1033249,IL_0267094,dermoscopic,BCC
ISIC_1035863,IL_8247723,clinical: close-up,SCCKA
ISIC_1037712,IL_1026804,clinical: close-up,MEL
ISIC_1042270,IL_4567076,dermoscopic,BCC
ISIC_1044266,IL_5882687,dermoscopic,BCC
ISIC_1046103,IL_5278264,clinical: close-up,BKL
ISIC_1048496,IL_9446823,dermoscopic,SCCKA
ISIC_1050489,IL_9756229,clinical: close-up,BCC
ISIC_1052154,IL_6292784,clinical: close-up,MEL
ISIC_1052176,IL_9422892,clinical: close-up,NV
ISIC_1054751,IL_2373762,clinical: close-up,BKL
ISIC_1054971,IL_3087149,clinical: close-up,BKL
ISIC_1056095,IL_7464523,dermoscopic,SCCKA
ISIC_1058258,IL_0252336,clinical: close-up,MAL_OTH
ISIC_1058357,IL_2662966,clinical: close-up,BCC
ISIC_1058813,IL_4015357,clinical: close-up,BCC
ISIC_1059467,IL_1530235,clinical: close-up,BKL
ISIC_1061716,IL_6008739,dermoscopic,BCC
ISIC_1062335,IL_4174336,dermoscopic,AKIEC
ISIC_1063001,IL_1873116,dermoscopic,BCC
ISIC_1063241,IL_4149051,clinical: close-up,BCC
ISIC_1064441,IL_0317976,dermoscopic,BCC
ISIC_1066639,IL_4910941,clinical: close-up,BCC
ISIC_1069165,IL_0419934,dermoscopic,BCC
ISIC_1069584,IL_8419591,dermoscopic,BCC
ISIC_1069722,IL_3017961,dermoscopic,BCC
ISIC_1070485,IL_3859587,dermoscopic,BCC
ISIC_1070964,IL_4689658,dermoscopic,BKL
ISIC_1073412,IL_8602598,dermoscopic,BCC
ISIC_1074795,IL_8663536,dermoscopic,MEL
ISIC_1079378,IL_0926236,clinical: close-up,NV
ISIC_1083704,IL_5592337,dermoscopic,AKIEC
ISIC_1085321,IL_2899704,clinical: close-up,BCC
ISIC_1085608,IL_8075238,dermoscopic,BCC
ISIC_1085792,IL_6481065,dermoscopic,NV
ISIC_1086483,IL_3212052,clinical: close-up,NV
ISIC_1090102,IL_0125566,clinical: close-up,BCC
ISIC_1090300,IL_6007909,dermoscopic,BKL
ISIC_1090781,IL_1253074,dermoscopic,BCC
ISIC_1090794,IL_5055807,clinical: close-up,BCC
ISIC_1091183,IL_8040999,clinical: close-up,MEL
ISIC_1097732,IL_8604928,clinical: close-up,MEL
ISIC_1099402,IL_9983052,dermoscopic,AKIEC
ISIC_1099492,IL_8391202,clinical: close-up,BCC
ISIC_1102101,IL_1141738,dermoscopic,BCC
ISIC_1102915,IL_8937379,dermoscopic,BKL
ISIC_1105494,IL_2529122,dermoscopic,BCC
ISIC_1105520,IL_0479430,clinical: close-up,BCC
ISIC_1106208,IL_7329436,dermoscopic,BCC
ISIC_1107390,IL_2227380,clinical: close-up,NV
ISIC_1107534,IL_2582218,clinical: close-up,BCC
ISIC_1110074,IL_3593034,clinical: close-up,BCC
ISIC_1111101,IL_5780868,dermoscopic,BCC
ISIC_1111291,IL_4287532,dermoscopic,BKL
ISIC_1111477,IL_8991771,dermoscopic,SCCKA
ISIC_1111646,IL_5019289,clinical: close-up,BCC
ISIC_1113064,IL_4831805,clinical: close-up,AKIEC
ISIC_1115156,IL_3858708,dermoscopic,AKIEC
ISIC_1116303,IL_9453153,dermoscopic,MEL
ISIC_1119141,IL_7137624,clinical: close-up,SCCKA
ISIC_1119486,IL_6777208,clinical: close-up,AKIEC
ISIC_1123171,IL_3984556,clinical: close-up,BCC
ISIC_1124077,IL_5019289,dermoscopic,BCC
ISIC_1124387,IL_2095785,clinical: close-up,BCC
ISIC_1124994,IL_7367397,dermoscopic,BCC
ISIC_1126704,IL_5472522,clinical: close-up,BKL
ISIC_1129242,IL_1621058,clinical: close-up,MEL
ISIC_1129613,IL_5818628,dermoscopic,BCC
ISIC_1132361,IL_3316669,dermoscopic,BCC
ISIC_1134088,IL_2487876,clinical: close-up,BCC
ISIC_1134411,IL_8280553,clinical: close-up,BKL
ISIC_1135159,IL_5042712,dermoscopic,BCC
ISIC_1135277,IL_1510895,clinical: close-up,BCC
ISIC_1136259,IL_3754821,dermoscopic,SCCKA
ISIC_1136498,IL_8012977,dermoscopic,BKL
ISIC_1137894,IL_2751796,clinical: close-up,BCC
ISIC_1138088,IL_6550099,clinical: close-up,NV
ISIC_1138771,IL_9497630,clinical: close-up,BCC
ISIC_1140407,IL_0097757,clinical: close-up,BKL
ISIC_1142211,IL_9513930,dermoscopic,AKIEC
ISIC_1143783,IL_1891015,dermoscopic,SCCKA
ISIC_1146500,IL_0971210,clinical: close-up,BCC
ISIC_1148803,IL_8918323,clinical: close-up,BKL
ISIC_1150454,IL_1339596,dermoscopic,BKL
ISIC_1151059,IL_3709940,dermoscopic,MEL
ISIC_1152260,IL_2992485,clinical: close-up,AKIEC
ISIC_1154162,IL_7885179,dermoscopic,BKL
ISIC_1154405,IL_1141738,clinical: close-up,BCC
ISIC_1156729,IL_4164624,dermoscopic,BCC
ISIC_1157338,IL_7136276,clinical: close-up,AKIEC
ISIC_1157692,IL_4455323,clinical: close-up,AKIEC
ISIC_1159427,IL_8675438,dermoscopic,BCC
ISIC_1160092,IL_9714463,clinical: close-up,BCC
ISIC_1160288,IL_1701401,dermoscopic,SCCKA
ISIC_1161165,IL_7749892,clinical: close-up,DF
ISIC_1163119,IL_3545610,dermoscopic,AKIEC
ISIC_1163815,IL_7487058,dermoscopic,BCC
ISIC_1166088,IL_2513710,dermoscopic,BCC
ISIC_1167183,IL_7621728,clinical: close-up,MEL
ISIC_1170330,IL_3711784,dermoscopic,BCC
ISIC_1170971,IL_2663991,clinical: close-up,SCCKA
ISIC_1171609,IL_3673925,clinical: close-up,NV
ISIC_1171731,IL_3099616,dermoscopic,BCC
ISIC_1175016,IL_0285359,clinical: close-up,SCCKA
ISIC_1176222,IL_1918702,clinical: close-up,BCC
ISIC_1176236,IL_5691794,dermoscopic,BCC
ISIC_1176359,IL_8604749,clinical: close-up,AKIEC
ISIC_1177346,IL_3203349,clinical: close-up,BCC
ISIC_1179663,IL_8296810,clinical: close-up,BCC
ISIC_1182747,IL_7224392,dermoscopic,BCC
ISIC_1184775,IL_3355699,dermoscopic,MEL
ISIC_1186941,IL_4843671,clinical: close-up,BCC
ISIC_1189166,IL_6352600,clinical: close-up,BCC
ISIC_1189485,IL_9420011,dermoscopic,BCC
ISIC_1190372,IL_1680101,dermoscopic,NV
ISIC_1191914,IL_4003805,clinical: close-up,BCC
ISIC_1192068,IL_6248025,dermoscopic,BKL
ISIC_1192517,IL_2610078,clinical: close-up,BCC
ISIC_1192919,IL_6244969,clinical: close-up,BCC
ISIC_1194209,IL_4729044,clinical: close-up,BCC
ISIC_1195811,IL_4337427,dermoscopic,BKL
ISIC_1198104,IL_8423250,clinical: close-up,AKIEC
ISIC_1199167,IL_8713171,dermoscopic,BCC
ISIC_1199576,IL_5071813,clinical: close-up,BKL
ISIC_1200835,IL_2211559,clinical: close-up,BCC
ISIC_1205427,IL_9886374,dermoscopic,BCC
ISIC_1206880,IL_1930968,dermoscopic,NV
ISIC_1208071,IL_8893510,dermoscopic,AKIEC
ISIC_1209022,IL_1366322,dermoscopic,BCC
ISIC_1210329,IL_9649678,dermoscopic,BCC
ISIC_1212608,IL_8175900,dermoscopic,BKL
ISIC_1215920,IL_3295826,dermoscopic,BKL
ISIC_1217694,IL_8824711,dermoscopic,BCC
ISIC_1218465,IL_3340189,clinical: close-up,BCC
ISIC_1219190,IL_4621496,dermoscopic,BCC
ISIC_1219741,IL_6106772,clinical: close-up,NV
ISIC_1222561,IL_8277688,dermoscopic,BKL
ISIC_1223850,IL_0127859,clinical: close-up,NV
ISIC_1224887,IL_3447838,clinical: close-up,BKL
ISIC_1225203,IL_9608205,clinical: close-up,SCCKA
ISIC_1225678,IL_0017483,dermoscopic,BKL
ISIC_1230865,IL_0064763,dermoscopic,SCCKA
ISIC_1231719,IL_2228009,dermoscopic,NV
ISIC_1232023,IL_9156080,clinical: close-up,BCC
ISIC_1237960,IL_1300657,dermoscopic,BCC
ISIC_1240854,IL_3770255,clinical: close-up,MEL
ISIC_1241018,IL_9826846,dermoscopic,NV
ISIC_1241916,IL_4088616,dermoscopic,BCC
ISIC_1242474,IL_8001896,dermoscopic,BCC
ISIC_1242913,IL_6691831,clinical: close-up,BCC
ISIC_1243858,IL_9755525,dermoscopic,BKL
ISIC_1243982,IL_0773095,clinical: close-up,BCC
ISIC_1244450,IL_8885600,clinical: close-up,BCC
ISIC_1249178,IL_6889294,clinical: close-up,NV
ISIC_1249375,IL_3366376,clinical: close-up,BKL
ISIC_1255617,IL_1994258,clinical: close-up,BCC
ISIC_1260636,IL_4262969,dermoscopic,SCCKA
ISIC_1261497,IL_4446181,clinical: close-up,MEL
ISIC_1261731,IL_2729138,dermoscopic,BCC
ISIC_1262493,IL_8067499,clinical: close-up,BCC
ISIC_1262809,IL_0948841,clinical: close-up,BCC
ISIC_1268914,IL_2778594,clinical: close-up,BCC
ISIC_1272082,IL_0534902,clinical: close-up,BCC
ISIC_1275047,IL_8630897,clinical: close-up,BKL
ISIC_1276558,IL_7985046,dermoscopic,BCC
ISIC_1280046,IL_2201077,dermoscopic,NV
ISIC_1281398,IL_0441589,dermoscopic,AKIEC
ISIC_1281967,IL_5365301,dermoscopic,BCC
ISIC_1282117,IL_1151731,clinical: close-up,BCC
ISIC_1283766,IL_6629928,dermoscopic,NV
ISIC_1284470,IL_2461087,dermoscopic,NV
ISIC_1285798,IL_3236486,dermoscopic,MEL
ISIC_1285909,IL_3248471,dermoscopic,BCC
ISIC_1286685,IL_8007348,clinical: close-up,BCC
ISIC_1287935,IL_8375718,clinical: close-up,BCC
ISIC_1291833,IL_0256138,dermoscopic,NV
ISIC_1293046,IL_6926663,clinical: close-up,BKL
ISIC_1298204,IL_8538421,clinical: close-up,BCC
ISIC_1300480,IL_5917369,clinical: close-up,BCC
ISIC_1301371,IL_0541987,clinical: close-up,BCC
ISIC_1307470,IL_4793144,dermoscopic,BCC
ISIC_1308871,IL_5340506,clinical: close-up,BCC
ISIC_1309001,IL_5156328,dermoscopic,BCC
ISIC_1309626,IL_9367787,dermoscopic,BCC
ISIC_1310746,IL_9756229,dermoscopic,BCC
ISIC_1311673,IL_9801115,clinical: close-up,SCCKA
ISIC_1313208,IL_9404638,dermoscopic,BCC
ISIC_1315894,IL_2291869,clinical: close-up,BKL
ISIC_1316170,IL_2163482,clinical: close-up,BCC
ISIC_1316256,IL_4682786,clinical: close-up,BCC
ISIC_1318325,IL_4358287,dermoscopic,BCC
ISIC_1320525,IL_6259285,dermoscopic,BKL
ISIC_1322016,IL_9579580,clinical: close-up,MEL
ISIC_1322802,IL_9974051,dermoscopic,BCC
ISIC_1325383,IL_5118297,dermoscopic,BCC
ISIC_1325809,IL_1799297,clinical: close-up,MEL
ISIC_1326092,IL_8890453,dermoscopic,NV
ISIC_1327315,IL_7514466,dermoscopic,BCC
ISIC_1329019,IL_7070259,dermoscopic,BCC
ISIC_1330625,IL_9035179,clinical: close-up,AKIEC
ISIC_1331527,IL_1848853,clinical: close-up,MEL
ISIC_1332174,IL_2771122,clinical: close-up,BKL
ISIC_1332797,IL_8461776,clinical: close-up,BCC
ISIC_1338257,IL_2811473,clinical: close-up,MEL
ISIC_1338697,IL_1085478,dermoscopic,AKIEC
ISIC_1338973,IL_2134316,clinical: close-up,BCC
ISIC_1339166,IL_3289221,clinical: close-up,AKIEC
ISIC_1339797,IL_3327955,clinical: close-up,INF
ISIC_1341677,IL_1993303,dermoscopic,BCC
ISIC_1342857,IL_3439844,dermoscopic,DF
ISIC_1343499,IL_1833955,dermoscopic,MEL
ISIC_1344587,IL_7148774,dermoscopic,BCC
ISIC_1345175,IL_3916438,clinical: close-up,NV
ISIC_1346199,IL_2483019,clinical: close-up,BCC
ISIC_1347520,IL_1024813,clinical: close-up,SCCKA
ISIC_1347581,IL_0030541,dermoscopic,BCC
ISIC_1348618,IL_8073547,clinical: close-up,BKL
ISIC_1350051,IL_0828910,dermoscopic,BCC
ISIC_1352448,IL_4384125,clinical: close-up,BCC
ISIC_1353980,IL_1749163,clinical: close-up,BCC
ISIC_1355713,IL_2057238,clinical: close-up,SCCKA
ISIC_1357348,IL_0758142,clinical: close-up,BCC
ISIC_1364975,IL_9120764,dermoscopic,BCC
ISIC_1365576,IL_4975498,dermoscopic,BKL
ISIC_1367228,IL_8022515,clinical: close-up,BCC
ISIC_1370640,IL_4177354,dermoscopic,BCC
ISIC_1373525,IL_8449031,dermoscopic,SCCKA
ISIC_1373637,IL_1277363,dermoscopic,BCC
ISIC_1374683,IL_1013534,clinical: close-up,VASC
ISIC_1375082,IL_9439533,dermoscopic,BCC
ISIC_1375994,IL_6962518,dermoscopic,BKL
ISIC_1376581,IL_9209914,dermoscopic,NV
ISIC_1376673,IL_5954989,dermoscopic,SCCKA
ISIC_1376922,IL_2986546,clinical: close-up,BCC
ISIC_1377073,IL_7581043,clinical: close-up,BEN_OTH
ISIC_1379718,IL_2720879,clinical: close-up,BCC
ISIC_1382049,IL_5078787,clinical: close-up,BCC
ISIC_1385452,IL_3581501,dermoscopic,BCC
ISIC_1385649,IL_5396627,clinical: close-up,MEL
ISIC_1386079,IL_7199069,clinical: close-up,BCC
ISIC_1386264,IL_7653735,dermoscopic,BCC
ISIC_1386630,IL_1512724,clinical: close-up,NV
ISIC_1393233,IL_3366115,dermoscopic,BKL
ISIC_1393721,IL_5606298,dermoscopic,BKL
ISIC_1396159,IL_9130306,dermoscopic,NV
ISIC_1396973,IL_9067447,clinical: close-up,AKIEC
ISIC_1398271,IL_8903764,clinical: close-up,AKIEC
ISIC_1399132,IL_3663499,clinical: close-up,BCC
ISIC_1403739,IL_0333209,dermoscopic,BKL
ISIC_1405142,IL_6335975,clinical: close-up,BCC
ISIC_1405571,IL_0313389,dermoscopic,BCC
ISIC_1408694,IL_4269684,dermoscopic,SCCKA
ISIC_1408695,IL_1030040,dermoscopic,NV
ISIC_1409004,IL_1393794,dermoscopic,BCC
ISIC_1409513,IL_6157521,clinical: close-up,BKL
ISIC_1411639,IL_8186190,clinical: close-up,BCC
ISIC_1416314,IL_8500465,dermoscopic,BCC
ISIC_1417674,IL_9701930,dermoscopic,BCC
ISIC_1420953,IL_8053107,dermoscopic,BCC
ISIC_1421371,IL_0552883,dermoscopic,BCC
ISIC_1424240,IL_6900005,dermoscopic,SCCKA
ISIC_1424339,IL_9086913,clinical: close-up,SCCKA
ISIC_1424951,IL_7216660,clinical: close-up,NV
ISIC_1427974,IL_6128899,dermoscopic,BCC
ISIC_1428490,IL_2006449,dermoscopic,BCC
ISIC_1428662,IL_8224521,clinical: close-up,SCCKA
ISIC_1430231,IL_0780596,dermoscopic,BKL
ISIC_1430481,IL_7216660,dermoscopic,NV
ISIC_1431170,IL_4310932,clinical: close-up,MEL
ISIC_1431910,IL_2477407,clinical: close-up,BCC
ISIC_1432182,IL_5975500,clinical: close-up,SCCKA
ISIC_1432273,IL_1482319,clinical: close-up,BCC
ISIC_1432476,IL_0172774,clinical: close-up,BKL
ISIC_1433868,IL_0633979,clinical: close-up,BCC
ISIC_1435734,IL_2598820,clinical: close-up,MEL
ISIC_1435977,IL_9980498,dermoscopic,BKL
ISIC_1441135,IL_4084018,clinical: close-up,BCC
ISIC_1441409,IL_7760454,clinical: close-up,BCC
ISIC_1441997,IL_1804750,clinical: close-up,AKIEC
ISIC_1445991,IL_2870960,clinical: close-up,NV
ISIC_1446269,IL_7437846,dermoscopic,BCC
ISIC_1446565,IL_4790851,dermoscopic,AKIEC
ISIC_1447403,IL_6294894,clinical: close-up,NV
ISIC_1447471,IL_4421569,clinical: close-up,BCC
ISIC_1447974,IL_8955960,clinical: close-up,BCC
ISIC_1448081,IL_5941345,clinical: close-up,BCC
ISIC_1455660,IL_1658282,dermoscopic,BCC
ISIC_1457973,IL_0843327,dermoscopic,BCC
ISIC_1460132,IL_7052424,dermoscopic,NV
ISIC_1460872,IL_8509050,dermoscopic,BCC
ISIC_1462492,IL_1569644,dermoscopic,BCC
ISIC_1465068,IL_4186953,dermoscopic,SCCKA
ISIC_1465204,IL_1994258,dermoscopic,BCC
ISIC_1468180,IL_2292995,clinical: close-up,BCC
ISIC_1468332,IL_3141578,dermoscopic,NV
ISIC_1472142,IL_0583192,dermoscopic,AKIEC
ISIC_1472958,IL_0336381,dermoscopic,NV
ISIC_1473683,IL_2386676,dermoscopic,NV
ISIC_1473845,IL_8601984,clinical: close-up,NV
ISIC_1476780,IL_4186726,clinical: close-up,NV
ISIC_1476847,IL_7818452,clinical: close-up,NV
ISIC_1477042,IL_7287548,dermoscopic,BCC
ISIC_1485174,IL_1057278,dermoscopic,BCC
ISIC_1485788,IL_5214298,dermoscopic,SCCKA
ISIC_1487636,IL_1207845,clinical: close-up,VASC
ISIC_1490894,IL_2721473,dermoscopic,MEL
ISIC_1492266,IL_1565112,clinical: close-up,BEN_OTH
ISIC_1492834,IL_8835996,clinical: close-up,NV
ISIC_1492844,IL_8626747,clinical: close-up,NV
ISIC_1494360,IL_1962885,clinical: close-up,MEL
ISIC_1494890,IL_5315129,clinical: close-up,BKL
ISIC_1495576,IL_3148978,dermoscopic,BCC
ISIC_1496714,IL_1572038,clinical: close-up,AKIEC
ISIC_1498924,IL_7728246,clinical: close-up,BKL
ISIC_1499717,IL_2495327,dermoscopic,BCC
ISIC_1500894,IL_9348044,clinical: close-up,BKL
ISIC_1502467,IL_2004753,dermoscopic,BCC
ISIC_1504993,IL_2315075,clinical: close-up,BCC
ISIC_1505022,IL_3288060,dermoscopic,BCC
ISIC_1505378,IL_2328480,dermoscopic,BCC
ISIC_1506683,IL_7402756,clinical: close-up,BCC
ISIC_1509648,IL_3593034,dermoscopic,BCC
ISIC_1513850,IL_7768823,dermoscopic,NV
ISIC_1517003,IL_2107598,dermoscopic,BKL
ISIC_1520820,IL_3160431,clinical: close-up,NV
ISIC_1521786,IL_4316147,clinical: close-up,BCC
ISIC_1526527,IL_2048295,dermoscopic,NV
ISIC_1529132,IL_4041847,dermoscopic,MEL
ISIC_1532756,IL_6475801,clinical: close-up,BCC
ISIC_1534516,IL_8211957,clinical: close-up,BCC
ISIC_1535158,IL_3201374,clinical: close-up,BCC
ISIC_1536385,IL_9313247,dermoscopic,BCC
ISIC_1536397,IL_0717553,dermoscopic,NV
ISIC_1537733,IL_3154330,clinical: close-up,SCCKA
ISIC_1538266,IL_9233957,dermoscopic,BCC
ISIC_1538553,IL_3770255,dermoscopic,MEL
ISIC_1541840,IL_3858300,dermoscopic,BKL
ISIC_1544622,IL_3935951,dermoscopic,NV
ISIC_1549163,IL_4577281,dermoscopic,BKL
ISIC_1550198,IL_8434747,dermoscopic,BCC
ISIC_1552060,IL_0183140,dermoscopic,BCC
ISIC_1552276,IL_5857209,dermoscopic,NV
ISIC_1552944,IL_4258964,clinical: close-up,BEN_OTH
ISIC_1556154,IL_5026579,dermoscopic,SCCKA
ISIC_1557842,IL_1564314,clinical: close-up,BCC
ISIC_1557986,IL_1713775,dermoscopic,BCC
ISIC_1561841,IL_6361071,dermoscopic,BKL
ISIC_1564298,IL_7713960,dermoscopic,BCC
ISIC_1566328,IL_8129688,clinical: close-up,NV
ISIC_1567381,IL_1051456,dermoscopic,BCC
ISIC_1569303,IL_6155109,clinical: close-up,BCC
ISIC_1570827,IL_2095785,dermoscopic,BCC
ISIC_1573011,IL_3228956,clinical: close-up,BCC
ISIC_1575643,IL_1461373,clinical: close-up,BCC
ISIC_1576697,IL_3634935,clinical: close-up,NV
ISIC_1577177,IL_7070259,clinical: close-up,BCC
ISIC_1580971,IL_5941947,clinical: close-up,MEL
ISIC_1581919,IL_7528709,dermoscopic,BCC
ISIC_1583880,IL_6836759,clinical: close-up,BCC
ISIC_1584796,IL_5534472,clinical: close-up,BCC
ISIC_1585394,IL_3032174,clinical: close-up,DF
ISIC_1587418,IL_9775648,dermoscopic,NV
ISIC_1589705,IL_4186623,clinical: close-up,AKIEC
ISIC_1589936,IL_6806894,dermoscopic,BEN_OTH
ISIC_1591432,IL_0525024,dermoscopic,NV
ISIC_1592625,IL_5938594,clinical: close-up,BCC
ISIC_1593018,IL_2759218,dermoscopic,MEL
ISIC_1593079,IL_5842148,clinical: close-up,NV
ISIC_1594005,IL_2291153,dermoscopic,BCC
ISIC_1595205,IL_3732143,dermoscopic,BCC
ISIC_1598653,IL_5945948,clinical: close-up,SCCKA
ISIC_1598799,IL_9534602,dermoscopic,MEL
ISIC_1599277,IL_9590648,clinical: close-up,BCC
ISIC_1600135,IL_3366376,dermoscopic,BKL
ISIC_1603737,IL_5124334,dermoscopic,BCC
ISIC_1606234,IL_9130724,dermoscopic,MEL
ISIC_1606726,IL_3305378,dermoscopic,BCC
ISIC_1607939,IL_0333209,clinical: close-up,BKL
ISIC_1610084,IL_2448175,clinical: close-up,NV
ISIC_1612482,IL_5263349,dermoscopic,BKL
ISIC_1614480,IL_3170694,dermoscopic,SCCKA
ISIC_1615543,IL_4375054,clinical: close-up,SCCKA
ISIC_1616470,IL_3013731,dermoscopic,AKIEC
ISIC_1617856,IL_5240464,clinical: close-up,BKL
ISIC_1618649,IL_0620338,clinical: close-up,BCC
ISIC_1621625,IL_3492257,dermoscopic,BCC
ISIC_1621985,IL_7161164,clinical: close-up,NV
ISIC_1624532,IL_1242369,clinical: close-up,MEL
ISIC_1625882,IL_6580318,dermoscopic,BKL
ISIC_1627498,IL_8491993,dermoscopic,VASC
ISIC_1631867,IL_3102768,clinical: close-up,BCC
ISIC_1634592,IL_6172184,clinical: close-up,AKIEC
ISIC_1635697,IL_8357719,dermoscopic,BCC
ISIC_1636355,IL_7478637,dermoscopic,NV
ISIC_1636685,IL_9013946,clinical: close-up,MEL
ISIC_1642723,IL_8822249,dermoscopic,BCC
ISIC_1644500,IL_0075646,clinical: close-up,BCC
ISIC_1644843,IL_7244140,clinical: close-up,NV
ISIC_1645642,IL_3460639,clinical: close-up,BKL
ISIC_1646339,IL_1565112,dermoscopic,BEN_OTH
ISIC_1649393,IL_1758628,clinical: close-up,BKL
ISIC_1649481,IL_8854625,dermoscopic,BCC
ISIC_1649554,IL_7675373,dermoscopic,NV
ISIC_1652393,IL_2308802,dermoscopic,BCC
ISIC_1653953,IL_1405890,dermoscopic,MEL
ISIC_1656238,IL_6118153,clinical: close-up,NV
ISIC_1656295,IL_3154103,dermoscopic,NV
ISIC_1656419,IL_3528206,clinical: close-up,INF
ISIC_1657319,IL_3383125,dermoscopic,BCC
ISIC_1657968,IL_6455280,clinical: close-up,BCC
ISIC_1658137,IL_8863823,dermoscopic,BCC
ISIC_1658514,IL_8419591,clinical: close-up,BCC
ISIC_1660394,IL_0115590,clinical: close-up,BCC
ISIC_1662993,IL_6491893,clinical: close-up,BCC
ISIC_1663532,IL_7631753,dermoscopic,BCC
ISIC_1665727,IL_6598167,dermoscopic,MAL_OTH
ISIC_1666328,IL_4935428,dermoscopic,AKIEC
ISIC_1667014,IL_2897531,dermoscopic,BCC
ISIC_1670166,IL_5499388,dermoscopic,BCC
ISIC_1672301,IL_8026752,clinical: close-up,NV
ISIC_1675235,IL_0199225,dermoscopic,BCC
ISIC_1675475,IL_4609448,dermoscopic,BCC
ISIC_1679242,IL_3721335,clinical: close-up,VASC
ISIC_1681382,IL_0976725,dermoscopic,BKL
ISIC_1683911,IL_3183232,dermoscopic,BCC
ISIC_1683950,IL_2150976,dermoscopic,BEN_OTH
ISIC_1684388,IL_0508901,clinical: close-up,BKL
ISIC_1686930,IL_2495796,clinical: close-up,BCC
ISIC_1689464,IL_5264196,clinical: close-up,NV
ISIC_1690729,IL_8459572,clinical: close-up,BCC
ISIC_1698570,IL_9767273,clinical: close-up,BCC
ISIC_1700566,IL_7487058,clinical: close-up,BCC
ISIC_1700723,IL_3884905,clinical: close-up,DF
ISIC_1700871,IL_3517038,dermoscopic,BKL
ISIC_1701846,IL_3236143,dermoscopic,BCC
ISIC_1701968,IL_4107565,dermoscopic,BCC
ISIC_1707452,IL_5235613,clinical: close-up,SCCKA
ISIC_1709796,IL_2416806,clinical: close-up,SCCKA
ISIC_1710948,IL_3787537,clinical: close-up,BCC
ISIC_1711017,IL_7353062,clinical: close-up,BKL
ISIC_1711494,IL_1538395,clinical: close-up,SCCKA
ISIC_1712861,IL_6607350,dermoscopic,NV
ISIC_1714093,IL_6093082,clinical: close-up,BCC
ISIC_1714713,IL_6480673,clinical: close-up,NV
ISIC_1715773,IL_9109267,dermoscopic,NV
ISIC_1718325,IL_5187817,clinical: close-up,BCC
ISIC_1718501,IL_4155975,dermoscopic,BCC
ISIC_1718779,IL_2751796,dermoscopic,BCC
ISIC_1720500,IL_2534024,dermoscopic,BCC
ISIC_1720538,IL_6217582,dermoscopic,SCCKA
ISIC_1721377,IL_5441408,clinical: close-up,BCC
ISIC_1721507,IL_2338679,dermoscopic,BCC
ISIC_1721747,IL_8822249,clinical: close-up,BCC
ISIC_1724838,IL_1274055,dermoscopic,DF
ISIC_1727258,IL_5614486,clinical: close-up,BCC
ISIC_1728615,IL_8145813,clinical: close-up,BEN_OTH
ISIC_1733416,IL_1641012,dermoscopic,NV
ISIC_1733540,IL_6528772,clinical: close-up,NV
ISIC_1738259,IL_4132996,clinical: close-up,MEL
ISIC_1738383,IL_7565291,dermoscopic,BCC
ISIC_1738482,IL_9727677,clinical: close-up,NV
ISIC_1739677,IL_7602662,clinical: close-up,BCC
ISIC_1740662,IL_0809191,clinical: close-up,NV
ISIC_1748084,IL_4528445,dermoscopic,MEL
ISIC_1749046,IL_8788883,dermoscopic,BKL
ISIC_1749481,IL_0541600,dermoscopic,AKIEC
ISIC_1751525,IL_3544238,clinical: close-up,NV
ISIC_1753112,IL_8578812,clinical: close-up,AKIEC
ISIC_1753599,IL_6236280,dermoscopic,BKL
ISIC_1756915,IL_0739777,dermoscopic,NV
ISIC_1757189,IL_2735586,dermoscopic,BKL
ISIC_1759311,IL_4339655,dermoscopic,BCC
ISIC_1761597,IL_0533923,dermoscopic,BCC
ISIC_1762147,IL_8366708,dermoscopic,MEL
ISIC_1763947,IL_1087504,dermoscopic,NV
ISIC_1764656,IL_7444227,dermoscopic,AKIEC
ISIC_1770277,IL_9171073,dermoscopic,BCC
ISIC_1771077,IL_5513291,clinical: close-up,BKL
ISIC_1771078,IL_2538872,clinical: close-up,BCC
ISIC_1772876,IL_3529171,clinical: close-up,SCCKA
ISIC_1773412,IL_3278541,clinical: close-up,BCC
ISIC_1774371,IL_5767772,dermoscopic,SCCKA
ISIC_1775540,IL_4186623,dermoscopic,AKIEC
ISIC_1779747,IL_6156218,clinical: close-up,MEL
ISIC_1780213,IL_4478741,dermoscopic,BCC
ISIC_1784132,IL_7151010,clinical: close-up,BKL
ISIC_1784261,IL_8312956,clinical: close-up,BCC
ISIC_1791571,IL_4269684,clinical: close-up,SCCKA
ISIC_1794713,IL_9485180,dermoscopic,BCC
ISIC_1795097,IL_1332909,dermoscopic,AKIEC
ISIC_1796015,IL_3070568,dermoscopic,BCC
ISIC_1797900,IL_9276974,dermoscopic,BCC
ISIC_1798918,IL_4907068,clinical: close-up,BCC
ISIC_1799338,IL_0281880,dermoscopic,BCC
ISIC_1799713,IL_6316014,clinical: close-up,NV
ISIC_1800713,IL_4419075,dermoscopic,BCC
ISIC_1801591,IL_5941947,dermoscopic,MEL
ISIC_1803069,IL_5437959,dermoscopic,VASC
ISIC_1804844,IL_0697844,dermoscopic,BCC
ISIC_1805429,IL_9372364,dermoscopic,BKL
ISIC_1806373,IL_1617304,dermoscopic,BCC
ISIC_1807046,IL_4745332,clinical: close-up,BKL
ISIC_1807060,IL_4597676,dermoscopic,BCC
ISIC_1807722,IL_6528074,clinical: close-up,BCC
ISIC_1810342,IL_5764702,dermoscopic,BCC
ISIC_1812439,IL_0246803,clinical: close-up,BCC
ISIC_1813785,IL_5358454,dermoscopic,NV
ISIC_1815891,IL_0793440,dermoscopic,NV
ISIC_1816917,IL_8188380,dermoscopic,BCC
ISIC_1818377,IL_5513291,dermoscopic,BKL
ISIC_1820380,IL_9449213,clinical: close-up,BCC
ISIC_1821539,IL_1569334,dermoscopic,NV
ISIC_1822355,IL_5236247,dermoscopic,BKL
ISIC_1825802,IL_9604741,clinical: close-up,BCC
ISIC_1826131,IL_1888715,clinical: close-up,BKL
ISIC_1826258,IL_9513930,clinical: close-up,AKIEC
ISIC_1826564,IL_1557433,dermoscopic,BCC
ISIC_1826997,IL_1293524,clinical: close-up,BCC
ISIC_1827820,IL_7633169,clinical: close-up,BKL
ISIC_1828351,IL_9482395,dermoscopic,MEL
ISIC_1828562,IL_6528772,dermoscopic,NV
ISIC_1830925,IL_9998211,clinical: close-up,NV
ISIC_1831934,IL_6655417,dermoscopic,NV
ISIC_1832787,IL_2869334,dermoscopic,BKL
ISIC_1833069,IL_5434909,dermoscopic,BCC
ISIC_1840506,IL_4656673,dermoscopic,BCC
ISIC_1841456,IL_3420465,clinical: close-up,BKL
ISIC_1841990,IL_3453159,clinical: close-up,BCC
ISIC_1843036,IL_0322831,clinical: close-up,BCC
ISIC_1843399,IL_5270623,dermoscopic,BCC
ISIC_1844015,IL_2760690,dermoscopic,BCC
ISIC_1844525,IL_7923672,clinical: close-up,MEL
ISIC_1845922,IL_8984570,dermoscopic,MEL
ISIC_1849076,IL_5844745,clinical: close-up,MEL
ISIC_1856136,IL_3044771,clinical: close-up,BCC
ISIC_1858368,IL_6135781,clinical: close-up,BCC
ISIC_1858790,IL_0819034,clinical: close-up,MEL
ISIC_1859150,IL_0751731,dermoscopic,BCC
ISIC_1859155,IL_5034134,clinical: close-up,BCC
ISIC_1859626,IL_1077349,dermoscopic,NV
ISIC_1860202,IL_8423250,dermoscopic,AKIEC
ISIC_1861788,IL_8717569,dermoscopic,NV
ISIC_1862003,IL_6234937,clinical: close-up,BCC
ISIC_1862304,IL_9402270,clinical: close-up,AKIEC
ISIC_1862412,IL_9523157,clinical: close-up,BCC
ISIC_1869252,IL_7331633,clinical: close-up,INF
ISIC_1874410,IL_0039324,dermoscopic,BCC
ISIC_1881240,IL_9249618,dermoscopic,NV
ISIC_1883913,IL_3566377,clinical: close-up,BKL
ISIC_1884126,IL_8212367,dermoscopic,SCCKA
ISIC_1884813,IL_5611087,clinical: close-up,SCCKA
ISIC_1887299,IL_9307518,dermoscopic,MEL
ISIC_1888829,IL_3395310,clinical: close-up,BCC
ISIC_1889858,IL_0076383,clinical: close-up,BKL
ISIC_1890998,IL_5369308,dermoscopic,BKL
ISIC_1892349,IL_9025368,dermoscopic,AKIEC
ISIC_1894633,IL_8266229,dermoscopic,BKL
ISIC_1895014,IL_1049569,clinical: close-up,BCC
ISIC_1895471,IL_0416544,dermoscopic,NV
ISIC_1897411,IL_3451729,clinical: close-up,BCC
ISIC_1900694,IL_5010876,clinical: close-up,AKIEC
ISIC_1901212,IL_3758218,dermoscopic,BCC
ISIC_1902287,IL_1407853,clinical: close-up,NV
ISIC_1903516,IL_4873661,dermoscopic,BCC
ISIC_1904822,IL_4022270,clinical: close-up,BCC
ISIC_1906798,IL_2082500,dermoscopic,BCC
ISIC_1906835,IL_5947209,dermoscopic,BCC
ISIC_1908460,IL_1558479,clinical: close-up,BKL
ISIC_1909053,IL_8659124,dermoscopic,MEL
ISIC_1909122,IL_4836988,clinical: close-up,BKL
ISIC_1915189,IL_3334554,clinical: close-up,MEL
ISIC_1916169,IL_3323231,dermoscopic,MEL
ISIC_1919712,IL_2791717,clinical: close-up,NV
ISIC_1923354,IL_0203872,dermoscopic,MEL
ISIC_1926542,IL_4383130,clinical: close-up,BCC
ISIC_1927934,IL_3451729,dermoscopic,BCC
ISIC_1929529,IL_2860298,dermoscopic,BCC
ISIC_1932860,IL_3930642,clinical: close-up,BCC
ISIC_1934403,IL_7164412,clinical: close-up,SCCKA
ISIC_1936494,IL_8713171,clinical: close-up,BCC
ISIC_1937581,IL_5315129,dermoscopic,BKL
ISIC_1940714,IL_8998802,dermoscopic,AKIEC
ISIC_1943368,IL_5066436,clinical: close-up,BKL
ISIC_1947192,IL_4580726,dermoscopic,BCC
ISIC_1947250,IL_1272170,clinical: close-up,BCC
ISIC_1948728,IL_2875964,dermoscopic,BCC
ISIC_1948930,IL_8177538,clinical: close-up,SCCKA
ISIC_1949396,IL_1209024,clinical: close-up,BCC
ISIC_1949643,IL_6226671,dermoscopic,BCC
ISIC_1950578,IL_7348404,clinical: close-up,BCC
ISIC_1951029,IL_4504352,clinical: close-up,BCC
ISIC_1952689,IL_5974480,clinical: close-up,BCC
ISIC_1953687,IL_9166161,dermoscopic,NV
ISIC_1954450,IL_0247404,dermoscopic,BKL
ISIC_1955839,IL_3225155,clinical: close-up,NV
ISIC_1957687,IL_5795574,clinical: close-up,AKIEC
ISIC_1958596,IL_3754821,clinical: close-up,SCCKA
ISIC_1958975,IL_2994581,clinical: close-up,BCC
ISIC_1959902,IL_9483731,dermoscopic,BCC
ISIC_1960660,IL_3239005,dermoscopic,SCCKA
ISIC_1961823,IL_4793144,clinical: close-up,BCC
ISIC_1962329,IL_3853188,dermoscopic,DF
ISIC_1963504,IL_1020269,clinical: close-up,BCC
ISIC_1963610,IL_0443396,dermoscopic,BKL
ISIC_1966383,IL_1623659,dermoscopic,BCC
ISIC_1967763,IL_7443254,clinical: close-up,BCC
ISIC_1969306,IL_0688391,dermoscopic,BCC
ISIC_1970255,IL_5900922,dermoscopic,NV
ISIC_1970988,IL_0625469,dermoscopic,MEL
ISIC_1971219,IL_5111360,clinical: close-up,BCC
ISIC_1973292,IL_4358287,clinical: close-up,BCC
ISIC_1980584,IL_2753111,dermoscopic,SCCKA
ISIC_1982635,IL_0820798,dermoscopic,AKIEC
ISIC_1983761,IL_8660536,dermoscopic,BKL
ISIC_1984602,IL_7204368,dermoscopic,BCC
ISIC_1985350,IL_4873661,clinical: close-up,BCC
ISIC_1986655,IL_8625871,dermoscopic,BCC
ISIC_1987185,IL_1002499,dermoscopic,BKL
ISIC_1990622,IL_6152356,dermoscopic,AKIEC
ISIC_1991989,IL_6506756,dermoscopic,NV
ISIC_1992999,IL_5534064,clinical: close-up,NV
ISIC_1993005,IL_2755803,dermoscopic,BCC
ISIC_1994938,IL_4668896,clinical: close-up,BCC
ISIC_1996485,IL_3067885,dermoscopic,VASC
ISIC_1997944,IL_4258234,clinical: close-up,AKIEC
ISIC_1997951,IL_7657501,dermoscopic,BCC
ISIC_1999475,IL_5160108,dermoscopic,BCC
ISIC_1999632,IL_6654419,dermoscopic,AKIEC
ISIC_1999829,IL_5092028,dermoscopic,AKIEC
ISIC_2001379,IL_2477407,dermoscopic,BCC
ISIC_2005096,IL_3154962,clinical: close-up,MEL
ISIC_2005939,IL_7719893,clinical: close-up,BCC
ISIC_2011159,IL_4571901,dermoscopic,BCC
ISIC_2012204,IL_7001999,clinical: close-up,BKL
ISIC_2013192,IL_2590916,dermoscopic,BCC
ISIC_2014762,IL_5391929,clinical: close-up,BCC
ISIC_2014865,IL_6439153,dermoscopic,BCC
ISIC_2014930,IL_9378068,clinical: close-up,BCC
ISIC_2015391,IL_4180169,clinical: close-up,BKL
ISIC_2015432,IL_9926530,clinical: close-up,NV
ISIC_2019971,IL_0177781,clinical: close-up,BCC
ISIC_2020122,IL_7319157,dermoscopic,BCC
ISIC_2020398,IL_5753278,dermoscopic,BCC
ISIC_2020975,IL_4504352,dermoscopic,BCC
ISIC_2021937,IL_5818163,clinical: close-up,AKIEC
ISIC_2024217,IL_5153554,dermoscopic,BCC
ISIC_2025072,IL_3531098,clinical: close-up,SCCKA
ISIC_2025477,IL_4954108,clinical: close-up,NV
ISIC_2026805,IL_3147043,clinical: close-up,MEL
ISIC_2026823,IL_1732835,clinical: close-up,SCCKA
ISIC_2027374,IL_8177538,dermoscopic,SCCKA
ISIC_2030005,IL_9843383,dermoscopic,NV
ISIC_2031105,IL_3818681,dermoscopic,SCCKA
ISIC_2031186,IL_8169516,clinical: close-up,BEN_OTH
ISIC_2031349,IL_5557985,dermoscopic,NV
ISIC_2033119,IL_8511602,clinical: close-up,BEN_OTH
ISIC_2033309,IL_1647212,clinical: close-up,BCC
ISIC_2036804,IL_9978605,dermoscopic,BCC
ISIC_2036909,IL_6192656,dermoscopic,BCC
ISIC_2039556,IL_6907035,dermoscopic,AKIEC
ISIC_2044054,IL_4088616,clinical: close-up,BCC
ISIC_2046323,IL_8642808,dermoscopic,BCC
ISIC_2048164,IL_7633169,dermoscopic,BKL
ISIC_2048857,IL_7795758,dermoscopic,NV
ISIC_2049002,IL_5260419,dermoscopic,SCCKA
ISIC_2049806,IL_9349651,dermoscopic,BCC
ISIC_2054135,IL_9471694,dermoscopic,BCC
ISIC_2054940,IL_2696717,dermoscopic,BCC
ISIC_2055021,IL_4805155,clinical: close-up,NV
ISIC_2060638,IL_2484689,clinical: close-up,BKL
ISIC_2061756,IL_3686069,dermoscopic,NV
ISIC_2062148,IL_7288279,dermoscopic,BCC
ISIC_2062545,IL_7071169,clinical: close-up,AKIEC
ISIC_2064223,IL_4781957,clinical: close-up,BKL
ISIC_2068038,IL_5120662,dermoscopic,BCC
ISIC_2070457,IL_5492781,clinical: close-up,BCC
ISIC_2075270,IL_0478120,clinical: close-up,SCCKA
ISIC_2076601,IL_0106759,clinical: close-up,DF
ISIC_2078396,IL_7982097,dermoscopic,BCC
ISIC_2078548,IL_6352685,clinical: close-up,BCC
ISIC_2080317,IL_7943940,clinical: close-up,BCC
ISIC_2083813,IL_2797829,clinical: close-up,BKL
ISIC_2085484,IL_0183140,clinical: close-up,BCC
ISIC_2086625,IL_5114934,dermoscopic,AKIEC
ISIC_2087207,IL_6135781,dermoscopic,BCC
ISIC_2087722,IL_9264602,dermoscopic,SCCKA
ISIC_2089740,IL_0807390,clinical: close-up,MEL
ISIC_2091809,IL_9313120,clinical: close-up,BCC
ISIC_2093906,IL_1287592,dermoscopic,AKIEC
ISIC_2094944,IL_2484689,dermoscopic,BKL
ISIC_2097701,IL_5114359,dermoscopic,SCCKA
ISIC_2098382,IL_5455457,dermoscopic,NV
ISIC_2100652,IL_4354800,dermoscopic,NV
ISIC_2100757,IL_1263439,dermoscopic,NV
ISIC_2100961,IL_2233251,dermoscopic,VASC
ISIC_2102002,IL_1778367,dermoscopic,BCC
ISIC_2105399,IL_0336381,clinical: close-up,NV
ISIC_2106139,IL_5930437,dermoscopic,NV
ISIC_2106983,IL_4305709,dermoscopic,NV
ISIC_2110451,IL_6481233,dermoscopic,BKL
ISIC_2111264,IL_5853973,clinical: close-up,BCC
ISIC_2113163,IL_8608497,clinical: close-up,NV
ISIC_2114322,IL_7072256,clinical: close-up,AKIEC
ISIC_2114789,IL_1744023,clinical: close-up,AKIEC
ISIC_2116783,IL_1608050,dermoscopic,BCC
ISIC_2118898,IL_8057179,clinical: close-up,SCCKA
ISIC_2119364,IL_8429143,dermoscopic,NV
ISIC_2119936,IL_2317693,dermoscopic,NV
ISIC_2120680,IL_8659124,clinical: close-up,MEL
ISIC_2120971,IL_8244033,dermoscopic,SCCKA
ISIC_2121573,IL_8675438,clinical: close-up,BCC
ISIC_2122406,IL_6481536,clinical: close-up,NV
ISIC_2122841,IL_5766493,dermoscopic,BCC
ISIC_2126637,IL_7488705,dermoscopic,MAL_OTH
ISIC_2127883,IL_9758278,dermoscopic,BCC
ISIC_2128070,IL_5451589,dermoscopic,SCCKA
ISIC_2131769,IL_6169727,dermoscopic,SCCKA
ISIC_2132224,IL_8562069,clinical: close-up,BCC
ISIC_2132766,IL_5206123,dermoscopic,SCCKA
ISIC_2133291,IL_8657794,clinical: close-up,SCCKA
ISIC_2134211,IL_9072038,dermoscopic,BCC
ISIC_2137894,IL_2651247,clinical: close-up,MEL
ISIC_2144270,IL_9379939,dermoscopic,SCCKA
ISIC_2146757,IL_6156024,dermoscopic,BCC
ISIC_2148749,IL_8890308,clinical: close-up,SCCKA
ISIC_2149284,IL_3039363,clinical: close-up,BCC
ISIC_2153011,IL_4891045,dermoscopic,BCC
ISIC_2156824,IL_5857700,clinical: close-up,SCCKA
ISIC_2160112,IL_9921206,clinical: close-up,BKL
ISIC_2160854,IL_2218203,dermoscopic,BCC
ISIC_2162606,IL_6427122,dermoscopic,MEL
ISIC_2163581,IL_4126361,clinical: close-up,BCC
ISIC_2164257,IL_5162996,clinical: close-up,BCC
ISIC_2164571,IL_6507305,dermoscopic,BCC
ISIC_2167116,IL_8720951,clinical: close-up,BKL
ISIC_2167765,IL_8116058,clinical: close-up,AKIEC
ISIC_2168892,IL_0640013,dermoscopic,SCCKA
ISIC_2170617,IL_2521173,dermoscopic,NV
ISIC_2171027,IL_2687877,dermoscopic,BCC
ISIC_2174727,IL_1606661,dermoscopic,NV
ISIC_2175735,IL_5703544,dermoscopic,NV
ISIC_2175811,IL_3892399,dermoscopic,BCC
ISIC_2176321,IL_5087037,clinical: close-up,AKIEC
ISIC_2179705,IL_9565231,dermoscopic,MEL
ISIC_2180502,IL_4508203,clinical: close-up,AKIEC
ISIC_2181342,IL_8364095,dermoscopic,VASC
ISIC_2184033,IL_8124925,clinical: close-up,INF
ISIC_2184268,IL_8976985,dermoscopic,BCC
ISIC_2184629,IL_4674217,clinical: close-up,BCC
ISIC_2188105,IL_1139231,clinical: close-up,NV
ISIC_2193524,IL_4284690,dermoscopic,BCC
ISIC_2194211,IL_1693296,clinical: close-up,VASC
ISIC_2195775,IL_1882056,dermoscopic,MEL
ISIC_2196622,IL_7780651,clinical: close-up,BKL
ISIC_2199778,IL_2006449,clinical: close-up,BCC
ISIC_2202736,IL_8544444,dermoscopic,BCC
ISIC_2204119,IL_0610224,dermoscopic,SCCKA
ISIC_2204145,IL_9814557,clinical: close-up,BKL
ISIC_2205187,IL_6806231,dermoscopic,NV
ISIC_2205902,IL_5770532,dermoscopic,NV
ISIC_2211674,IL_9604741,dermoscopic,BCC
ISIC_2212095,IL_2372422,dermoscopic,NV
ISIC_2212922,IL_9086913,dermoscopic,SCCKA
ISIC_2213095,IL_8275439,clinical: close-up,BCC
ISIC_2214376,IL_1558479,dermoscopic,BKL
ISIC_2214696,IL_0228777,clinical: close-up,BCC
ISIC_2214827,IL_2759554,clinical: close-up,NV
ISIC_2215299,IL_5235613,dermoscopic,SCCKA
ISIC_2215472,IL_7894855,dermoscopic,AKIEC
ISIC_2215653,IL_2292995,dermoscopic,BCC
ISIC_2217722,IL_9143908,clinical: close-up,BCC
ISIC_2220505,IL_1427039,dermoscopic,MEL
ISIC_2221157,IL_3853188,clinical: close-up,DF
ISIC_2222551,IL_6788244,clinical: close-up,BCC
ISIC_2223344,IL_8717569,clinical: close-up,NV
ISIC_2226952,IL_6552855,clinical: close-up,BCC
ISIC_2226996,IL_5733908,clinical: close-up,MEL
ISIC_2228341,IL_0353074,dermoscopic,BCC
ISIC_2230113,IL_7232351,clinical: close-up,BCC
ISIC_2230159,IL_4879979,dermoscopic,BCC
ISIC_2233787,IL_6481065,clinical: close-up,NV
ISIC_2233970,IL_9122534,clinical: close-up,BCC
ISIC_2235918,IL_1264405,dermoscopic,NV
ISIC_2235964,IL_3876591,clinical: close-up,BCC
ISIC_2237025,IL_2134316,dermoscopic,BCC
ISIC_2240330,IL_7776622,dermoscopic,NV
ISIC_2240444,IL_7117904,clinical: close-up,BKL
ISIC_2243897,IL_6677993,clinical: close-up,NV
ISIC_2244475,IL_1827145,clinical: close-up,VASC
ISIC_2246301,IL_4310742,clinical: close-up,SCCKA
ISIC_2247564,IL_1480174,dermoscopic,BCC
ISIC_2248270,IL_0651741,clinical: close-up,BCC
ISIC_2252587,IL_1645941,dermoscopic,INF
ISIC_2255098,IL_5625000,dermoscopic,BCC
ISIC_2260553,IL_7021252,clinical: close-up,BCC
ISIC_2260865,IL_9639749,dermoscopic,BCC
ISIC_2260901,IL_8511602,dermoscopic,BEN_OTH
ISIC_2264421,IL_8993407,dermoscopic,BCC
ISIC_2268118,IL_6777208,dermoscopic,AKIEC
ISIC_2271068,IL_0542551,clinical: close-up,BKL
ISIC_2272478,IL_7068236,dermoscopic,BCC
ISIC_2273572,IL_3542015,dermoscopic,SCCKA
ISIC_2273629,IL_3837894,clinical: close-up,AKIEC
ISIC_2277641,IL_6606069,clinical: close-up,BCC
ISIC_2278278,IL_2200466,clinical: close-up,MEL
ISIC_2281577,IL_1559121,clinical: close-up,INF
ISIC_2283574,IL_9157797,dermoscopic,NV
ISIC_2284196,IL_4885468,dermoscopic,BKL
ISIC_2284535,IL_0185291,clinical: close-up,BKL
ISIC_2286311,IL_2591955,clinical: close-up,BCC
ISIC_2288200,IL_0928846,dermoscopic,BKL
ISIC_2288348,IL_6767312,dermoscopic,BCC
ISIC_2288726,IL_7361065,dermoscopic,BCC
ISIC_2288878,IL_3752602,clinical: close-up,BCC
ISIC_2288953,IL_2482896,clinical: close-up,DF
ISIC_2289203,IL_6658554,dermoscopic,BKL
ISIC_2292844,IL_3035506,clinical: close-up,NV
ISIC_2293783,IL_1641012,clinical: close-up,NV
ISIC_2298923,IL_8626747,dermoscopic,NV
ISIC_2299814,IL_2880261,clinical: close-up,BCC
ISIC_2301560,IL_5437959,clinical: close-up,VASC
ISIC_2302262,IL_1517338,dermoscopic,SCCKA
ISIC_2304241,IL_3082764,dermoscopic,NV
ISIC_2304788,IL_2803011,clinical: close-up,BKL
ISIC_2305541,IL_9013946,dermoscopic,MEL
ISIC_2306278,IL_8548746,dermoscopic,BCC
ISIC_2307898,IL_8339852,clinical: close-up,MEL
ISIC_2307999,IL_4325075,clinical: close-up,BKL
ISIC_2308599,IL_4316147,dermoscopic,BCC
ISIC_2311991,IL_8932098,dermoscopic,BCC
ISIC_2312468,IL_3672898,dermoscopic,BKL
ISIC_2313224,IL_6982257,clinical: close-up,BKL
ISIC_2314639,IL_3061699,clinical: close-up,MEL
ISIC_2314682,IL_9565456,dermoscopic,BCC
ISIC_2314908,IL_3180618,clinical: close-up,DF
ISIC_2315875,IL_4351446,clinical: close-up,BCC
ISIC_2319242,IL_2868879,dermoscopic,SCCKA
ISIC_2320067,IL_2171810,clinical: close-up,SCCKA
ISIC_2320914,IL_1021886,dermoscopic,BKL
ISIC_2321009,IL_1192220,dermoscopic,BCC
ISIC_2322021,IL_4061153,clinical: close-up,BCC
ISIC_2323046,IL_7424810,clinical: close-up,BCC
ISIC_2323653,IL_2601200,dermoscopic,BCC
ISIC_2324920,IL_7115746,dermoscopic,BCC
ISIC_2325423,IL_2328375,clinical: close-up,BCC
ISIC_2330723,IL_1355090,clinical: close-up,NV
ISIC_2332805,IL_8642808,clinical: close-up,BCC
ISIC_2334810,IL_7534180,dermoscopic,BCC
ISIC_2334974,IL_6296418,dermoscopic,BCC
ISIC_2335013,IL_2833309,dermoscopic,NV
ISIC_2337700,IL_4708649,dermoscopic,BCC
ISIC_2338396,IL_4255288,clinical: close-up,NV
ISIC_2338734,IL_6361071,clinical: close-up,BKL
ISIC_2340328,IL_7366789,clinical: close-up,BKL
ISIC_2340494,IL_8723146,dermoscopic,BKL
ISIC_2340822,IL_0428010,clinical: close-up,BKL
ISIC_2343149,IL_1515252,clinical: close-up,AKIEC
ISIC_2345535,IL_7842588,clinical: close-up,BKL
ISIC_2346201,IL_1950813,clinical: close-up,BCC
ISIC_2346672,IL_8258563,clinical: close-up,BKL
ISIC_2348044,IL_9364150,clinical: close-up,BCC
ISIC_2348795,IL_5842148,dermoscopic,NV
ISIC_2350590,IL_7488705,clinical: close-up,MAL_OTH
ISIC_2352071,IL_1739101,dermoscopic,BCC
ISIC_2353418,IL_2918897,dermoscopic,BCC
ISIC_2354975,IL_7974565,dermoscopic,BKL
ISIC_2355114,IL_1530235,dermoscopic,BKL
ISIC_2359396,IL_4312042,clinical: close-up,NV
ISIC_2360770,IL_7444377,clinical: close-up,BCC
ISIC_2361193,IL_0713847,clinical: close-up,NV
ISIC_2362668,IL_9018029,clinical: close-up,AKIEC
ISIC_2368224,IL_4109255,clinical: close-up,SCCKA
ISIC_2368450,IL_8767965,dermoscopic,AKIEC
ISIC_2368759,IL_2040993,clinical: close-up,BCC
ISIC_2370968,IL_5424289,dermoscopic,BCC
ISIC_2372269,IL_4258234,dermoscopic,AKIEC
ISIC_2372341,IL_5016629,dermoscopic,MEL
ISIC_2376934,IL_5940346,dermoscopic,BCC
ISIC_2377324,IL_6418149,dermoscopic,BCC
ISIC_2378355,IL_2234057,clinical: close-up,SCCKA
ISIC_2378919,IL_4537840,dermoscopic,SCCKA
ISIC_2380041,IL_7938649,dermoscopic,BCC
ISIC_2380836,IL_1517338,clinical: close-up,SCCKA
ISIC_2383380,IL_2483019,dermoscopic,BCC
ISIC_2387540,IL_2495796,dermoscopic,BCC
ISIC_2395293,IL_0848676,clinical: close-up,MEL
ISIC_2396618,IL_1445099,clinical: close-up,MEL
ISIC_2399021,IL_8158489,dermoscopic,BCC
ISIC_2407507,IL_0628495,clinical: close-up,NV
ISIC_2409346,IL_9312646,dermoscopic,SCCKA
ISIC_2410311,IL_3844274,dermoscopic,BCC
ISIC_2410902,IL_4613455,dermoscopic,NV
ISIC_2412335,IL_6390381,clinical: close-up,AKIEC
ISIC_2414850,IL_7663588,clinical: close-up,BCC
ISIC_2414931,IL_7224392,clinical: close-up,BCC
ISIC_2415100,IL_0705529,clinical: close-up,BCC
ISIC_2415211,IL_7982097,clinical: close-up,BCC
ISIC_2415589,IL_1016151,dermoscopic,MEL
ISIC_2417592,IL_8578812,dermoscopic,AKIEC
ISIC_2418437,IL_1391368,dermoscopic,SCCKA
ISIC_2418674,IL_2663790,dermoscopic,SCCKA
ISIC_2419039,IL_6111577,dermoscopic,INF
ISIC_2419780,IL_1749756,clinical: close-up,BKL
ISIC_2420699,IL_5270623,clinical: close-up,BCC
ISIC_2424286,IL_8480988,clinical: close-up,AKIEC
ISIC_2424786,IL_8565372,clinical: close-up,BCC
ISIC_2426257,IL_8756948,dermoscopic,BCC
ISIC_2427256,IL_9463449,dermoscopic,NV
ISIC_2427847,IL_1274055,clinical: close-up,DF
ISIC_2429951,IL_7685934,clinical: close-up,MEL
ISIC_2431538,IL_3529171,dermoscopic,SCCKA
ISIC_2432981,IL_0433737,dermoscopic,BCC
ISIC_2437084,IL_3147043,dermoscopic,MEL
ISIC_2437960,IL_2265683,clinical: close-up,MEL
ISIC_2439000,IL_6636674,clinical: close-up,AKIEC
ISIC_2439277,IL_8157640,clinical: close-up,BCC
ISIC_2439944,IL_0739664,clinical: close-up,DF
ISIC_2441019,IL_3758712,dermoscopic,BKL
ISIC_2443095,IL_3742316,clinical: close-up,BCC
ISIC_2444876,IL_8756948,clinical: close-up,BCC
ISIC_2445691,IL_0604713,clinical: close-up,MEL
ISIC_2446922,IL_4096738,clinical: close-up,SCCKA
ISIC_2447346,IL_7253119,clinical: close-up,SCCKA
ISIC_2449691,IL_4421569,dermoscopic,BCC
ISIC_2451051,IL_4939300,clinical: close-up,MAL_OTH
ISIC_2453345,IL_5455457,clinical: close-up,NV
ISIC_2453811,IL_0080050,clinical: close-up,BCC
ISIC_2454008,IL_1967474,clinical: close-up,VASC
ISIC_2455305,IL_1366322,clinical: close-up,BCC
ISIC_2455816,IL_4260249,clinical: close-up,BCC
ISIC_2456679,IL_1735251,dermoscopic,BCC
ISIC_2457583,IL_9038692,dermoscopic,SCCKA
ISIC_2458475,IL_7885037,clinical: close-up,BCC
ISIC_2462068,IL_1606035,clinical: close-up,SCCKA
ISIC_2463268,IL_2293895,clinical: close-up,DF
ISIC_2464882,IL_2309123,dermoscopic,NV
ISIC_2464952,IL_4682786,dermoscopic,BCC
ISIC_2465614,IL_8497763,dermoscopic,SCCKA
ISIC_2467349,IL_4196586,dermoscopic,BCC
ISIC_2467581,IL_3478761,clinical: close-up,BCC
ISIC_2469277,IL_1701401,clinical: close-up,SCCKA
ISIC_2471655,IL_0617635,dermoscopic,BKL
ISIC_2472012,IL_0721541,dermoscopic,BKL
ISIC_2475721,IL_4429856,clinical: close-up,SCCKA
ISIC_2475811,IL_4713984,dermoscopic,BCC
ISIC_2478957,IL_9682787,dermoscopic,BCC
ISIC_2481301,IL_9587475,clinical: close-up,NV
ISIC_2482765,IL_2227490,clinical: close-up,BCC
ISIC_2484661,IL_4749815,dermoscopic,BCC
ISIC_2485009,IL_9629068,dermoscopic,BCC
ISIC_2485182,IL_0588245,dermoscopic,BCC
ISIC_2485685,IL_9473685,dermoscopic,BKL
ISIC_2488572,IL_5287694,clinical: close-up,BCC
ISIC_2489023,IL_8124178,clinical: close-up,NV
ISIC_2490336,IL_2228009,clinical: close-up,NV
ISIC_2490728,IL_7444377,dermoscopic,BCC
ISIC_2492745,IL_1461373,dermoscopic,BCC
ISIC_2494258,IL_5478972,clinical: close-up,NV
ISIC_2496140,IL_4185194,dermoscopic,MEL
ISIC_2496144,IL_2167276,clinical: close-up,BCC
ISIC_2500263,IL_0216946,clinical: close-up,BCC
ISIC_2501467,IL_5245045,dermoscopic,BCC
ISIC_2501939,IL_0548137,dermoscopic,AKIEC
ISIC_2504068,IL_5420018,clinical: close-up,BCC
ISIC_2508689,IL_4826188,clinical: close-up,BCC
ISIC_2512661,IL_4615374,clinical: close-up,SCCKA
ISIC_2514435,IL_2423269,clinical: close-up,BKL
ISIC_2515747,IL_1812353,dermoscopic,BKL
ISIC_2517252,IL_2360320,clinical: close-up,BCC
ISIC_2521142,IL_3980813,dermoscopic,BCC
ISIC_2524673,IL_5834228,dermoscopic,BCC
ISIC_2527161,IL_1758628,dermoscopic,BKL
ISIC_2530103,IL_8748283,dermoscopic,BCC
ISIC_2531173,IL_5818168,clinical: close-up,BCC
ISIC_2533190,IL_7980891,clinical: close-up,BCC
ISIC_2533333,IL_7709757,dermoscopic,BCC
ISIC_2533587,IL_2185095,clinical: close-up,BKL
ISIC_2538384,IL_9685051,dermoscopic,NV
ISIC_2539660,IL_9209914,clinical: close-up,NV
ISIC_2542134,IL_7996799,dermoscopic,BCC
ISIC_2546925,IL_5675707,dermoscopic,NV
ISIC_2547869,IL_8339117,clinical: close-up,BCC
ISIC_2552716,IL_2538278,dermoscopic,BKL
ISIC_2554103,IL_2015219,dermoscopic,BKL
ISIC_2556147,IL_0125182,dermoscopic,BCC
ISIC_2556688,IL_5167045,clinical: close-up,BCC
ISIC_2556744,IL_9156080,dermoscopic,BCC
ISIC_2561690,IL_4240733,dermoscopic,BCC
ISIC_2563101,IL_1938646,clinical: close-up,BCC
ISIC_2564687,IL_0837149,dermoscopic,BCC
ISIC_2565230,IL_0752294,dermoscopic,BCC
ISIC_2565297,IL_2300316,clinical: close-up,AKIEC
ISIC_2566720,IL_8893510,clinical: close-up,AKIEC
ISIC_2567925,IL_1131642,dermoscopic,BCC
ISIC_2567983,IL_7719893,dermoscopic,BCC
ISIC_2569198,IL_8647582,dermoscopic,BKL
ISIC_2571626,IL_3299607,dermoscopic,BCC
ISIC_2573194,IL_4517791,dermoscopic,MEL
ISIC_2577644,IL_0519375,dermoscopic,NV
ISIC_2578355,IL_7406040,dermoscopic,BCC
ISIC_2579863,IL_1128310,clinical: close-up,BCC
ISIC_2584689,IL_3231660,clinical: close-up,MEL
ISIC_2585061,IL_1105307,clinical: close-up,NV
ISIC_2585669,IL_9592947,dermoscopic,AKIEC
ISIC_2586707,IL_2740967,dermoscopic,MEL
ISIC_2588935,IL_0727699,clinical: close-up,AKIEC
ISIC_2590426,IL_1397522,dermoscopic,BCC
ISIC_2590498,IL_4831820,dermoscopic,BCC
ISIC_2590790,IL_5283078,dermoscopic,BCC
ISIC_2591258,IL_4783389,dermoscopic,NV
ISIC_2591806,IL_1752453,clinical: close-up,BCC
ISIC_2593023,IL_3007295,dermoscopic,BCC
ISIC_2593896,IL_3486066,clinical: close-up,AKIEC
ISIC_2595169,IL_0753013,clinical: close-up,BCC
ISIC_2597603,IL_7625524,dermoscopic,BCC
ISIC_2598537,IL_6441506,dermoscopic,MEL
ISIC_2598676,IL_8861890,clinical: close-up,BCC
ISIC_2601363,IL_0507774,dermoscopic,BCC
ISIC_2601487,IL_1981700,dermoscopic,BCC
ISIC_2603915,IL_5987346,dermoscopic,BCC
ISIC_2604782,IL_7136184,dermoscopic,NV
ISIC_2605163,IL_5607912,dermoscopic,NV
ISIC_2608904,IL_6947198,clinical: close-up,BCC
ISIC_2611090,IL_3038127,clinical: close-up,BCC
ISIC_2611411,IL_7052424,clinical: close-up,NV
ISIC_2611469,IL_7402046,dermoscopic,SCCKA
ISIC_2614337,IL_9489343,clinical: close-up,MEL
ISIC_2616471,IL_9013007,dermoscopic,BCC
ISIC_2620132,IL_2200466,dermoscopic,MEL
ISIC_2621421,IL_4100089,dermoscopic,NV
ISIC_2621700,IL_4055680,clinical: close-up,BCC
ISIC_2627411,IL_6313730,dermoscopic,BCC
ISIC_2628160,IL_7523835,clinical: close-up,NV
ISIC_2628667,IL_7257166,dermoscopic,BCC
ISIC_2631859,IL_6004102,dermoscopic,MEL
ISIC_2641644,IL_7523835,dermoscopic,NV
ISIC_2645316,IL_9041590,dermoscopic,BCC
ISIC_2646200,IL_4978975,dermoscopic,BCC
ISIC_2647192,IL_9453273,dermoscopic,BCC
ISIC_2648102,IL_6914353,clinical: close-up,BKL
ISIC_2649421,IL_8618190,clinical: close-up,SCCKA
ISIC_2650378,IL_3204310,clinical: close-up,MEL
ISIC_2650547,IL_9513774,dermoscopic,BCC
ISIC_2655730,IL_8073547,dermoscopic,BKL
ISIC_2658100,IL_9390250,dermoscopic,BCC
ISIC_2664046,IL_7294930,clinical: close-up,BCC
ISIC_2666138,IL_7503105,dermoscopic,BCC
ISIC_2667471,IL_1575936,clinical: close-up,BCC
ISIC_2668678,IL_6389219,clinical: close-up,AKIEC
ISIC_2669811,IL_5931575,dermoscopic,BCC
ISIC_2670452,IL_5112545,clinical: close-up,BCC
ISIC_2671519,IL_5156328,clinical: close-up,BCC
ISIC_2675122,IL_5104216,dermoscopic,INF
ISIC_2683795,IL_7746701,dermoscopic,BCC
ISIC_2685248,IL_3702520,clinical: close-up,BCC
ISIC_2689111,IL_6505724,clinical: close-up,BCC
ISIC_2689339,IL_3452976,dermoscopic,BCC
ISIC_2689375,IL_4402414,clinical: close-up,BCC
ISIC_2695703,IL_1456101,clinical: close-up,MEL
ISIC_2696043,IL_5122434,clinical: close-up,BCC
ISIC_2698174,IL_3487572,dermoscopic,SCCKA
ISIC_2701980,IL_8429143,clinical: close-up,NV
ISIC_2702984,IL_5278264,dermoscopic,BKL
ISIC_2704661,IL_0640013,clinical: close-up,SCCKA
ISIC_2704901,IL_4312486,clinical: close-up,SCCKA
ISIC_2709383,IL_3065400,clinical: close-up,MEL
ISIC_2710214,IL_0694902,clinical: close-up,VASC
ISIC_2710427,IL_6916787,dermoscopic,MEL
ISIC_2712633,IL_1993303,clinical: close-up,BCC
ISIC_2712947,IL_1963304,clinical: close-up,SCCKA
ISIC_2716900,IL_1496554,dermoscopic,SCCKA
ISIC_2718301,IL_8162391,dermoscopic,AKIEC
ISIC_2721277,IL_3528206,dermoscopic,INF
ISIC_2721569,IL_8994019,clinical: close-up,NV
ISIC_2724480,IL_8908582,dermoscopic,BCC
ISIC_2725046,IL_4826188,dermoscopic,BCC
ISIC_2726721,IL_6186086,clinical: close-up,BCC
ISIC_2729538,IL_0006407,clinical: close-up,AKIEC
ISIC_2730868,IL_2072035,dermoscopic,BCC
ISIC_2731321,IL_7928790,dermoscopic,SCCKA
ISIC_2733086,IL_1218660,clinical: close-up,BCC
ISIC_2733266,IL_2514915,clinical: close-up,BKL
ISIC_2733454,IL_6049551,dermoscopic,BCC
ISIC_2734876,IL_3596093,clinical: close-up,BCC
ISIC_2735511,IL_4836988,dermoscopic,BKL
ISIC_2735653,IL_8022344,dermoscopic,BCC
ISIC_2736440,IL_6900005,clinical: close-up,SCCKA
ISIC_2738967,IL_5836381,clinical: close-up,BCC
ISIC_2740122,IL_5853973,dermoscopic,BCC
ISIC_2740604,IL_5614486,dermoscopic,BCC
ISIC_2741156,IL_4744956,dermoscopic,BCC
ISIC_2745537,IL_0926236,dermoscopic,NV
ISIC_2747596,IL_3453159,dermoscopic,BCC
ISIC_2747605,IL_2546543,clinical: close-up,BCC
ISIC_2748624,IL_7980891,dermoscopic,BCC
ISIC_2749853,IL_2237412,clinical: close-up,NV
ISIC_2751556,IL_5287694,dermoscopic,BCC
ISIC_2752952,IL_6752385,clinical: close-up,NV
ISIC_2754845,IL_4794803,dermoscopic,BCC
ISIC_2755934,IL_3252153,clinical: close-up,VASC
ISIC_2758033,IL_5260419,clinical: close-up,SCCKA
ISIC_2760612,IL_9689394,clinical: close-up,BCC
ISIC_2762745,IL_1571556,clinical: close-up,BKL
ISIC_2763588,IL_4918829,dermoscopic,BCC
ISIC_2764511,IL_1744975,dermoscopic,BCC
ISIC_2765997,IL_0486701,dermoscopic,NV
ISIC_2766210,IL_6806231,clinical: close-up,NV
ISIC_2767026,IL_7287548,clinical: close-up,BCC
ISIC_2768681,IL_4376551,clinical: close-up,NV
ISIC_2770352,IL_7443254,dermoscopic,BCC
ISIC_2770547,IL_3581501,clinical: close-up,BCC
ISIC_2772998,IL_4855362,clinical: close-up,BCC
ISIC_2775534,IL_9324505,dermoscopic,NV
ISIC_2777762,IL_0732764,dermoscopic,BKL
ISIC_2783831,IL_6693472,dermoscopic,MEL
ISIC_2788480,IL_3473944,clinical: close-up,SCCKA
ISIC_2790154,IL_5490327,clinical: close-up,BCC
ISIC_2791059,IL_5950762,dermoscopic,SCCKA
ISIC_2794417,IL_4061949,clinical: close-up,NV
ISIC_2794614,IL_5154622,clinical: close-up,NV
ISIC_2795308,IL_6481536,dermoscopic,NV
ISIC_2799788,IL_9588248,dermoscopic,BCC
ISIC_2801800,IL_2719236,clinical: close-up,BCC
ISIC_2802992,IL_1846294,clinical: close-up,BCC
ISIC_2803954,IL_9091693,dermoscopic,BCC
ISIC_2804242,IL_4072310,dermoscopic,NV
ISIC_2806062,IL_9195034,clinical: close-up,BCC
ISIC_2812513,IL_4618514,dermoscopic,NV
ISIC_2818418,IL_6296094,dermoscopic,BCC
ISIC_2821063,IL_6995800,dermoscopic,BCC
ISIC_2822341,IL_5472522,dermoscopic,BKL
ISIC_2822468,IL_4889652,clinical: close-up,SCCKA
ISIC_2823934,IL_2531904,clinical: close-up,BKL
ISIC_2825735,IL_6634369,clinical: close-up,BCC
ISIC_2827872,IL_9162610,clinical: close-up,SCCKA
ISIC_2827957,IL_3256866,clinical: close-up,SCCKA
ISIC_2828400,IL_9275908,clinical: close-up,BCC
ISIC_2833803,IL_9701930,clinical: close-up,BCC
ISIC_2838288,IL_9783662,clinical: close-up,BCC
ISIC_2839422,IL_3824420,clinical: close-up,NV
ISIC_2839614,IL_8572700,dermoscopic,BCC
ISIC_2841434,IL_3576180,clinical: close-up,NV
ISIC_2842565,IL_4484576,dermoscopic,BCC
ISIC_2843665,IL_5733908,dermoscopic,MEL
ISIC_2845349,IL_3151519,clinical: close-up,MEL
ISIC_2846004,IL_9344336,dermoscopic,DF
ISIC_2846120,IL_3938261,clinical: close-up,BCC
ISIC_2847750,IL_1225900,dermoscopic,BCC
ISIC_2848487,IL_6609864,dermoscopic,NV
ISIC_2851104,IL_2719812,clinical: close-up,BCC
ISIC_2851725,IL_1242369,dermoscopic,MEL
ISIC_2852852,IL_2621317,clinical: close-up,SCCKA
ISIC_2854469,IL_9325305,dermoscopic,BCC
ISIC_2855373,IL_9157359,clinical: close-up,SCCKA
ISIC_2855847,IL_4410437,clinical: close-up,BCC
ISIC_2857248,IL_7237834,dermoscopic,BCC
ISIC_2861255,IL_5359337,clinical: close-up,BCC
ISIC_2866672,IL_7749892,dermoscopic,DF
ISIC_2868713,IL_1587748,dermoscopic,BCC
ISIC_2868896,IL_2482896,dermoscopic,DF
ISIC_2869457,IL_2124181,clinical: close-up,SCCKA
ISIC_2869678,IL_2714840,clinical: close-up,BCC
ISIC_2873444,IL_2663991,dermoscopic,SCCKA
ISIC_2878962,IL_0963446,clinical: close-up,BCC
ISIC_2879057,IL_1799297,dermoscopic,MEL
ISIC_2882147,IL_6784777,clinical: close-up,BCC
ISIC_2883712,IL_3461218,dermoscopic,BCC
ISIC_2883948,IL_9391328,clinical: close-up,BCC
ISIC_2886495,IL_9556887,dermoscopic,BKL
ISIC_2887419,IL_7925495,clinical: close-up,BCC
ISIC_2889500,IL_3656714,clinical: close-up,BCC
ISIC_2891509,IL_3242715,dermoscopic,BCC
ISIC_2891524,IL_6692380,clinical: close-up,AKIEC
ISIC_2891861,IL_8805142,clinical: close-up,BKL
ISIC_2895427,IL_0596741,dermoscopic,BCC
ISIC_2896896,IL_9974051,clinical: close-up,BCC
ISIC_2897696,IL_7964998,clinical: close-up,NV
ISIC_2900622,IL_8618190,dermoscopic,SCCKA
ISIC_2900811,IL_9150101,clinical: close-up,BCC
ISIC_2903716,IL_4935595,clinical: close-up,NV
ISIC_2903873,IL_1140654,clinical: close-up,BCC
ISIC_2906273,IL_5832874,dermoscopic,SCCKA
ISIC_2907125,IL_7604860,dermoscopic,BKL
ISIC_2907780,IL_2714840,dermoscopic,BCC
ISIC_2909896,IL_6920562,clinical: close-up,BCC
ISIC_2911472,IL_9130724,clinical: close-up,MEL
ISIC_2912041,IL_9471621,dermoscopic,NV
ISIC_2914456,IL_3884933,dermoscopic,BCC
ISIC_2915213,IL_4726113,clinical: close-up,BCC
ISIC_2915605,IL_2096357,clinical: close-up,BCC
ISIC_2916022,IL_3608971,dermoscopic,BCC
ISIC_2917647,IL_9734938,clinical: close-up,BCC
ISIC_2918081,IL_7237859,dermoscopic,NV
ISIC_2921012,IL_9428549,dermoscopic,AKIEC
ISIC_2921430,IL_5993994,dermoscopic,BCC
ISIC_2923050,IL_9801115,dermoscopic,SCCKA
ISIC_2923957,IL_3354355,clinical: close-up,BCC
ISIC_2926418,IL_7940673,dermoscopic,MEL
ISIC_2927179,IL_8657794,dermoscopic,SCCKA
ISIC_2928924,IL_8620816,dermoscopic,BKL
ISIC_2930478,IL_5562402,clinical: close-up,BCC
ISIC_2931409,IL_6413460,clinical: close-up,BCC
ISIC_2935903,IL_3518788,clinical: close-up,BKL
ISIC_2941016,IL_8702117,clinical: close-up,BCC
ISIC_2944495,IL_1880052,dermoscopic,BCC
ISIC_2944503,IL_4131392,clinical: close-up,NV
ISIC_2944762,IL_0030541,clinical: close-up,BCC
ISIC_2945370,IL_1066586,dermoscopic,BCC
ISIC_2950662,IL_3600941,dermoscopic,BCC
ISIC_2952159,IL_1066586,clinical: close-up,BCC
ISIC_2952786,IL_4581258,clinical: close-up,SCCKA
ISIC_2953977,IL_8760239,clinical: close-up,BCC
ISIC_2956586,IL_6616661,clinical: close-up,BCC
ISIC_2958443,IL_4923894,clinical: close-up,SCCKA
ISIC_2959395,IL_9191697,dermoscopic,MEL
ISIC_2959823,IL_1337756,clinical: close-up,BKL
ISIC_2961437,IL_6677993,dermoscopic,NV
ISIC_2963084,IL_9489343,dermoscopic,MEL
ISIC_2963181,IL_3358821,clinical: close-up,BKL
ISIC_2964078,IL_9349173,clinical: close-up,NV
ISIC_2964593,IL_8602598,clinical: close-up,BCC
ISIC_2965800,IL_6197231,clinical: close-up,BCC
ISIC_2968192,IL_5762747,clinical: close-up,BCC
ISIC_2970872,IL_7768823,clinical: close-up,NV
ISIC_2970971,IL_1608100,dermoscopic,NV
ISIC_2972264,IL_7333978,clinical: close-up,MEL
ISIC_2972596,IL_0627610,dermoscopic,BCC
ISIC_2973033,IL_4674217,dermoscopic,BCC
ISIC_2973605,IL_6536248,dermoscopic,BCC
ISIC_2973607,IL_8880456,dermoscopic,NV
ISIC_2974995,IL_6732051,dermoscopic,BCC
ISIC_2976358,IL_2803011,dermoscopic,BKL
ISIC_2977377,IL_3117847,dermoscopic,NV
ISIC_2977779,IL_7736241,clinical: close-up,AKIEC
ISIC_2977955,IL_6607350,clinical: close-up,NV
ISIC_2977980,IL_0328112,dermoscopic,BCC
ISIC_2984850,IL_6660320,clinical: close-up,INF
ISIC_2990629,IL_5732372,dermoscopic,BCC
ISIC_2993047,IL_5281501,dermoscopic,BCC
ISIC_2993083,IL_3138805,dermoscopic,SCCKA
ISIC_2993511,IL_6458200,clinical: close-up,BCC
ISIC_2994689,IL_8509050,clinical: close-up,BCC
ISIC_2995621,IL_4491344,dermoscopic,SCCKA
ISIC_2998511,IL_7360885,clinical: close-up,SCCKA
ISIC_2999230,IL_9463449,clinical: close-up,NV
ISIC_2999384,IL_4591164,clinical: close-up,BCC
ISIC_3002615,IL_3237726,clinical: close-up,MEL
ISIC_3003010,IL_1065532,dermoscopic,BCC
ISIC_3003648,IL_9348044,dermoscopic,BKL
ISIC_3004699,IL_0586975,dermoscopic,AKIEC
ISIC_3005181,IL_5901848,dermoscopic,BCC
ISIC_3011830,IL_2080493,clinical: close-up,BCC
ISIC_3020708,IL_3161525,clinical: close-up,BCC
ISIC_3021033,IL_1610839,clinical: close-up,BCC
ISIC_3022005,IL_8678010,dermoscopic,BCC
ISIC_3022090,IL_2308802,clinical: close-up,BCC
ISIC_3022261,IL_7232351,dermoscopic,BCC
ISIC_3023055,IL_7041328,dermoscopic,BCC
ISIC_3023198,IL_5857700,dermoscopic,SCCKA
ISIC_3023437,IL_4351446,dermoscopic,BCC
ISIC_3024107,IL_5770532,clinical: close-up,NV
ISIC_3024690,IL_9324964,dermoscopic,BCC
ISIC_3025142,IL_5670003,clinical: close-up,BCC
ISIC_3025966,IL_6193857,dermoscopic,AKIEC
ISIC_3027737,IL_0486973,dermoscopic,BCC
ISIC_3028893,IL_1293344,dermoscopic,BCC
ISIC_3032522,IL_7644986,dermoscopic,BCC
ISIC_3032936,IL_8623276,dermoscopic,NV
ISIC_3032983,IL_2321044,dermoscopic,AKIEC
ISIC_3033732,IL_4644252,dermoscopic,NV
ISIC_3034326,IL_9265331,clinical: close-up,BKL
ISIC_3036641,IL_9838418,clinical: close-up,BCC
ISIC_3037508,IL_2816298,clinical: close-up,BCC
ISIC_3037740,IL_7133935,clinical: close-up,NV
ISIC_3039458,IL_3398129,clinical: close-up,BCC
ISIC_3039673,IL_0957907,clinical: close-up,SCCKA
ISIC_3039744,IL_2660318,dermoscopic,BCC
ISIC_3040289,IL_1066401,dermoscopic,SCCKA
ISIC_3042149,IL_8500079,clinical: close-up,BCC
ISIC_3042275,IL_8825058,dermoscopic,SCCKA
ISIC_3042456,IL_7178513,dermoscopic,BCC
ISIC_3045344,IL_5078646,clinical: close-up,SCCKA
ISIC_3045387,IL_3568904,dermoscopic,BCC
ISIC_3046799,IL_6481233,clinical: close-up,BKL
ISIC_3047578,IL_6238861,dermoscopic,BKL
ISIC_3049767,IL_9755215,dermoscopic,BCC
ISIC_3050113,IL_9991953,clinical: close-up,MEL
ISIC_3050416,IL_6827791,dermoscopic,BCC
ISIC_3050487,IL_0651741,dermoscopic,BCC
ISIC_3053943,IL_6448360,clinical: close-up,NV
ISIC_3057675,IL_0208925,clinical: close-up,SCCKA
ISIC_3059704,IL_4618514,clinical: close-up,NV
ISIC_3061267,IL_0317976,clinical: close-up,BCC
ISIC_3063587,IL_4865476,dermoscopic,BCC
ISIC_3063817,IL_6055895,dermoscopic,BCC
ISIC_3066491,IL_9375676,dermoscopic,MEL
ISIC_3067376,IL_6687584,clinical: close-up,SCCKA
ISIC_3072008,IL_9767273,dermoscopic,BCC
ISIC_3072729,IL_3488429,clinical: close-up,BCC
ISIC_3073821,IL_0653434,dermoscopic,MEL
ISIC_3078783,IL_6732051,clinical: close-up,BCC
ISIC_3082193,IL_2908166,clinical: close-up,BKL
ISIC_3082676,IL_9367343,clinical: close-up,BCC
ISIC_3083384,IL_6249500,dermoscopic,BCC
ISIC_3088033,IL_4149051,dermoscopic,BCC
ISIC_3088055,IL_3457214,dermoscopic,BCC
ISIC_3092576,IL_0371298,clinical: close-up,BCC
ISIC_3093760,IL_7627926,clinical: close-up,AKIEC
ISIC_3094215,IL_1286984,dermoscopic,NV
ISIC_3094600,IL_8788016,dermoscopic,BCC
ISIC_3097252,IL_7503105,clinical: close-up,BCC
ISIC_3100024,IL_3673617,clinical: close-up,BCC
ISIC_3100261,IL_7385851,clinical: close-up,AKIEC
ISIC_3101169,IL_7459473,dermoscopic,BKL
ISIC_3102604,IL_8581964,clinical: close-up,BCC
ISIC_3102873,IL_2228452,clinical: close-up,BCC
ISIC_3103756,IL_1020269,dermoscopic,BCC
ISIC_3105418,IL_4352932,clinical: close-up,BCC
ISIC_3111434,IL_0976725,clinical: close-up,BKL
ISIC_3113033,IL_8864623,dermoscopic,SCCKA
ISIC_3115412,IL_5074054,clinical: close-up,BKL
ISIC_3117423,IL_3096857,dermoscopic,BCC
ISIC_3118860,IL_2211543,dermoscopic,BCC
ISIC_3120412,IL_6145906,dermoscopic,BCC
ISIC_3122081,IL_8813361,dermoscopic,SCCKA
ISIC_3122147,IL_7717192,dermoscopic,BCC
ISIC_3127974,IL_0808722,dermoscopic,AKIEC
ISIC_3129117,IL_5037450,dermoscopic,BCC
ISIC_3129795,IL_1827145,dermoscopic,VASC
ISIC_3132743,IL_3341722,clinical: close-up,BCC
ISIC_3138874,IL_9067051,dermoscopic,BCC
ISIC_3140203,IL_7975365,dermoscopic,BKL
ISIC_3140817,IL_8273782,clinical: close-up,MEL
ISIC_3141018,IL_4313247,dermoscopic,SCCKA
ISIC_3142156,IL_7709757,clinical: close-up,BCC
ISIC_3145046,IL_7602134,clinical: close-up,BKL
ISIC_3147082,IL_8157640,dermoscopic,BCC
ISIC_3148432,IL_4263582,clinical: close-up,BCC
ISIC_3148471,IL_9644820,dermoscopic,AKIEC
ISIC_3151108,IL_7602662,dermoscopic,BCC
ISIC_3154934,IL_5670003,dermoscopic,BCC
ISIC_3156175,IL_3577604,clinical: close-up,BCC
ISIC_3157648,IL_0444889,dermoscopic,NV
ISIC_3162488,IL_9180123,dermoscopic,NV
ISIC_3162836,IL_2609201,clinical: close-up,NV
ISIC_3164108,IL_6156218,dermoscopic,MEL
ISIC_3166154,IL_6295133,clinical: close-up,BCC
ISIC_3167917,IL_1515252,dermoscopic,AKIEC
ISIC_3168018,IL_6425993,dermoscopic,NV
ISIC_3168049,IL_6829628,clinical: close-up,VASC
ISIC_3175404,IL_9659963,clinical: close-up,BCC
ISIC_3175480,IL_0076523,dermoscopic,BKL
ISIC_3175640,IL_9958247,clinical: close-up,MEL
ISIC_3175755,IL_0076383,dermoscopic,BKL
ISIC_3177059,IL_8854327,clinical: close-up,BCC
ISIC_3178739,IL_8784837,dermoscopic,SCCKA
ISIC_3179593,IL_7724286,clinical: close-up,BKL
ISIC_3180901,IL_9446823,clinical: close-up,SCCKA
ISIC_3181599,IL_4425238,clinical: close-up,AKIEC
ISIC_3184644,IL_0402480,clinical: close-up,INF
ISIC_3184893,IL_7127568,dermoscopic,BCC
ISIC_3185277,IL_1218660,dermoscopic,BCC
ISIC_3188102,IL_4567076,clinical: close-up,BCC
ISIC_3189171,IL_4576519,clinical: close-up,BKL
ISIC_3190111,IL_4196586,clinical: close-up,BCC
ISIC_3193023,IL_5334978,clinical: close-up,SCCKA
ISIC_3194532,IL_9947908,clinical: close-up,BCC
ISIC_3197211,IL_3809267,dermoscopic,MEL
ISIC_3197377,IL_5627565,dermoscopic,BCC
ISIC_3197379,IL_9717585,clinical: close-up,BCC
ISIC_3199091,IL_0285359,dermoscopic,SCCKA
ISIC_3203799,IL_7154137,dermoscopic,SCCKA
ISIC_3204093,IL_3319164,dermoscopic,AKIEC
ISIC_3206478,IL_7490546,clinical: close-up,BCC
ISIC_3208305,IL_9379211,dermoscopic,BCC
ISIC_3208971,IL_2974900,clinical: close-up,BCC
ISIC_3210379,IL_9179021,dermoscopic,BCC
ISIC_3211877,IL_4453479,dermoscopic,SCCKA
ISIC_3215995,IL_6122367,dermoscopic,BCC
ISIC_3217005,IL_3745397,dermoscopic,BCC
ISIC_3217731,IL_8650948,clinical: close-up,SCCKA
ISIC_3220453,IL_7867833,clinical: close-up,AKIEC
ISIC_3224359,IL_6752385,dermoscopic,NV
ISIC_3225420,IL_9308328,dermoscopic,NV
ISIC_3229589,IL_2547108,dermoscopic,BCC
ISIC_3236056,IL_7509121,dermoscopic,BCC
ISIC_3237026,IL_0313389,clinical: close-up,BCC
ISIC_3244506,IL_3503825,clinical: close-up,MEL
ISIC_3247057,IL_8612216,dermoscopic,BCC
ISIC_3250445,IL_7329436,clinical: close-up,BCC
ISIC_3250692,IL_5661640,dermoscopic,BCC
ISIC_3251194,IL_4715886,clinical: close-up,BCC
ISIC_3251490,IL_2868524,clinical: close-up,BCC
ISIC_3252878,IL_7242208,clinical: close-up,BCC
ISIC_3262933,IL_2201077,clinical: close-up,NV
ISIC_3265547,IL_1752453,dermoscopic,BCC
ISIC_3265655,IL_8224521,dermoscopic,SCCKA
ISIC_3265817,IL_1141889,dermoscopic,BKL
ISIC_3267303,IL_9127211,dermoscopic,BCC
ISIC_3267363,IL_3186878,dermoscopic,NV
ISIC_3268800,IL_3249139,dermoscopic,MEL
ISIC_3269995,IL_6172184,dermoscopic,AKIEC
ISIC_3272276,IL_0069690,clinical: close-up,BCC
ISIC_3273623,IL_5438158,clinical: close-up,NV
ISIC_3277520,IL_3772690,clinical: close-up,SCCKA
ISIC_3277541,IL_5835931,dermoscopic,BCC
ISIC_3280000,IL_9871748,dermoscopic,BCC
ISIC_3281875,IL_2163482,dermoscopic,BCC
ISIC_3284065,IL_8168935,clinical: close-up,BCC
ISIC_3284822,IL_9734690,clinical: close-up,BKL
ISIC_3287000,IL_5160108,clinical: close-up,BCC
ISIC_3288032,IL_0772858,dermoscopic,NV
ISIC_3288726,IL_7230035,clinical: close-up,MEL
ISIC_3289736,IL_1264405,clinical: close-up,NV
ISIC_3290113,IL_4203522,clinical: close-up,BCC
ISIC_3290988,IL_1037405,clinical: close-up,INF
ISIC_3297304,IL_3660517,clinical: close-up,BCC
ISIC_3298166,IL_6383449,dermoscopic,NV
ISIC_3298684,IL_2369272,clinical: close-up,BCC
ISIC_3298721,IL_9439030,clinical: close-up,BCC
ISIC_3298769,IL_5880830,clinical: close-up,BCC
ISIC_3302093,IL_6585247,dermoscopic,BCC
ISIC_3302562,IL_7438148,dermoscopic,BCC
ISIC_3302639,IL_3576775,clinical: close-up,BCC
ISIC_3302986,IL_9917624,dermoscopic,BCC
ISIC_3303508,IL_8918294,clinical: close-up,BCC
ISIC_3303900,IL_1330840,clinical: close-up,BCC
ISIC_3304492,IL_1724111,clinical: close-up,BCC
ISIC_3305736,IL_4259572,clinical: close-up,BCC
ISIC_3306172,IL_9630385,clinical: close-up,MEL
ISIC_3306550,IL_7440371,clinical: close-up,NV
ISIC_3307206,IL_3179452,dermoscopic,BKL
ISIC_3307579,IL_0894322,dermoscopic,BCC
ISIC_3308043,IL_9106162,clinical: close-up,BCC
ISIC_3308945,IL_1003728,clinical: close-up,MEL
ISIC_3310439,IL_4628159,clinical: close-up,BCC
ISIC_3313166,IL_3518780,dermoscopic,BCC
ISIC_3317235,IL_6228849,dermoscopic,BCC
ISIC_3317643,IL_6502535,dermoscopic,BKL
ISIC_3318295,IL_5790573,clinical: close-up,NV
ISIC_3318403,IL_8188380,clinical: close-up,BCC
ISIC_3322515,IL_7713182,dermoscopic,NV
ISIC_3323980,IL_0836761,clinical: close-up,BCC
ISIC_3326999,IL_8508107,clinical: close-up,BCC
ISIC_3327085,IL_2623248,clinical: close-up,BCC
ISIC_3327886,IL_3558954,clinical: close-up,BCC
ISIC_3327928,IL_5795869,dermoscopic,MEL
ISIC_3327943,IL_2172033,dermoscopic,BCC
ISIC_3328629,IL_1571488,clinical: close-up,BCC
ISIC_3329063,IL_1831903,clinical: close-up,BCC
ISIC_3334508,IL_2752948,clinical: close-up,BCC
ISIC_3336908,IL_3334554,dermoscopic,MEL
ISIC_3337707,IL_0317980,clinical: close-up,BCC
ISIC_3341226,IL_2326581,dermoscopic,BCC
ISIC_3341232,IL_6226782,clinical: close-up,BCC
ISIC_3343865,IL_3570537,dermoscopic,AKIEC
ISIC_3344295,IL_1857472,dermoscopic,MEL
ISIC_3344319,IL_3550428,dermoscopic,BCC
ISIC_3346679,IL_7197131,dermoscopic,BCC
ISIC_3349058,IL_4212984,dermoscopic,BCC
ISIC_3349986,IL_9608485,clinical: close-up,NV
ISIC_3352589,IL_0903975,dermoscopic,BCC
ISIC_3355310,IL_4913494,clinical: close-up,BKL
ISIC_3356311,IL_3794416,clinical: close-up,BCC
ISIC_3357733,IL_3236143,clinical: close-up,BCC
ISIC_3360186,IL_6599749,dermoscopic,NV
ISIC_3361791,IL_4149493,clinical: close-up,BCC
ISIC_3362091,IL_7173573,dermoscopic,NV
ISIC_3362890,IL_5259261,dermoscopic,BCC
ISIC_3364269,IL_3293751,dermoscopic,BCC
ISIC_3365241,IL_9190120,dermoscopic,BCC
ISIC_3365437,IL_1861400,dermoscopic,BCC
ISIC_3368184,IL_7653735,clinical: close-up,BCC
ISIC_3368991,IL_7894470,dermoscopic,AKIEC
ISIC_3369429,IL_0653434,clinical: close-up,MEL
ISIC_3369700,IL_0636154,clinical: close-up,BKL
ISIC_3370385,IL_7514466,clinical: close-up,BCC
ISIC_3371218,IL_8383981,clinical: close-up,BCC
ISIC_3372353,IL_5890474,dermoscopic,BCC
ISIC_3374597,IL_0628495,dermoscopic,NV
ISIC_3375059,IL_9617690,clinical: close-up,BCC
ISIC_3379605,IL_9487035,clinical: close-up,BCC
ISIC_3386852,IL_7764430,clinical: close-up,MEL
ISIC_3392397,IL_7705011,dermoscopic,BCC
ISIC_3394938,IL_9124015,dermoscopic,BCC
ISIC_3395847,IL_9066229,dermoscopic,SCCKA
ISIC_3396463,IL_7825697,dermoscopic,MEL
ISIC_3396860,IL_8193590,dermoscopic,MEL
ISIC_3397720,IL_2802715,dermoscopic,BCC
ISIC_3399647,IL_2545098,dermoscopic,BKL
ISIC_3401124,IL_8339117,dermoscopic,BCC
ISIC_3405243,IL_8658177,dermoscopic,BKL
ISIC_3408569,IL_7504517,clinical: close-up,SCCKA
ISIC_3408726,IL_1102266,clinical: close-up,MEL
ISIC_3408779,IL_0177781,dermoscopic,BCC
ISIC_3410251,IL_1110847,dermoscopic,BKL
ISIC_3412303,IL_7929942,dermoscopic,SCCKA
ISIC_3418096,IL_8376298,dermoscopic,DF
ISIC_3418625,IL_4997932,clinical: close-up,BCC
ISIC_3420179,IL_3892342,dermoscopic,BCC
ISIC_3420236,IL_3354355,dermoscopic,BCC
ISIC_3420711,IL_5970079,dermoscopic,SCCKA
ISIC_3422780,IL_4472583,dermoscopic,SCCKA
ISIC_3425683,IL_3532115,dermoscopic,BKL
ISIC_3427742,IL_4528445,clinical: close-up,MEL
ISIC_3428486,IL_8462731,dermoscopic,AKIEC
ISIC_3428806,IL_2791803,clinical: close-up,BKL
ISIC_3429549,IL_2171810,dermoscopic,SCCKA
ISIC_3430375,IL_2135126,clinical: close-up,BKL
ISIC_3430609,IL_2707139,dermoscopic,AKIEC
ISIC_3431348,IL_4987655,dermoscopic,MEL
ISIC_3431588,IL_6802806,clinical: close-up,BCC
ISIC_3431989,IL_2291869,dermoscopic,BKL
ISIC_3432012,IL_9899181,dermoscopic,BCC
ISIC_3432469,IL_7115746,clinical: close-up,BCC
ISIC_3436668,IL_8638873,dermoscopic,NV
ISIC_3439130,IL_6259285,clinical: close-up,BKL
ISIC_3439175,IL_7865284,clinical: close-up,BCC
ISIC_3442516,IL_1313650,clinical: close-up,SCCKA
ISIC_3442836,IL_6434551,dermoscopic,BCC
ISIC_3444223,IL_2775597,clinical: close-up,BCC
ISIC_3445145,IL_1077791,dermoscopic,SCCKA
ISIC_3445231,IL_9230375,dermoscopic,BCC
ISIC_3447417,IL_3038127,dermoscopic,BCC
ISIC_3447732,IL_3974873,clinical: close-up,BCC
ISIC_3454940,IL_7671160,dermoscopic,NV
ISIC_3455310,IL_4400471,dermoscopic,MEL
ISIC_3456765,IL_8233032,clinical: close-up,MEL
ISIC_3456998,IL_3576775,dermoscopic,BCC
ISIC_3457455,IL_0784156,dermoscopic,BCC
ISIC_3459198,IL_1558791,clinical: close-up,BCC
ISIC_3462090,IL_2466652,dermoscopic,BCC
ISIC_3462970,IL_1741364,clinical: close-up,SCCKA
ISIC_3464724,IL_8122429,dermoscopic,BKL
ISIC_3466390,IL_4093493,clinical: close-up,AKIEC
ISIC_3466904,IL_9366811,dermoscopic,BCC
ISIC_3468250,IL_1151731,dermoscopic,BCC
ISIC_3468757,IL_0890305,dermoscopic,NV
ISIC_3472289,IL_9150280,clinical: close-up,VASC
ISIC_3473807,IL_7869579,dermoscopic,BCC
ISIC_3475592,IL_9482395,clinical: close-up,MEL
ISIC_3477325,IL_0996879,dermoscopic,BEN_OTH
ISIC_3477335,IL_4034865,dermoscopic,BCC
ISIC_3480084,IL_0097046,dermoscopic,BCC
ISIC_3480611,IL_9724863,dermoscopic,SCCKA
ISIC_3482213,IL_9784446,clinical: close-up,BCC
ISIC_3483103,IL_7443834,dermoscopic,BCC
ISIC_3483575,IL_0106085,clinical: close-up,BCC
ISIC_3485059,IL_8658177,clinical: close-up,BKL
ISIC_3486312,IL_6291533,dermoscopic,MEL
ISIC_3489676,IL_3146930,dermoscopic,BCC
ISIC_3489797,IL_1965425,clinical: close-up,BCC
ISIC_3490874,IL_3248471,clinical: close-up,BCC
ISIC_3491804,IL_0521541,clinical: close-up,BCC
ISIC_3496143,IL_0793725,clinical: close-up,AKIEC
ISIC_3500691,IL_0701362,dermoscopic,MEL
ISIC_3501503,IL_7948272,dermoscopic,BCC
ISIC_3503700,IL_9646137,clinical: close-up,BCC
ISIC_3504270,IL_1311157,dermoscopic,BCC
ISIC_3507614,IL_0808533,dermoscopic,BKL
ISIC_3508395,IL_9109267,clinical: close-up,NV
ISIC_3508606,IL_4966664,clinical: close-up,BKL
ISIC_3508744,IL_9941677,clinical: close-up,BCC
ISIC_3511086,IL_6943696,dermoscopic,MEL
ISIC_3513821,IL_7071169,dermoscopic,AKIEC
ISIC_3515169,IL_9793806,clinical: close-up,BCC
ISIC_3515780,IL_3824420,dermoscopic,NV
ISIC_3515789,IL_5857209,clinical: close-up,NV
ISIC_3518193,IL_1749756,dermoscopic,BKL
ISIC_3518720,IL_7709098,dermoscopic,BCC
ISIC_3519677,IL_6069436,clinical: close-up,AKIEC
ISIC_3522468,IL_3532115,clinical: close-up,BKL
ISIC_3524883,IL_9120764,clinical: close-up,BCC
ISIC_3526427,IL_6499920,dermoscopic,BCC
ISIC_3527498,IL_7209123,dermoscopic,BCC
ISIC_3528840,IL_0273938,clinical: close-up,BCC
ISIC_3530269,IL_9588248,clinical: close-up,BCC
ISIC_3531459,IL_4157363,dermoscopic,AKIEC
ISIC_3532575,IL_8370192,clinical: close-up,BCC
ISIC_3535393,IL_6852784,clinical: close-up,SCCKA
ISIC_3535882,IL_0927709,dermoscopic,MEL
ISIC_3536529,IL_8784837,clinical: close-up,SCCKA
ISIC_3537131,IL_5829281,dermoscopic,BCC
ISIC_3538568,IL_0793725,dermoscopic,AKIEC
ISIC_3540017,IL_1861760,dermoscopic,DF
ISIC_3540482,IL_7995949,dermoscopic,NV
ISIC_3542359,IL_4308535,clinical: close-up,AKIEC
ISIC_3543603,IL_2753111,clinical: close-up,SCCKA
ISIC_3547942,IL_7790192,dermoscopic,BCC
ISIC_3548770,IL_6003876,dermoscopic,BCC
ISIC_3553184,IL_9713334,clinical: close-up,DF
ISIC_3553315,IL_6498121,dermoscopic,BCC
ISIC_3553323,IL_5263017,clinical: close-up,NV
ISIC_3555396,IL_0264320,dermoscopic,BKL
ISIC_3558339,IL_0621333,dermoscopic,NV
ISIC_3563806,IL_2048295,clinical: close-up,NV
ISIC_3567091,IL_4923894,dermoscopic,SCCKA
ISIC_3567810,IL_8927794,clinical: close-up,BCC
ISIC_3568310,IL_0956761,dermoscopic,BCC
ISIC_3573102,IL_5206123,clinical: close-up,SCCKA
ISIC_3573447,IL_9126795,clinical: close-up,BCC
ISIC_3574989,IL_0962219,clinical: close-up,BCC
ISIC_3577401,IL_3464725,clinical: close-up,BCC
ISIC_3577478,IL_1670186,dermoscopic,BCC
ISIC_3578842,IL_6480274,dermoscopic,BCC
ISIC_3581058,IL_7528128,clinical: close-up,DF
ISIC_3584809,IL_6660320,dermoscopic,INF
ISIC_3585759,IL_9782859,dermoscopic,BCC
ISIC_3587587,IL_8376298,clinical: close-up,DF
ISIC_3587674,IL_3503825,dermoscopic,MEL
ISIC_3587898,IL_6860509,dermoscopic,NV
ISIC_3590185,IL_0681349,clinical: close-up,NV
ISIC_3591898,IL_4730511,dermoscopic,SCCKA
ISIC_3594514,IL_3204310,dermoscopic,MEL
ISIC_3594638,IL_4344178,dermoscopic,NV
ISIC_3595631,IL_4730511,clinical: close-up,SCCKA
ISIC_3596200,IL_3857258,clinical: close-up,BCC
ISIC_3596524,IL_8783670,dermoscopic,BCC
ISIC_3597945,IL_1334935,dermoscopic,NV
ISIC_3599295,IL_3150331,dermoscopic,BCC
ISIC_3599799,IL_6118153,dermoscopic,NV
ISIC_3601357,IL_2383580,clinical: close-up,AKIEC
ISIC_3601726,IL_9904066,clinical: close-up,BCC
ISIC_3601752,IL_6741185,clinical: close-up,MEL
ISIC_3602145,IL_7167860,dermoscopic,INF
ISIC_3606192,IL_7672692,dermoscopic,BCC
ISIC_3609001,IL_9403422,dermoscopic,BCC
ISIC_3610123,IL_7336538,clinical: close-up,BCC
ISIC_3610158,IL_2185825,clinical: close-up,BKL
ISIC_3612044,IL_7619356,dermoscopic,NV
ISIC_3613098,IL_4108143,clinical: close-up,NV
ISIC_3613928,IL_3559203,clinical: close-up,BCC
ISIC_3619795,IL_7550405,clinical: close-up,BCC
ISIC_3624913,IL_0004688,dermoscopic,BCC
ISIC_3625335,IL_4455323,dermoscopic,AKIEC
ISIC_3626191,IL_3405396,dermoscopic,MEL
ISIC_3627147,IL_5842745,dermoscopic,AKIEC
ISIC_3627672,IL_1844435,dermoscopic,MEL
ISIC_3628920,IL_5476058,clinical: close-up,BKL
ISIC_3629047,IL_8602483,clinical: close-up,BCC
ISIC_3631183,IL_9793806,dermoscopic,BCC
ISIC_3631653,IL_4601924,dermoscopic,SCCKA
ISIC_3633147,IL_3703578,dermoscopic,AKIEC
ISIC_3636953,IL_0328020,dermoscopic,MEL
ISIC_3637593,IL_9607410,dermoscopic,BCC
ISIC_3638194,IL_6481274,clinical: close-up,BCC
ISIC_3639193,IL_4918224,clinical: close-up,BKL
ISIC_3640695,IL_7361065,clinical: close-up,BCC
ISIC_3642584,IL_0433789,dermoscopic,MEL
ISIC_3642704,IL_0424747,dermoscopic,NV
ISIC_3643046,IL_2357169,clinical: close-up,BKL
ISIC_3644082,IL_7871086,dermoscopic,BCC
ISIC_3644112,IL_0817869,clinical: close-up,NV
ISIC_3644578,IL_3783944,clinical: close-up,AKIEC
ISIC_3646755,IL_7650602,clinical: close-up,BCC
ISIC_3653173,IL_1175883,clinical: close-up,AKIEC
ISIC_3654837,IL_9835654,dermoscopic,BCC
ISIC_3656292,IL_8312438,clinical: close-up,MEL
ISIC_3657842,IL_1392309,clinical: close-up,BCC
ISIC_3658597,IL_2587941,dermoscopic,BKL
ISIC_3666907,IL_6322271,dermoscopic,NV
ISIC_3667052,IL_6904251,dermoscopic,MEL
ISIC_3668445,IL_5287926,dermoscopic,NV
ISIC_3669176,IL_9943627,dermoscopic,BCC
ISIC_3670069,IL_8339852,dermoscopic,MEL
ISIC_3672274,IL_2480187,dermoscopic,BCC
ISIC_3672764,IL_4974594,clinical: close-up,DF
ISIC_3672834,IL_7217453,clinical: close-up,NV
ISIC_3672849,IL_0769866,clinical: close-up,BCC
ISIC_3673744,IL_7825634,dermoscopic,INF
ISIC_3673916,IL_3160431,dermoscopic,NV
ISIC_3675396,IL_6816811,dermoscopic,BCC
ISIC_3675883,IL_7480471,dermoscopic,AKIEC
ISIC_3676848,IL_1671392,clinical: close-up,NV
ISIC_3678654,IL_3783944,dermoscopic,AKIEC
ISIC_3679455,IL_5844694,clinical: close-up,BCC
ISIC_3685271,IL_8890453,clinical: close-up,NV
ISIC_3687721,IL_1434019,dermoscopic,NV
ISIC_3688805,IL_7510888,dermoscopic,BCC
ISIC_3689085,IL_2274698,dermoscopic,BCC
ISIC_3689711,IL_4885447,dermoscopic,SCCKA
ISIC_3690079,IL_4850244,clinical: close-up,BKL
ISIC_3691801,IL_9871188,dermoscopic,BCC
ISIC_3693749,IL_2875964,clinical: close-up,BCC
ISIC_3694172,IL_3562985,clinical: close-up,SCCKA
ISIC_3698441,IL_4522594,dermoscopic,MEL
ISIC_3701587,IL_0149726,clinical: close-up,MEL
ISIC_3703123,IL_4987337,dermoscopic,BCC
ISIC_3705057,IL_8209280,dermoscopic,SCCKA
ISIC_3705158,IL_4756985,dermoscopic,BCC
ISIC_3706698,IL_9725975,dermoscopic,BKL
ISIC_3707347,IL_1187197,clinical: close-up,BKL
ISIC_3708140,IL_0811004,clinical: close-up,BCC
ISIC_3712412,IL_5129613,dermoscopic,BCC
ISIC_3713055,IL_9059255,dermoscopic,SCCKA
ISIC_3715127,IL_8357154,dermoscopic,BKL
ISIC_3715527,IL_2568881,clinical: close-up,BCC
ISIC_3716241,IL_3727802,clinical: close-up,BCC
ISIC_3716373,IL_7361410,clinical: close-up,NV
ISIC_3717176,IL_0873874,dermoscopic,BCC
ISIC_3719395,IL_7759035,clinical: close-up,BCC
ISIC_3720143,IL_9667838,dermoscopic,NV
ISIC_3721391,IL_8296810,dermoscopic,BCC
ISIC_3722054,IL_2156585,dermoscopic,SCCKA
ISIC_3723692,IL_8562914,clinical: close-up,BCC
ISIC_3724648,IL_2679001,clinical: close-up,BCC
ISIC_3727364,IL_7204368,clinical: close-up,BCC
ISIC_3727371,IL_4591164,dermoscopic,BCC
ISIC_3727735,IL_4186726,dermoscopic,NV
ISIC_3729094,IL_4050441,clinical: close-up,BCC
ISIC_3729865,IL_4600654,dermoscopic,BCC
ISIC_3730239,IL_5263017,dermoscopic,NV
ISIC_3733902,IL_3462420,dermoscopic,BCC
ISIC_3735182,IL_4384125,dermoscopic,BCC
ISIC_3735481,IL_8711838,dermoscopic,BCC
ISIC_3735485,IL_5675707,clinical: close-up,NV
ISIC_3736563,IL_5482289,clinical: close-up,DF
ISIC_3739337,IL_0538845,clinical: close-up,BCC
ISIC_3740583,IL_5220758,clinical: close-up,BCC
ISIC_3740957,IL_5555860,clinical: close-up,BCC
ISIC_3740979,IL_5816331,clinical: close-up,NV
ISIC_3741929,IL_7727942,dermoscopic,BCC
ISIC_3744853,IL_2128198,clinical: close-up,DF
ISIC_3746960,IL_0699958,clinical: close-up,NV
ISIC_3748464,IL_8595325,clinical: close-up,NV
ISIC_3748838,IL_7510888,clinical: close-up,BCC
ISIC_3750512,IL_7983668,dermoscopic,NV
ISIC_3751292,IL_4505417,dermoscopic,SCCKA
ISIC_3751769,IL_9308328,clinical: close-up,NV
ISIC_3757262,IL_9978605,clinical: close-up,BCC
ISIC_3759305,IL_8487012,clinical: close-up,BCC
ISIC_3762115,IL_8007348,dermoscopic,BCC
ISIC_3765070,IL_3560124,clinical: close-up,NV
ISIC_3765481,IL_6016722,dermoscopic,BCC
ISIC_3766990,IL_5078787,dermoscopic,BCC
ISIC_3769180,IL_9142917,dermoscopic,BCC
ISIC_3769921,IL_9592947,clinical: close-up,AKIEC
ISIC_3770484,IL_8993407,clinical: close-up,BCC
ISIC_3772519,IL_6344914,dermoscopic,NV
ISIC_3773277,IL_6084278,dermoscopic,MEL
ISIC_3774739,IL_0399009,clinical: close-up,BCC
ISIC_3776498,IL_5625000,clinical: close-up,BCC
ISIC_3776721,IL_5042712,clinical: close-up,BCC
ISIC_3778059,IL_0850769,clinical: close-up,SCCKA
ISIC_3779625,IL_6527343,dermoscopic,MEL
ISIC_3782736,IL_9992890,dermoscopic,BCC
ISIC_3782771,IL_0364539,dermoscopic,BCC
ISIC_3784009,IL_5572496,clinical: close-up,NV
ISIC_3785074,IL_3211477,clinical: close-up,BCC
ISIC_3786263,IL_2194640,clinical: close-up,BCC
ISIC_3788301,IL_4429856,dermoscopic,SCCKA
ISIC_3788562,IL_3660517,dermoscopic,BCC
ISIC_3788989,IL_7523112,dermoscopic,BCC
ISIC_3789914,IL_2925087,dermoscopic,AKIEC
ISIC_3791100,IL_2587941,clinical: close-up,BKL
ISIC_3791559,IL_4708897,dermoscopic,BCC
ISIC_3792868,IL_5187817,dermoscopic,BCC
ISIC_3793299,IL_8578083,clinical: close-up,BCC
ISIC_3794620,IL_3205547,dermoscopic,BKL
ISIC_3797221,IL_4571566,clinical: close-up,BCC
ISIC_3797260,IL_9880889,dermoscopic,NV
ISIC_3799953,IL_8487012,dermoscopic,BCC
ISIC_3807230,IL_6741185,dermoscopic,MEL
ISIC_3814826,IL_9529350,clinical: close-up,SCCKA
ISIC_3817961,IL_7938649,clinical: close-up,BCC
ISIC_3818412,IL_5076594,dermoscopic,BCC
ISIC_3818927,IL_0107208,dermoscopic,BCC
ISIC_3819646,IL_9321885,clinical: close-up,MEL
ISIC_3822340,IL_5832073,dermoscopic,BKL
ISIC_3822722,IL_3638399,dermoscopic,BKL
ISIC_3824264,IL_9617690,dermoscopic,BCC
ISIC_3826101,IL_4571566,dermoscopic,BCC
ISIC_3827392,IL_7130960,clinical: close-up,NV
ISIC_3830454,IL_6449615,clinical: close-up,INF
ISIC_3830802,IL_6923101,clinical: close-up,BKL
ISIC_3831165,IL_5439022,dermoscopic,NV
ISIC_3831775,IL_3212052,dermoscopic,NV
ISIC_3831969,IL_6052166,clinical: close-up,SCCKA
ISIC_3833952,IL_1509760,clinical: close-up,BCC
ISIC_3836605,IL_1066401,clinical: close-up,SCCKA
ISIC_3838800,IL_5566169,clinical: close-up,NV
ISIC_3838940,IL_6014318,clinical: close-up,BCC
ISIC_3841279,IL_0532409,clinical: close-up,BCC
ISIC_3843458,IL_0218048,clinical: close-up,MEL
ISIC_3845463,IL_0125182,clinical: close-up,BCC
ISIC_3845812,IL_1480174,clinical: close-up,BCC
ISIC_3846256,IL_3673617,dermoscopic,BCC
ISIC_3846262,IL_5372294,dermoscopic,BCC
ISIC_3852303,IL_9724863,clinical: close-up,SCCKA
ISIC_3852630,IL_7555285,dermoscopic,BKL
ISIC_3853115,IL_3836010,clinical: close-up,BCC
ISIC_3859478,IL_0762658,dermoscopic,BCC
ISIC_3861067,IL_1077791,clinical: close-up,SCCKA
ISIC_3862963,IL_1918190,dermoscopic,BCC
ISIC_3865889,IL_2328752,clinical: close-up,BCC
ISIC_3866655,IL_1139231,dermoscopic,NV
ISIC_3869200,IL_7570811,dermoscopic,BCC
ISIC_3869672,IL_6980799,dermoscopic,BCC
ISIC_3871156,IL_3077425,clinical: close-up,NV
ISIC_3873657,IL_1577473,clinical: close-up,SCCKA
ISIC_3874242,IL_0100733,dermoscopic,BEN_OTH
ISIC_3875460,IL_9565456,clinical: close-up,BCC
ISIC_3877266,IL_5192091,dermoscopic,BCC
ISIC_3877513,IL_7913171,dermoscopic,BCC
ISIC_3881677,IL_3070749,dermoscopic,BCC
ISIC_3881896,IL_0033882,dermoscopic,BCC
ISIC_3884851,IL_8293673,clinical: close-up,NV
ISIC_3885798,IL_0444889,clinical: close-up,NV
ISIC_3885903,IL_1871141,clinical: close-up,AKIEC
ISIC_3888868,IL_7257549,dermoscopic,BCC
ISIC_3892538,IL_6583801,dermoscopic,BKL
ISIC_3897449,IL_6384302,clinical: close-up,BCC
ISIC_3897642,IL_1880052,clinical: close-up,BCC
ISIC_3897686,IL_0941988,dermoscopic,BCC
ISIC_3900958,IL_9375634,clinical: close-up,MEL
ISIC_3902457,IL_1595828,clinical: close-up,BKL
ISIC_3902522,IL_2131051,dermoscopic,BCC
ISIC_3903505,IL_1405890,clinical: close-up,MEL
ISIC_3905088,IL_9265331,dermoscopic,BKL
ISIC_3905157,IL_8892581,dermoscopic,SCCKA
ISIC_3905379,IL_0770948,clinical: close-up,SCCKA
ISIC_3906512,IL_7678083,dermoscopic,BKL
ISIC_3910778,IL_9180227,dermoscopic,SCCKA
ISIC_3911179,IL_8259171,dermoscopic,BCC
ISIC_3914025,IL_8003176,clinical: close-up,SCCKA
ISIC_3917002,IL_4970478,dermoscopic,BCC
ISIC_3918888,IL_0963446,dermoscopic,BCC
ISIC_3924227,IL_5328329,clinical: close-up,BCC
ISIC_3925970,IL_5311950,clinical: close-up,NV
ISIC_3926968,IL_5154479,dermoscopic,BCC
ISIC_3928700,IL_3504341,clinical: close-up,BCC
ISIC_3931844,IL_6660376,clinical: close-up,MEL
ISIC_3932303,IL_3392979,clinical: close-up,NV
ISIC_3933164,IL_9003508,dermoscopic,MEL
ISIC_3933356,IL_6832488,clinical: close-up,BEN_OTH
ISIC_3933736,IL_7533213,dermoscopic,SCCKA
ISIC_3934861,IL_2659393,dermoscopic,BCC
ISIC_3934885,IL_7650602,dermoscopic,BCC
ISIC_3935952,IL_4682243,clinical: close-up,BCC
ISIC_3938095,IL_6847653,dermoscopic,BCC
ISIC_3939868,IL_5311399,clinical: close-up,BCC
ISIC_3942749,IL_4988250,clinical: close-up,BCC
ISIC_3943135,IL_7964998,dermoscopic,NV
ISIC_3943289,IL_5765069,clinical: close-up,BCC
ISIC_3945933,IL_5482289,dermoscopic,DF
ISIC_3945964,IL_3758218,clinical: close-up,BCC
ISIC_3946401,IL_6021149,dermoscopic,BCC
ISIC_3947520,IL_9395136,clinical: close-up,BCC
ISIC_3950514,IL_4132996,dermoscopic,MEL
ISIC_3952412,IL_0402480,dermoscopic,INF
ISIC_3952676,IL_5947209,clinical: close-up,BCC
ISIC_3959129,IL_9998211,dermoscopic,NV
ISIC_3959713,IL_9749729,dermoscopic,BCC
ISIC_3961758,IL_7631753,clinical: close-up,BCC
ISIC_3963646,IL_4865412,clinical: close-up,BCC
ISIC_3965246,IL_5922871,clinical: close-up,BCC
ISIC_3965502,IL_1561326,dermoscopic,BCC
ISIC_3967417,IL_3340189,dermoscopic,BCC
ISIC_3967970,IL_8748283,clinical: close-up,BCC
ISIC_3970730,IL_2935658,clinical: close-up,NV
ISIC_3974488,IL_5425299,dermoscopic,BCC
ISIC_3974637,IL_7273243,clinical: close-up,NV
ISIC_3974904,IL_6281110,dermoscopic,BCC
ISIC_3977951,IL_3836672,clinical: close-up,MEL
ISIC_3979561,IL_2383953,clinical: close-up,BCC
ISIC_3981430,IL_0949755,dermoscopic,BCC
ISIC_3981911,IL_3293897,dermoscopic,BCC
ISIC_3982759,IL_3361305,dermoscopic,SCCKA
ISIC_3984912,IL_9891746,clinical: close-up,MEL
ISIC_3985588,IL_7769284,clinical: close-up,BCC
ISIC_3986103,IL_5356677,dermoscopic,SCCKA
ISIC_3986538,IL_1846045,dermoscopic,BCC
ISIC_3991986,IL_2528819,clinical: close-up,NV
ISIC_3994760,IL_1057711,clinical: close-up,NV
ISIC_3995849,IL_4910941,dermoscopic,BCC
ISIC_3997102,IL_6518522,dermoscopic,BCC
ISIC_3999304,IL_4845726,dermoscopic,NV
ISIC_4009830,IL_4019349,clinical: close-up,BCC
ISIC_4013061,IL_5163548,clinical: close-up,NV
ISIC_4013307,IL_3237666,dermoscopic,BCC
ISIC_4014870,IL_8937379,clinical: close-up,BKL
ISIC_4017835,IL_5858663,clinical: close-up,AKIEC
ISIC_4018978,IL_6665105,clinical: close-up,AKIEC
ISIC_4020367,IL_0386446,dermoscopic,BCC
ISIC_4021072,IL_7798447,clinical: close-up,BCC
ISIC_4022680,IL_8266554,clinical: close-up,NV
ISIC_4028370,IL_3424519,dermoscopic,NV
ISIC_4030354,IL_6617592,dermoscopic,MEL
ISIC_4031105,IL_3070749,clinical: close-up,BCC
ISIC_4031450,IL_5361790,clinical: close-up,NV
ISIC_4032370,IL_8650948,dermoscopic,SCCKA
ISIC_4033538,IL_5697539,clinical: close-up,AKIEC
ISIC_4034716,IL_7928790,clinical: close-up,SCCKA
ISIC_4037796,IL_6613281,clinical: close-up,BCC
ISIC_4040199,IL_0810155,clinical: close-up,MEL
ISIC_4042084,IL_7443834,clinical: close-up,BCC
ISIC_4042132,IL_6893895,dermoscopic,SCCKA
ISIC_4043651,IL_5577465,dermoscopic,NV
ISIC_4046643,IL_1778367,clinical: close-up,BCC
ISIC_4048377,IL_3452976,clinical: close-up,BCC
ISIC_4051459,IL_2821398,clinical: close-up,BCC
ISIC_4051514,IL_7855473,dermoscopic,NV
ISIC_4051799,IL_7199069,dermoscopic,BCC
ISIC_4057179,IL_7911942,clinical: close-up,MEL
ISIC_4057182,IL_9782859,clinical: close-up,BCC
ISIC_4058425,IL_8142572,clinical: close-up,NV
ISIC_4060384,IL_4323470,dermoscopic,BCC
ISIC_4061154,IL_3478761,dermoscopic,BCC
ISIC_4062304,IL_9689394,dermoscopic,BCC
ISIC_4064312,IL_9556887,clinical: close-up,BKL
ISIC_4065190,IL_3609396,clinical: close-up,BCC
ISIC_4065991,IL_4486702,clinical: close-up,BKL
ISIC_4066448,IL_1393794,clinical: close-up,BCC
ISIC_4066771,IL_4147641,dermoscopic,SCCKA
ISIC_4070008,IL_9943319,clinical: close-up,NV
ISIC_4071634,IL_1608100,clinical: close-up,NV
ISIC_4071700,IL_1882056,clinical: close-up,MEL
ISIC_4071946,IL_4615108,clinical: close-up,BCC
ISIC_4072524,IL_3577604,dermoscopic,BCC
ISIC_4072785,IL_8638873,clinical: close-up,NV
ISIC_4075407,IL_4647255,clinical: close-up,BCC
ISIC_4075850,IL_7431688,dermoscopic,SCCKA
ISIC_4080973,IL_7198144,dermoscopic,BCC
ISIC_4081526,IL_7523112,clinical: close-up,BCC
ISIC_4082323,IL_6873122,clinical: close-up,BCC
ISIC_4082328,IL_8460509,dermoscopic,MEL
ISIC_4082454,IL_2634842,dermoscopic,BCC
ISIC_4083123,IL_5133299,clinical: close-up,MEL
ISIC_4083158,IL_0614048,dermoscopic,NV
ISIC_4091147,IL_7480471,clinical: close-up,AKIEC
ISIC_4092604,IL_0825949,dermoscopic,BCC
ISIC_4093606,IL_8186190,dermoscopic,BCC
ISIC_4097142,IL_2508861,clinical: close-up,AKIEC
ISIC_4098601,IL_5767772,clinical: close-up,SCCKA
ISIC_4101918,IL_3837835,dermoscopic,BCC
ISIC_4103277,IL_7509121,clinical: close-up,BCC
ISIC_4103339,IL_6336481,dermoscopic,SCCKA
ISIC_4104512,IL_2390458,clinical: close-up,BCC
ISIC_4106032,IL_9104485,dermoscopic,BKL
ISIC_4109800,IL_7257166,clinical: close-up,BCC
ISIC_4112456,IL_0844801,dermoscopic,NV
ISIC_4112547,IL_9614989,clinical: close-up,BKL
ISIC_4113126,IL_6916787,clinical: close-up,MEL
ISIC_4113429,IL_6505724,dermoscopic,BCC
ISIC_4113553,IL_3982236,dermoscopic,BKL
ISIC_4116218,IL_2815736,dermoscopic,SCCKA
ISIC_4117748,IL_0375356,dermoscopic,MEL
ISIC_4117941,IL_6847557,clinical: close-up,NV
ISIC_4120065,IL_0909755,clinical: close-up,NV
ISIC_4120304,IL_3845206,dermoscopic,BKL
ISIC_4122632,IL_2881037,clinical: close-up,BCC
ISIC_4123254,IL_4185441,clinical: close-up,BCC
ISIC_4123715,IL_1443713,clinical: close-up,BCC
ISIC_4127514,IL_2638110,clinical: close-up,MEL
ISIC_4132905,IL_6475801,dermoscopic,BCC
ISIC_4133448,IL_6691831,dermoscopic,BCC
ISIC_4135378,IL_7206184,clinical: close-up,AKIEC
ISIC_4135497,IL_0137493,dermoscopic,BCC
ISIC_4138482,IL_0266076,clinical: close-up,BCC
ISIC_4138489,IL_0705528,dermoscopic,BCC
ISIC_4138716,IL_0183428,clinical: close-up,BCC
ISIC_4139755,IL_8711838,clinical: close-up,BCC
ISIC_4140673,IL_0145900,clinical: close-up,BCC
ISIC_4141251,IL_3995559,dermoscopic,MEL
ISIC_4141321,IL_8326095,dermoscopic,BCC
ISIC_4146139,IL_2659865,dermoscopic,MEL
ISIC_4146599,IL_0780596,clinical: close-up,BKL
ISIC_4150948,IL_2113413,clinical: close-up,BKL
ISIC_4154321,IL_0588498,clinical: close-up,BKL
ISIC_4155762,IL_6733818,clinical: close-up,BCC
ISIC_4156101,IL_1846045,clinical: close-up,BCC
ISIC_4156628,IL_3632204,dermoscopic,NV
ISIC_4156886,IL_3162928,clinical: close-up,NV
ISIC_4157522,IL_3938261,dermoscopic,BCC
ISIC_4158420,IL_7237834,clinical: close-up,BCC
ISIC_4161639,IL_3148978,clinical: close-up,BCC
ISIC_4167447,IL_7728761,dermoscopic,SCCKA
ISIC_4168419,IL_1622119,dermoscopic,MEL
ISIC_4168673,IL_9720231,dermoscopic,BCC
ISIC_4169509,IL_0541987,dermoscopic,BCC
ISIC_4170754,IL_3580495,clinical: close-up,BKL
ISIC_4171190,IL_7274856,clinical: close-up,BKL
ISIC_4171479,IL_1606661,clinical: close-up,NV
ISIC_4171839,IL_4935595,dermoscopic,NV
ISIC_4174672,IL_4755561,dermoscopic,NV
ISIC_4175828,IL_6226671,clinical: close-up,BCC
ISIC_4176839,IL_2867550,clinical: close-up,MEL
ISIC_4177510,IL_8384410,clinical: close-up,SCCKA
ISIC_4178690,IL_1032364,dermoscopic,VASC
ISIC_4179264,IL_2522650,clinical: close-up,BCC
ISIC_4179757,IL_1943405,clinical: close-up,BCC
ISIC_4180763,IL_9379939,clinical: close-up,SCCKA
ISIC_4181074,IL_9344336,clinical: close-up,DF
ISIC_4181298,IL_4067349,clinical: close-up,BCC
ISIC_4184819,IL_5699716,dermoscopic,BKL
ISIC_4185473,IL_9113822,dermoscopic,BCC
ISIC_4185934,IL_6718051,dermoscopic,BCC
ISIC_4187456,IL_5328329,dermoscopic,BCC
ISIC_4191448,IL_7724286,dermoscopic,BKL
ISIC_4191930,IL_4508203,dermoscopic,AKIEC
ISIC_4194168,IL_8116058,dermoscopic,AKIEC
ISIC_4194365,IL_5764702,clinical: close-up,BCC
ISIC_4194491,IL_0624945,clinical: close-up,MEL
ISIC_4194507,IL_1453755,clinical: close-up,SCCKA
ISIC_4196278,IL_1657109,dermoscopic,NV
ISIC_4198936,IL_4547617,clinical: close-up,MEL
ISIC_4200513,IL_2621317,dermoscopic,SCCKA
ISIC_4203842,IL_2638110,dermoscopic,MEL
ISIC_4204828,IL_1392309,dermoscopic,BCC
ISIC_4205403,IL_8612216,clinical: close-up,BCC
ISIC_4206533,IL_8187329,clinical: close-up,BCC
ISIC_4209803,IL_9540986,dermoscopic,NV
ISIC_4210097,IL_6336605,dermoscopic,AKIEC
ISIC_4210592,IL_5417384,clinical: close-up,BCC
ISIC_4213914,IL_1950813,dermoscopic,BCC
ISIC_4216061,IL_1555108,dermoscopic,BEN_OTH
ISIC_4216162,IL_0515477,dermoscopic,BCC
ISIC_4217947,IL_9785739,clinical: close-up,NV
ISIC_4218589,IL_0347019,dermoscopic,BCC
ISIC_4222750,IL_7136276,dermoscopic,AKIEC
ISIC_4222832,IL_6987623,clinical: close-up,SCCKA
ISIC_4222996,IL_0147242,clinical: close-up,BCC
ISIC_4225046,IL_5375403,clinical: close-up,BKL
ISIC_4225100,IL_0271647,clinical: close-up,BCC
ISIC_4225552,IL_4530346,dermoscopic,BCC
ISIC_4225650,IL_8115579,dermoscopic,AKIEC
ISIC_4226769,IL_7913171,clinical: close-up,BCC
ISIC_4228893,IL_1066260,dermoscopic,NV
ISIC_4230181,IL_4314466,dermoscopic,BCC
ISIC_4230532,IL_2533791,clinical: close-up,NV
ISIC_4231056,IL_4915853,dermoscopic,BKL
ISIC_4231378,IL_9031003,dermoscopic,BCC
ISIC_4235575,IL_9021517,dermoscopic,MEL
ISIC_4235697,IL_8606392,dermoscopic,BEN_OTH
ISIC_4235972,IL_6066269,dermoscopic,BKL
ISIC_4236187,IL_6802806,dermoscopic,BCC
ISIC_4237744,IL_6594915,dermoscopic,MEL
ISIC_4237789,IL_8557195,clinical: close-up,BEN_OTH
ISIC_4243006,IL_2811473,dermoscopic,MEL
ISIC_4245317,IL_3046914,clinical: close-up,BCC
ISIC_4246217,IL_1651344,clinical: close-up,DF
ISIC_4247695,IL_8110471,dermoscopic,BKL
ISIC_4249004,IL_3492505,dermoscopic,BCC
ISIC_4252005,IL_8050386,dermoscopic,BCC
ISIC_4252694,IL_4332595,dermoscopic,BCC
ISIC_4253845,IL_6617592,clinical: close-up,MEL
ISIC_4254329,IL_8193590,clinical: close-up,MEL
ISIC_4257125,IL_2326581,clinical: close-up,BCC
ISIC_4257866,IL_6106772,dermoscopic,NV
ISIC_4261803,IL_3408986,clinical: close-up,BCC
ISIC_4263491,IL_9027780,clinical: close-up,AKIEC
ISIC_4265404,IL_0416544,clinical: close-up,NV
ISIC_4267147,IL_9439470,clinical: close-up,BKL
ISIC_4268667,IL_7713182,clinical: close-up,NV
ISIC_4268847,IL_3069330,clinical: close-up,BCC
ISIC_4268989,IL_0503827,clinical: close-up,AKIEC
ISIC_4270494,IL_4860977,dermoscopic,BCC
ISIC_4272095,IL_1965425,dermoscopic,BCC
ISIC_4272600,IL_2497453,dermoscopic,SCCKA
ISIC_4273109,IL_2649297,clinical: close-up,NV
ISIC_4273674,IL_9926530,dermoscopic,NV
ISIC_4275620,IL_0919212,clinical: close-up,BCC
ISIC_4277194,IL_9341365,dermoscopic,SCCKA
ISIC_4277953,IL_5133299,dermoscopic,MEL
ISIC_4279073,IL_6359555,clinical: close-up,NV
ISIC_4281031,IL_9448011,dermoscopic,BCC
ISIC_4281048,IL_7539443,dermoscopic,BKL
ISIC_4283540,IL_1253074,clinical: close-up,BCC
ISIC_4285661,IL_1608050,clinical: close-up,BCC
ISIC_4288009,IL_1575881,clinical: close-up,NV
ISIC_4294236,IL_4116292,clinical: close-up,NV
ISIC_4296407,IL_3231660,dermoscopic,MEL
ISIC_4297812,IL_6575450,dermoscopic,AKIEC
ISIC_4299958,IL_7444227,clinical: close-up,AKIEC
ISIC_4301316,IL_3237666,clinical: close-up,BCC
ISIC_4301953,IL_5818168,dermoscopic,BCC
ISIC_4302597,IL_6665105,dermoscopic,AKIEC
ISIC_4307237,IL_2514915,dermoscopic,BKL
ISIC_4307964,IL_5011583,clinical: close-up,BCC
ISIC_4308394,IL_7910174,clinical: close-up,SCCKA
ISIC_4308587,IL_4667770,dermoscopic,AKIEC
ISIC_4312494,IL_1159424,dermoscopic,MEL
ISIC_4314742,IL_6636674,dermoscopic,AKIEC
ISIC_4315074,IL_3884905,dermoscopic,DF
ISIC_4315238,IL_9173333,clinical: close-up,BCC
ISIC_4315588,IL_4756985,clinical: close-up,BCC
ISIC_4316216,IL_7750546,clinical: close-up,NV
ISIC_4316755,IL_4438547,clinical: close-up,NV
ISIC_4318027,IL_4922531,clinical: close-up,MEL
ISIC_4320592,IL_2334846,clinical: close-up,MEL
ISIC_4324758,IL_0335720,dermoscopic,DF
ISIC_4325233,IL_3767743,dermoscopic,BCC
ISIC_4329526,IL_3511667,dermoscopic,BKL
ISIC_4330850,IL_5924727,clinical: close-up,BKL
ISIC_4331231,IL_0419934,clinical: close-up,BCC
ISIC_4337693,IL_7974370,dermoscopic,BKL
ISIC_4338535,IL_9554653,dermoscopic,BCC
ISIC_4341118,IL_9199460,dermoscopic,NV
ISIC_4343132,IL_6342379,clinical: close-up,BCC
ISIC_4343144,IL_6420001,clinical: close-up,BCC
ISIC_4345273,IL_7727406,dermoscopic,NV
ISIC_4345415,IL_7534486,dermoscopic,BCC
ISIC_4345756,IL_0061620,dermoscopic,BCC
ISIC_4345819,IL_8038657,clinical: close-up,MEL
ISIC_4345873,IL_2206044,clinical: close-up,NV
ISIC_4347782,IL_3767743,clinical: close-up,BCC
ISIC_4347789,IL_8129688,dermoscopic,NV
ISIC_4348115,IL_0691529,dermoscopic,BCC
ISIC_4349272,IL_7923672,dermoscopic,MEL
ISIC_4350109,IL_1485026,clinical: close-up,BCC
ISIC_4350222,IL_2468895,dermoscopic,BCC
ISIC_4352572,IL_6493670,clinical: close-up,NV
ISIC_4352757,IL_8662195,clinical: close-up,BCC
ISIC_4353551,IL_7447582,dermoscopic,BCC
ISIC_4354115,IL_8955960,dermoscopic,BCC
ISIC_4357637,IL_4997932,dermoscopic,BCC
ISIC_4357940,IL_8053912,dermoscopic,MEL
ISIC_4358555,IL_8621198,clinical: close-up,MEL
ISIC_4358907,IL_9877242,dermoscopic,NV
ISIC_4360620,IL_2139485,dermoscopic,BCC
ISIC_4362069,IL_1645941,clinical: close-up,INF
ISIC_4362166,IL_7859476,clinical: close-up,BCC
ISIC_4363100,IL_7119358,dermoscopic,NV
ISIC_4363333,IL_9368782,dermoscopic,NV
ISIC_4369433,IL_2335600,dermoscopic,SCCKA
ISIC_4370328,IL_9737079,dermoscopic,BCC
ISIC_4371078,IL_7996799,clinical: close-up,BCC
ISIC_4371553,IL_9475061,clinical: close-up,INF
ISIC_4375866,IL_0877533,dermoscopic,MEL
ISIC_4376280,IL_6451411,dermoscopic,BCC
ISIC_4377239,IL_8869881,dermoscopic,BCC
ISIC_4378484,IL_8778181,dermoscopic,NV
ISIC_4378485,IL_8368045,dermoscopic,BCC
ISIC_4381433,IL_4064310,dermoscopic,BCC
ISIC_4381662,IL_1251030,dermoscopic,BCC
ISIC_4382908,IL_4391633,clinical: close-up,BKL
ISIC_4384446,IL_3303655,clinical: close-up,BCC
ISIC_4384547,IL_9552156,dermoscopic,BCC
ISIC_4386149,IL_6361201,dermoscopic,BKL
ISIC_4386519,IL_0769866,dermoscopic,BCC
ISIC_4388573,IL_2609201,dermoscopic,NV
ISIC_4391227,IL_1562251,dermoscopic,BCC
ISIC_4393750,IL_9124015,clinical: close-up,BCC
ISIC_4395957,IL_9980694,clinical: close-up,BCC
ISIC_4397628,IL_2491792,clinical: close-up,MEL
ISIC_4399830,IL_2049093,dermoscopic,BCC
ISIC_4400687,IL_5416595,dermoscopic,NV
ISIC_4401551,IL_5425299,clinical: close-up,BCC
ISIC_4406265,IL_4545799,clinical: close-up,MEL
ISIC_4406973,IL_6037073,dermoscopic,BCC
ISIC_4407741,IL_9007318,clinical: close-up,SCCKA
ISIC_4410078,IL_9600474,dermoscopic,BCC
ISIC_4411067,IL_5482346,dermoscopic,BCC
ISIC_4412646,IL_0807390,dermoscopic,MEL
ISIC_4413011,IL_2610078,dermoscopic,BCC
ISIC_4416373,IL_2759554,dermoscopic,NV
ISIC_4419306,IL_4924937,dermoscopic,BCC
ISIC_4420662,IL_5519397,clinical: close-up,BCC
ISIC_4421697,IL_0994070,dermoscopic,BKL
ISIC_4423752,IL_5507611,dermoscopic,BCC
ISIC_4424010,IL_7726867,clinical: close-up,AKIEC
ISIC_4424871,IL_7377156,clinical: close-up,BCC
ISIC_4425852,IL_5490605,dermoscopic,SCCKA
ISIC_4426257,IL_8312956,dermoscopic,BCC
ISIC_4426808,IL_9949464,dermoscopic,BKL
ISIC_4426986,IL_7727942,clinical: close-up,BCC
ISIC_4427785,IL_7294235,dermoscopic,BCC
ISIC_4428176,IL_4132479,dermoscopic,NV
ISIC_4429526,IL_2229268,clinical: close-up,MEL
ISIC_4429544,IL_1272138,dermoscopic,BCC
ISIC_4430642,IL_6291533,clinical: close-up,MEL
ISIC_4438000,IL_5147950,clinical: close-up,BCC
ISIC_4438089,IL_4794810,clinical: close-up,VASC
ISIC_4439069,IL_1334935,clinical: close-up,NV
ISIC_4439657,IL_3980813,clinical: close-up,BCC
ISIC_4442146,IL_1353481,dermoscopic,BCC
ISIC_4443257,IL_5149230,clinical: close-up,BCC
ISIC_4443638,IL_9150280,dermoscopic,VASC
ISIC_4448691,IL_4421152,clinical: close-up,NV
ISIC_4452365,IL_1925186,clinical: close-up,BCC
ISIC_4454419,IL_4777292,dermoscopic,BCC
ISIC_4456941,IL_1413445,clinical: close-up,SCCKA
ISIC_4458763,IL_6595342,dermoscopic,NV
ISIC_4460423,IL_6853764,clinical: close-up,NV
ISIC_4463160,IL_9770688,dermoscopic,BCC
ISIC_4465960,IL_0317980,dermoscopic,BCC
ISIC_4466925,IL_3511667,clinical: close-up,BKL
ISIC_4467920,IL_9944816,clinical: close-up,BCC
ISIC_4468146,IL_0313731,clinical: close-up,BCC
ISIC_4468660,IL_6452981,clinical: close-up,BCC
ISIC_4469500,IL_0347019,clinical: close-up,BCC
ISIC_4470805,IL_3211477,dermoscopic,BCC
ISIC_4471113,IL_1356310,dermoscopic,BCC
ISIC_4471122,IL_9473685,clinical: close-up,BKL
ISIC_4471156,IL_4601924,clinical: close-up,SCCKA
ISIC_4471703,IL_7918230,clinical: close-up,BCC
ISIC_4472727,IL_9276974,clinical: close-up,BCC
ISIC_4474327,IL_1538944,clinical: close-up,NV
ISIC_4474831,IL_3020505,clinical: close-up,BCC
ISIC_4475597,IL_3884267,clinical: close-up,NV
ISIC_4476901,IL_6011265,clinical: close-up,BCC
ISIC_4480326,IL_9391328,dermoscopic,BCC
ISIC_4481385,IL_8679455,dermoscopic,BCC
ISIC_4482349,IL_3836672,dermoscopic,MEL
ISIC_4483583,IL_5225179,dermoscopic,BCC
ISIC_4484543,IL_0894322,clinical: close-up,BCC
ISIC_4485409,IL_8148828,dermoscopic,BCC
ISIC_4485874,IL_6826946,dermoscopic,BCC
ISIC_4486341,IL_7532764,dermoscopic,BCC
ISIC_4486982,IL_4000063,clinical: close-up,BCC
ISIC_4489436,IL_8449031,clinical: close-up,SCCKA
ISIC_4490552,IL_6853458,dermoscopic,BCC
ISIC_4491028,IL_4486702,dermoscopic,BKL
ISIC_4492675,IL_3007295,clinical: close-up,BCC
ISIC_4493203,IL_9665730,clinical: close-up,MEL
ISIC_4494886,IL_1099248,dermoscopic,BCC
ISIC_4497730,IL_5173093,dermoscopic,BCC
ISIC_4499587,IL_2721473,clinical: close-up,MEL
ISIC_4499650,IL_3518788,dermoscopic,BKL
ISIC_4504390,IL_8679455,clinical: close-up,BCC
ISIC_4505155,IL_5924727,dermoscopic,BKL
ISIC_4506914,IL_0549977,dermoscopic,BCC
ISIC_4509723,IL_0844801,clinical: close-up,NV
ISIC_4514529,IL_0256138,clinical: close-up,NV
ISIC_4516611,IL_7534486,clinical: close-up,BCC
ISIC_4516929,IL_7478637,clinical: close-up,NV
ISIC_4517185,IL_1693296,dermoscopic,VASC
ISIC_4517401,IL_2750641,dermoscopic,BCC
ISIC_4520270,IL_7331550,clinical: close-up,AKIEC
ISIC_4523157,IL_5627565,clinical: close-up,BCC
ISIC_4523213,IL_0335720,clinical: close-up,DF
ISIC_4524898,IL_3991500,clinical: close-up,NV
ISIC_4526175,IL_2351136,clinical: close-up,BCC
ISIC_4529113,IL_6049551,clinical: close-up,BCC
ISIC_4530809,IL_6442141,clinical: close-up,BCC
ISIC_4531147,IL_3550428,clinical: close-up,BCC
ISIC_4533084,IL_6383449,clinical: close-up,NV
ISIC_4534460,IL_7760064,dermoscopic,AKIEC
ISIC_4536103,IL_7147534,dermoscopic,BCC
ISIC_4536273,IL_9565231,clinical: close-up,MEL
ISIC_4541978,IL_7713888,clinical: close-up,BCC
ISIC_4542004,IL_2922462,dermoscopic,BCC
ISIC_4542447,IL_5700109,clinical: close-up,SCCKA
ISIC_4544829,IL_9758278,clinical: close-up,BCC
ISIC_4546388,IL_3156209,dermoscopic,BCC
ISIC_4548708,IL_6847557,dermoscopic,NV
ISIC_4549707,IL_3850759,clinical: close-up,BCC
ISIC_4552372,IL_4720043,dermoscopic,MEL
ISIC_4554893,IL_3481443,dermoscopic,BKL
ISIC_4557242,IL_3307865,clinical: close-up,BCC
ISIC_4557470,IL_0980631,clinical: close-up,BCC
ISIC_4558719,IL_0345607,clinical: close-up,BCC
ISIC_4560708,IL_8908582,clinical: close-up,BCC
ISIC_4562629,IL_3961621,dermoscopic,BCC
ISIC_4564652,IL_5592337,clinical: close-up,AKIEC
ISIC_4565417,IL_7337481,dermoscopic,BCC
ISIC_4568904,IL_2702338,clinical: close-up,MEL
ISIC_4571498,IL_4381974,dermoscopic,BCC
ISIC_4572206,IL_9534602,clinical: close-up,MEL
ISIC_4573337,IL_8565372,dermoscopic,BCC
ISIC_4574340,IL_9448117,clinical: close-up,BCC
ISIC_4574908,IL_3545610,clinical: close-up,AKIEC
ISIC_4575840,IL_6117786,clinical: close-up,MEL
ISIC_4577203,IL_6528074,dermoscopic,BCC
ISIC_4578129,IL_3089993,clinical: close-up,BKL
ISIC_4581129,IL_7072256,dermoscopic,AKIEC
ISIC_4582043,IL_7110419,dermoscopic,BCC
ISIC_4583761,IL_7074375,dermoscopic,BCC
ISIC_4584930,IL_3239005,clinical: close-up,SCCKA
ISIC_4584962,IL_2055704,dermoscopic,NV
ISIC_4586954,IL_9579580,dermoscopic,MEL
ISIC_4587766,IL_0868364,clinical: close-up,DF
ISIC_4588701,IL_0399009,dermoscopic,BCC
ISIC_4588970,IL_7469546,dermoscopic,NV
ISIC_4589630,IL_8484491,dermoscopic,BCC
ISIC_4590231,IL_3845206,clinical: close-up,BKL
ISIC_4590345,IL_8338996,clinical: close-up,BEN_OTH
ISIC_4591575,IL_7348200,dermoscopic,BCC
ISIC_4597516,IL_3319164,clinical: close-up,AKIEC
ISIC_4597624,IL_0203872,clinical: close-up,MEL
ISIC_4598485,IL_2211559,dermoscopic,BCC
ISIC_4599594,IL_8445981,dermoscopic,BCC
ISIC_4602130,IL_0469589,dermoscopic,SCCKA
ISIC_4602849,IL_8805142,dermoscopic,BKL
ISIC_4602943,IL_2585626,clinical: close-up,AKIEC
ISIC_4604978,IL_7018812,dermoscopic,NV
ISIC_4605939,IL_8211957,dermoscopic,BCC
ISIC_4607582,IL_3392979,dermoscopic,NV
ISIC_4608930,IL_3850759,dermoscopic,BCC
ISIC_4609417,IL_8562069,dermoscopic,BCC
ISIC_4612891,IL_7464523,clinical: close-up,SCCKA
ISIC_4613132,IL_1779696,clinical: close-up,BKL
ISIC_4617290,IL_4375831,dermoscopic,VASC
ISIC_4618150,IL_2317693,clinical: close-up,NV
ISIC_4620865,IL_0528768,clinical: close-up,BCC
ISIC_4621745,IL_1528983,clinical: close-up,BCC
ISIC_4622192,IL_0913483,dermoscopic,NV
ISIC_4622676,IL_6052166,dermoscopic,SCCKA
ISIC_4629088,IL_6546506,dermoscopic,SCCKA
ISIC_4630771,IL_2908166,dermoscopic,BKL
ISIC_4631892,IL_2273559,clinical: close-up,BCC
ISIC_4632123,IL_3087149,dermoscopic,BKL
ISIC_4635975,IL_7400064,clinical: close-up,BKL
ISIC_4637440,IL_8576220,dermoscopic,BCC
ISIC_4637590,IL_0762658,clinical: close-up,BCC
ISIC_4639978,IL_8507702,clinical: close-up,BKL
ISIC_4640979,IL_0993436,clinical: close-up,BCC
ISIC_4641356,IL_9231229,dermoscopic,MEL
ISIC_4641479,IL_2557121,clinical: close-up,BCC
ISIC_4642078,IL_8115579,clinical: close-up,AKIEC
ISIC_4642906,IL_2895594,dermoscopic,VASC
ISIC_4646662,IL_2980838,dermoscopic,BKL
ISIC_4647126,IL_2234057,dermoscopic,SCCKA
ISIC_4648640,IL_7680200,dermoscopic,AKIEC
ISIC_4648933,IL_6332213,dermoscopic,BCC
ISIC_4649816,IL_4203522,dermoscopic,BCC
ISIC_4652327,IL_8038373,clinical: close-up,BCC
ISIC_4653572,IL_2711226,dermoscopic,SCCKA
ISIC_4653787,IL_9975498,clinical: close-up,INF
ISIC_4654586,IL_8604749,dermoscopic,AKIEC
ISIC_4654961,IL_6591567,clinical: close-up,BCC
ISIC_4655906,IL_0364539,clinical: close-up,BCC
ISIC_4656199,IL_7760454,dermoscopic,BCC
ISIC_4656723,IL_3214039,clinical: close-up,MEL
ISIC_4659670,IL_1740059,dermoscopic,VASC
ISIC_4661049,IL_4900947,clinical: close-up,NV
ISIC_4662348,IL_7363444,dermoscopic,BCC
ISIC_4662941,IL_2426275,clinical: close-up,BCC
ISIC_4666384,IL_6466353,clinical: close-up,BKL
ISIC_4671410,IL_0000652,dermoscopic,BCC
ISIC_4671582,IL_2740956,dermoscopic,BCC
ISIC_4672310,IL_7832293,clinical: close-up,BCC
ISIC_4674125,IL_1090086,dermoscopic,BCC
ISIC_4675163,IL_3802643,clinical: close-up,BCC
ISIC_4678467,IL_8396815,clinical: close-up,AKIEC
ISIC_4679707,IL_1203056,dermoscopic,NV
ISIC_4680472,IL_9769772,clinical: close-up,BCC
ISIC_4680765,IL_1647541,dermoscopic,BCC
ISIC_4681024,IL_5700109,dermoscopic,SCCKA
ISIC_4682172,IL_3720458,clinical: close-up,MEL
ISIC_4683384,IL_1393183,clinical: close-up,BCC
ISIC_4684596,IL_2528197,dermoscopic,AKIEC
ISIC_4685270,IL_0572339,clinical: close-up,BCC
ISIC_4686711,IL_4419793,dermoscopic,AKIEC
ISIC_4687962,IL_6800675,dermoscopic,BCC
ISIC_4689083,IL_4177354,clinical: close-up,BCC
ISIC_4689149,IL_7304734,clinical: close-up,SCCKA
ISIC_4690427,IL_9292701,dermoscopic,SCCKA
ISIC_4691032,IL_5569670,clinical: close-up,BCC
ISIC_4692254,IL_6296418,clinical: close-up,BCC
ISIC_4696657,IL_2273712,clinical: close-up,MEL
ISIC_4700136,IL_2926353,clinical: close-up,BCC
ISIC_4700918,IL_1037790,dermoscopic,NV
ISIC_4708288,IL_1131415,dermoscopic,BCC
ISIC_4710855,IL_3742523,dermoscopic,SCCKA
ISIC_4712387,IL_7998645,clinical: close-up,SCCKA
ISIC_4714408,IL_2154531,clinical: close-up,MEL
ISIC_4716765,IL_4865091,clinical: close-up,SCCKA
ISIC_4718280,IL_7041328,clinical: close-up,BCC
ISIC_4719265,IL_1673815,clinical: close-up,BCC
ISIC_4720694,IL_2648810,dermoscopic,BCC
ISIC_4720934,IL_9611245,clinical: close-up,BCC
ISIC_4722294,IL_5074054,dermoscopic,BKL
ISIC_4726329,IL_9654222,clinical: close-up,BCC
ISIC_4726470,IL_2307468,dermoscopic,MEL
ISIC_4727154,IL_3355699,clinical: close-up,MEL
ISIC_4728787,IL_4315407,dermoscopic,BKL
ISIC_4729676,IL_1288672,dermoscopic,BCC
ISIC_4730750,IL_8572700,clinical: close-up,BCC
ISIC_4733269,IL_8611519,dermoscopic,NV
ISIC_4735258,IL_3806100,dermoscopic,SCCKA
ISIC_4735270,IL_6816964,clinical: close-up,BCC
ISIC_4738070,IL_4209948,dermoscopic,SCCKA
ISIC_4740743,IL_9572527,clinical: close-up,MEL
ISIC_4741777,IL_8297781,clinical: close-up,BCC
ISIC_4742339,IL_0126015,dermoscopic,BKL
ISIC_4749092,IL_0136746,dermoscopic,BCC
ISIC_4752546,IL_7972003,clinical: close-up,BCC
ISIC_4753918,IL_2664685,dermoscopic,NV
ISIC_4756850,IL_3481443,clinical: close-up,BKL
ISIC_4757362,IL_5310552,dermoscopic,NV
ISIC_4757447,IL_4383130,dermoscopic,BCC
ISIC_4759275,IL_1082732,clinical: close-up,BKL
ISIC_4760443,IL_9024292,dermoscopic,MEL
ISIC_4761686,IL_0172774,dermoscopic,BKL
ISIC_4767902,IL_7566377,clinical: close-up,AKIEC
ISIC_4769059,IL_9453273,clinical: close-up,BCC
ISIC_4770601,IL_6441506,clinical: close-up,MEL
ISIC_4770621,IL_9738941,dermoscopic,BCC
ISIC_4771678,IL_2671860,dermoscopic,BCC
ISIC_4771926,IL_4155975,clinical: close-up,BCC
ISIC_4775207,IL_6418149,clinical: close-up,BCC
ISIC_4780938,IL_8566175,dermoscopic,BCC
ISIC_4784047,IL_0353074,clinical: close-up,BCC
ISIC_4785619,IL_3991500,dermoscopic,NV
ISIC_4788552,IL_8681344,dermoscopic,MEL
ISIC_4791946,IL_7983668,clinical: close-up,NV
ISIC_4792565,IL_9593601,dermoscopic,BKL
ISIC_4793381,IL_0721541,clinical: close-up,BKL
ISIC_4793606,IL_5333822,dermoscopic,MEL
ISIC_4794413,IL_4641431,dermoscopic,BCC
ISIC_4794988,IL_0717553,clinical: close-up,NV
ISIC_4795806,IL_1571488,dermoscopic,BCC
ISIC_4796243,IL_4516154,clinical: close-up,AKIEC
ISIC_4797048,IL_4419075,clinical: close-up,BCC
ISIC_4797688,IL_6598167,clinical: close-up,MAL_OTH
ISIC_4799523,IL_4563255,clinical: close-up,NV
ISIC_4801832,IL_1595828,dermoscopic,BKL
ISIC_4803004,IL_9122534,dermoscopic,BCC
ISIC_4803473,IL_5120662,clinical: close-up,BCC
ISIC_4806633,IL_0837149,clinical: close-up,BCC
ISIC_4806887,IL_0941988,clinical: close-up,BCC
ISIC_4810104,IL_5264589,clinical: close-up,BKL
ISIC_4811323,IL_1326669,clinical: close-up,SCCKA
ISIC_4815149,IL_3363042,clinical: close-up,BCC
ISIC_4820255,IL_6556593,dermoscopic,BCC
ISIC_4821214,IL_3124756,dermoscopic,VASC
ISIC_4821829,IL_6853458,clinical: close-up,BCC
ISIC_4823638,IL_9247349,dermoscopic,BCC
ISIC_4830413,IL_2468895,clinical: close-up,BCC
ISIC_4834358,IL_7565291,clinical: close-up,BCC
ISIC_4835287,IL_3546806,clinical: close-up,BCC
ISIC_4839895,IL_3465975,clinical: close-up,NV
ISIC_4840056,IL_9835714,dermoscopic,BCC
ISIC_4842094,IL_8148828,clinical: close-up,BCC
ISIC_4845673,IL_8461423,clinical: close-up,BCC
ISIC_4848886,IL_4491344,clinical: close-up,SCCKA
ISIC_4849906,IL_7762998,dermoscopic,BCC
ISIC_4851411,IL_6322114,dermoscopic,BCC
ISIC_4853537,IL_7238711,dermoscopic,BCC
ISIC_4859866,IL_7971648,dermoscopic,BKL
ISIC_4859968,IL_7377156,dermoscopic,BCC
ISIC_4860954,IL_7884893,clinical: close-up,AKIEC
ISIC_4865809,IL_2888041,dermoscopic,AKIEC
ISIC_4868603,IL_0443862,clinical: close-up,BKL
ISIC_4869343,IL_7865284,dermoscopic,BCC
ISIC_4869964,IL_3956488,dermoscopic,BKL
ISIC_4871000,IL_1975374,clinical: close-up,MEL
ISIC_4871002,IL_4706482,clinical: close-up,SCCKA
ISIC_4872496,IL_0455273,dermoscopic,NV
ISIC_4873477,IL_0937448,clinical: close-up,BCC
ISIC_4873822,IL_9994739,dermoscopic,SCCKA
ISIC_4876540,IL_6907846,dermoscopic,BCC
ISIC_4877646,IL_6646437,dermoscopic,BCC
ISIC_4879730,IL_2187730,clinical: close-up,AKIEC
ISIC_4886295,IL_4268143,dermoscopic,NV
ISIC_4886441,IL_2113413,dermoscopic,BKL
ISIC_4887943,IL_2899704,dermoscopic,BCC
ISIC_4888771,IL_9173333,dermoscopic,BCC
ISIC_4889654,IL_5314103,clinical: close-up,SCCKA
ISIC_4891216,IL_8720951,dermoscopic,BKL
ISIC_4894144,IL_7356109,clinical: close-up,SCCKA
ISIC_4895877,IL_1902090,clinical: close-up,BKL
ISIC_4896772,IL_0564162,clinical: close-up,BCC
ISIC_4896814,IL_9322216,dermoscopic,SCCKA
ISIC_4898917,IL_0620338,dermoscopic,BCC
ISIC_4900087,IL_1099248,clinical: close-up,BCC
ISIC_4900556,IL_9773637,clinical: close-up,BCC
ISIC_4901003,IL_0514561,clinical: close-up,BCC
ISIC_4901933,IL_8067499,dermoscopic,BCC
ISIC_4902119,IL_4336969,clinical: close-up,AKIEC
ISIC_4907310,IL_8618325,clinical: close-up,BCC
ISIC_4908497,IL_4375831,clinical: close-up,VASC
ISIC_4909505,IL_9678089,dermoscopic,BCC
ISIC_4909682,IL_8620816,clinical: close-up,BKL
ISIC_4910424,IL_5324666,dermoscopic,BCC
ISIC_4913073,IL_6156024,clinical: close-up,BCC
ISIC_4913500,IL_9731170,dermoscopic,BCC
ISIC_4914433,IL_6352685,dermoscopic,BCC
ISIC_4914852,IL_9448117,dermoscopic,BCC
ISIC_4915601,IL_8219054,clinical: close-up,SCCKA
ISIC_4916643,IL_6372832,dermoscopic,AKIEC
ISIC_4916835,IL_5263349,clinical: close-up,BKL
ISIC_4919090,IL_1510895,dermoscopic,BCC
ISIC_4919326,IL_4028945,clinical: close-up,AKIEC
ISIC_4921441,IL_9413829,clinical: close-up,BCC
ISIC_4923934,IL_8557195,dermoscopic,BEN_OTH
ISIC_4924759,IL_3297767,clinical: close-up,BCC
ISIC_4924775,IL_8247508,dermoscopic,BCC
ISIC_4925038,IL_6580318,clinical: close-up,BKL
ISIC_4925748,IL_3475151,clinical: close-up,BKL
ISIC_4926295,IL_3099616,clinical: close-up,BCC
ISIC_4927149,IL_3883867,dermoscopic,NV
ISIC_4929247,IL_6770376,dermoscopic,SCCKA
ISIC_4932148,IL_0075646,dermoscopic,BCC
ISIC_4932799,IL_4209948,clinical: close-up,SCCKA
ISIC_4933345,IL_8277496,dermoscopic,BCC
ISIC_4933959,IL_4500460,clinical: close-up,BCC
ISIC_4935816,IL_8951938,dermoscopic,BCC
ISIC_4937672,IL_4545799,dermoscopic,MEL
ISIC_4940127,IL_9486743,dermoscopic,SCCKA
ISIC_4940435,IL_7825787,clinical: close-up,BCC
ISIC_4940514,IL_9401383,clinical: close-up,BCC
ISIC_4942291,IL_4734157,clinical: close-up,NV
ISIC_4943359,IL_6616661,dermoscopic,BCC
ISIC_4943472,IL_4459235,dermoscopic,AKIEC
ISIC_4945500,IL_2473715,clinical: close-up,SCCKA
ISIC_4946681,IL_2826378,clinical: close-up,SCCKA
ISIC_4949753,IL_8887845,clinical: close-up,NV
ISIC_4950049,IL_4765483,clinical: close-up,BCC
ISIC_4951263,IL_9685051,clinical: close-up,NV
ISIC_4952639,IL_8368045,clinical: close-up,BCC
ISIC_4955572,IL_1129675,dermoscopic,BCC
ISIC_4955834,IL_9190120,clinical: close-up,BCC
ISIC_4956012,IL_8145813,dermoscopic,BEN_OTH
ISIC_4957395,IL_2889999,clinical: close-up,BKL
ISIC_4958589,IL_5831054,dermoscopic,BKL
ISIC_4960098,IL_5606298,clinical: close-up,BKL
ISIC_4960789,IL_1849535,clinical: close-up,BCC
ISIC_4961582,IL_0159486,clinical: close-up,MEL
ISIC_4964410,IL_0199161,clinical: close-up,BCC
ISIC_4964428,IL_2194640,dermoscopic,BCC
ISIC_4964694,IL_5378051,dermoscopic,BKL
ISIC_4965110,IL_4375054,dermoscopic,SCCKA
ISIC_4966803,IL_0313731,dermoscopic,BCC
ISIC_4967282,IL_3553236,clinical: close-up,MEL
ISIC_4968641,IL_0404523,dermoscopic,MEL
ISIC_4970256,IL_9497630,dermoscopic,BCC
ISIC_4970657,IL_0466383,clinical: close-up,BCC
ISIC_4975719,IL_3170694,clinical: close-up,SCCKA
ISIC_4976142,IL_9400268,clinical: close-up,NV
ISIC_4976629,IL_3020505,dermoscopic,BCC
ISIC_4977351,IL_7356109,dermoscopic,SCCKA
ISIC_4978173,IL_1779871,clinical: close-up,BKL
ISIC_4979533,IL_9523157,dermoscopic,BCC
ISIC_4980158,IL_0074413,dermoscopic,NV
ISIC_4982700,IL_7164412,dermoscopic,SCCKA
ISIC_4984580,IL_0586975,clinical: close-up,AKIEC
ISIC_4984773,IL_4647255,dermoscopic,BCC
ISIC_4985100,IL_9324964,clinical: close-up,BCC
ISIC_4987638,IL_7333819,clinical: close-up,BCC
ISIC_4988567,IL_7719252,dermoscopic,BCC
ISIC_4989932,IL_0610224,clinical: close-up,SCCKA
ISIC_4991395,IL_6518522,clinical: close-up,BCC
ISIC_4992936,IL_7635257,clinical: close-up,MEL
ISIC_4996777,IL_5209978,dermoscopic,BCC
ISIC_5003991,IL_2577836,dermoscopic,SCCKA
ISIC_5007628,IL_2815736,clinical: close-up,SCCKA
ISIC_5007629,IL_1680101,clinical: close-up,NV
ISIC_5010015,IL_4514039,clinical: close-up,NV
ISIC_5013715,IL_5140022,clinical: close-up,BCC
ISIC_5013822,IL_6914353,dermoscopic,BKL
ISIC_5015322,IL_5832073,clinical: close-up,BKL
ISIC_5016123,IL_0083505,clinical: close-up,NV
ISIC_5018463,IL_8618325,dermoscopic,BCC
ISIC_5018607,IL_1141889,clinical: close-up,BKL
ISIC_5019273,IL_1693887,clinical: close-up,SCCKA
ISIC_5020961,IL_1962759,dermoscopic,NV
ISIC_5021319,IL_4453479,clinical: close-up,SCCKA
ISIC_5022731,IL_5438158,dermoscopic,NV
ISIC_5023550,IL_9943319,dermoscopic,NV
ISIC_5027597,IL_7274856,dermoscopic,BKL
ISIC_5030554,IL_4829953,clinical: close-up,MEL
ISIC_5030992,IL_4033991,clinical: close-up,BKL
ISIC_5031508,IL_6967466,clinical: close-up,AKIEC
ISIC_5036259,IL_8577352,dermoscopic,BCC
ISIC_5037826,IL_4517791,clinical: close-up,MEL
ISIC_5038305,IL_1904975,clinical: close-up,NV
ISIC_5042253,IL_4706609,dermoscopic,BCC
ISIC_5042685,IL_5240464,dermoscopic,BKL
ISIC_5043276,IL_8255338,clinical: close-up,AKIEC
ISIC_5043555,IL_3216305,clinical: close-up,BCC
ISIC_5043700,IL_3919255,clinical: close-up,NV
ISIC_5044856,IL_1936294,dermoscopic,BCC
ISIC_5047126,IL_6609864,clinical: close-up,NV
ISIC_5047162,IL_1275816,dermoscopic,MEL
ISIC_5053442,IL_3297767,dermoscopic,BCC
ISIC_5054723,IL_9629068,clinical: close-up,BCC
ISIC_5054970,IL_9439030,dermoscopic,BCC
ISIC_5055083,IL_3288757,dermoscopic,NV
ISIC_5056247,IL_7206184,dermoscopic,AKIEC
ISIC_5056347,IL_9583565,clinical: close-up,NV
ISIC_5058087,IL_0994070,clinical: close-up,BKL
ISIC_5058400,IL_7348200,clinical: close-up,BCC
ISIC_5058408,IL_9769772,dermoscopic,BCC
ISIC_5059174,IL_6066960,clinical: close-up,SCCKA
ISIC_5063002,IL_0952894,dermoscopic,NV
ISIC_5063574,IL_2448837,clinical: close-up,BCC
ISIC_5065727,IL_0199225,clinical: close-up,BCC
ISIC_5067697,IL_9366811,clinical: close-up,BCC
ISIC_5070126,IL_8610456,dermoscopic,BCC
ISIC_5070221,IL_3744094,dermoscopic,VASC
ISIC_5071145,IL_2733872,clinical: close-up,BCC
ISIC_5077872,IL_3805769,dermoscopic,BCC
ISIC_5080331,IL_1711238,dermoscopic,MEL
ISIC_5082399,IL_2918897,clinical: close-up,BCC
ISIC_5083462,IL_2980838,clinical: close-up,BKL
ISIC_5083751,IL_7332620,clinical: close-up,BCC
ISIC_5084322,IL_1801280,clinical: close-up,SCCKA
ISIC_5084798,IL_5661640,clinical: close-up,BCC
ISIC_5085980,IL_6226782,dermoscopic,BCC
ISIC_5086729,IL_7769100,clinical: close-up,BCC
ISIC_5087027,IL_6216018,clinical: close-up,BCC
ISIC_5087561,IL_4713984,clinical: close-up,BCC
ISIC_5089274,IL_1405632,dermoscopic,BCC
ISIC_5090480,IL_2152679,dermoscopic,BCC
ISIC_5091185,IL_5561688,clinical: close-up,AKIEC
ISIC_5092515,IL_1350763,dermoscopic,AKIEC
ISIC_5093195,IL_8459572,dermoscopic,BCC
ISIC_5093287,IL_5200526,clinical: close-up,SCCKA
ISIC_5099169,IL_1967474,dermoscopic,VASC
ISIC_5100065,IL_0080398,clinical: close-up,MEL
ISIC_5101364,IL_0249447,clinical: close-up,BCC
ISIC_5101807,IL_6646437,clinical: close-up,BCC
ISIC_5104415,IL_5752488,dermoscopic,AKIEC
ISIC_5107821,IL_0006407,dermoscopic,AKIEC
ISIC_5111361,IL_5738134,clinical: close-up,BCC
ISIC_5115393,IL_2925087,clinical: close-up,AKIEC
ISIC_5120362,IL_2273559,dermoscopic,BCC
ISIC_5121043,IL_8060725,clinical: close-up,BCC
ISIC_5124607,IL_1567374,dermoscopic,BCC
ISIC_5129863,IL_7474908,dermoscopic,BCC
ISIC_5133092,IL_3306844,dermoscopic,BCC
ISIC_5134271,IL_4322313,clinical: close-up,BCC
ISIC_5135274,IL_7995949,clinical: close-up,NV
ISIC_5135443,IL_7793730,dermoscopic,BCC
ISIC_5136915,IL_3122481,clinical: close-up,BCC
ISIC_5137393,IL_1072966,clinical: close-up,BKL
ISIC_5138739,IL_7018812,clinical: close-up,NV
ISIC_5139740,IL_5424289,clinical: close-up,BCC
ISIC_5145664,IL_8647816,dermoscopic,BCC
ISIC_5148533,IL_4123354,dermoscopic,SCCKA
ISIC_5149156,IL_4064393,clinical: close-up,NV
ISIC_5149324,IL_7400064,dermoscopic,BKL
ISIC_5151650,IL_7366789,dermoscopic,BKL
ISIC_5152130,IL_8266229,clinical: close-up,BKL
ISIC_5152492,IL_3133685,dermoscopic,BKL
ISIC_5157495,IL_5655244,dermoscopic,NV
ISIC_5158158,IL_6169733,dermoscopic,BCC
ISIC_5159139,IL_3199260,dermoscopic,BKL
ISIC_5159606,IL_1675253,clinical: close-up,BCC
ISIC_5163313,IL_6938296,clinical: close-up,MEL
ISIC_5165824,IL_2351136,dermoscopic,BCC
ISIC_5168853,IL_0588245,clinical: close-up,BCC
ISIC_5171624,IL_1902090,dermoscopic,BKL
ISIC_5173419,IL_0664842,clinical: close-up,BCC
ISIC_5175946,IL_2526379,dermoscopic,NV
ISIC_5177404,IL_4083881,clinical: close-up,AKIEC
ISIC_5178949,IL_4843671,dermoscopic,BCC
ISIC_5179024,IL_5604764,dermoscopic,BCC
ISIC_5180599,IL_5922871,dermoscopic,BCC
ISIC_5182952,IL_2154531,dermoscopic,MEL
ISIC_5185179,IL_7627214,dermoscopic,BCC
ISIC_5185355,IL_9731170,clinical: close-up,BCC
ISIC_5185588,IL_3734319,dermoscopic,BCC
ISIC_5186161,IL_4041847,clinical: close-up,MEL
ISIC_5186409,IL_0005081,dermoscopic,SCCKA
ISIC_5187564,IL_5136335,clinical: close-up,INF
ISIC_5188025,IL_1943405,dermoscopic,BCC
ISIC_5188621,IL_4376551,dermoscopic,NV
ISIC_5192756,IL_9262506,clinical: close-up,BCC
ISIC_5192807,IL_3954142,clinical: close-up,INF
ISIC_5192894,IL_3096857,clinical: close-up,BCC
ISIC_5194644,IL_0826473,dermoscopic,NV
ISIC_5195959,IL_9597986,dermoscopic,BKL
ISIC_5197331,IL_7728246,dermoscopic,BKL
ISIC_5199166,IL_9036149,clinical: close-up,NV
ISIC_5200686,IL_8885600,dermoscopic,BCC
ISIC_5201104,IL_8850331,clinical: close-up,MEL
ISIC_5203019,IL_8846733,clinical: close-up,BCC
ISIC_5203294,IL_7511780,clinical: close-up,BKL
ISIC_5206219,IL_4381909,clinical: close-up,AKIEC
ISIC_5207549,IL_7244140,dermoscopic,NV
ISIC_5208838,IL_3892342,clinical: close-up,BCC
ISIC_5209351,IL_4109255,dermoscopic,SCCKA
ISIC_5212180,IL_6947307,clinical: close-up,MEL
ISIC_5213096,IL_6178941,clinical: close-up,NV
ISIC_5214169,IL_5451589,clinical: close-up,SCCKA
ISIC_5214703,IL_0972770,dermoscopic,INF
ISIC_5216960,IL_0428010,dermoscopic,BKL
ISIC_5217075,IL_7135513,dermoscopic,BKL
ISIC_5218432,IL_0552883,clinical: close-up,BCC
ISIC_5221340,IL_7075634,dermoscopic,BEN_OTH
ISIC_5223774,IL_5709842,clinical: close-up,NV
ISIC_5225765,IL_0770948,dermoscopic,SCCKA
ISIC_5227758,IL_1664257,clinical: close-up,NV
ISIC_5230169,IL_2711226,clinical: close-up,SCCKA
ISIC_5230761,IL_0810155,dermoscopic,MEL
ISIC_5232497,IL_0136746,clinical: close-up,BCC
ISIC_5232516,IL_7496538,dermoscopic,BCC
ISIC_5233519,IL_1916880,dermoscopic,NV
ISIC_5233869,IL_4156451,clinical: close-up,BCC
ISIC_5239106,IL_6717785,dermoscopic,NV
ISIC_5240279,IL_1446570,dermoscopic,MEL
ISIC_5242239,IL_6853764,dermoscopic,NV
ISIC_5242567,IL_6332213,clinical: close-up,BCC
ISIC_5243282,IL_4260249,dermoscopic,BCC
ISIC_5246923,IL_9701000,dermoscopic,NV
ISIC_5248965,IL_4820678,clinical: close-up,BCC
ISIC_5249128,IL_0303279,clinical: close-up,BCC
ISIC_5253456,IL_3492505,clinical: close-up,BCC
ISIC_5253746,IL_6552664,dermoscopic,MEL
ISIC_5255131,IL_1618777,dermoscopic,BKL
ISIC_5259848,IL_0890305,clinical: close-up,NV
ISIC_5261229,IL_6140490,clinical: close-up,BKL
ISIC_5261867,IL_5236247,clinical: close-up,BKL
ISIC_5264230,IL_4877466,dermoscopic,SCCKA
ISIC_5266605,IL_0869160,dermoscopic,BCC
ISIC_5270147,IL_8595325,dermoscopic,NV
ISIC_5272574,IL_7010716,dermoscopic,BCC
ISIC_5274848,IL_5507611,clinical: close-up,BCC
ISIC_5274972,IL_7348404,dermoscopic,BCC
ISIC_5279946,IL_3196710,dermoscopic,BCC
ISIC_5280833,IL_9614802,clinical: close-up,SCCKA
ISIC_5280874,IL_4182548,dermoscopic,BKL
ISIC_5280916,IL_2309123,clinical: close-up,NV
ISIC_5281912,IL_6790433,clinical: close-up,BCC
ISIC_5283239,IL_8638441,dermoscopic,BCC
ISIC_5284704,IL_6592756,dermoscopic,BCC
ISIC_5286872,IL_6193516,dermoscopic,BCC
ISIC_5287761,IL_2466652,clinical: close-up,BCC
ISIC_5287888,IL_2671860,clinical: close-up,BCC
ISIC_5291074,IL_7308979,clinical: close-up,BKL
ISIC_5291256,IL_4240733,clinical: close-up,BCC
ISIC_5291973,IL_2707139,clinical: close-up,AKIEC
ISIC_5293815,IL_9099614,dermoscopic,BCC
ISIC_5294377,IL_8142572,dermoscopic,NV
ISIC_5294669,IL_4160541,clinical: close-up,BCC
ISIC_5296837,IL_5012035,clinical: close-up,MEL
ISIC_5297462,IL_9882527,dermoscopic,BCC
ISIC_5298476,IL_2587560,dermoscopic,BCC
ISIC_5305591,IL_7653541,clinical: close-up,BCC
ISIC_5308020,IL_2342693,clinical: close-up,MEL
ISIC_5308373,IL_0215570,clinical: close-up,BCC
ISIC_5308424,IL_6847142,clinical: close-up,BCC
ISIC_5310379,IL_0967038,dermoscopic,BKL
ISIC_5310763,IL_6512054,dermoscopic,BKL
ISIC_5312126,IL_6003342,dermoscopic,BKL
ISIC_5313507,IL_0507774,clinical: close-up,BCC
ISIC_5314299,IL_2305768,clinical: close-up,BKL
ISIC_5314319,IL_1030040,clinical: close-up,NV
ISIC_5315022,IL_1272138,clinical: close-up,BCC
ISIC_5315549,IL_9900993,clinical: close-up,VASC
ISIC_5315833,IL_4108143,dermoscopic,NV
ISIC_5317598,IL_7208264,clinical: close-up,SCCKA
ISIC_5318049,IL_6022474,clinical: close-up,BKL
ISIC_5318502,IL_0424747,clinical: close-up,NV
ISIC_5322852,IL_5311950,dermoscopic,NV
ISIC_5323349,IL_5076594,clinical: close-up,BCC
ISIC_5324767,IL_3541030,clinical: close-up,NV
ISIC_5325202,IL_4504514,clinical: close-up,BCC
ISIC_5325372,IL_6197231,dermoscopic,BCC
ISIC_5328474,IL_8973483,dermoscopic,SCCKA
ISIC_5328520,IL_9554653,clinical: close-up,BCC
ISIC_5329894,IL_1203056,clinical: close-up,NV
ISIC_5334491,IL_6181794,clinical: close-up,BCC
ISIC_5335240,IL_7331550,dermoscopic,AKIEC
ISIC_5340961,IL_8107077,clinical: close-up,BCC
ISIC_5341557,IL_5114934,clinical: close-up,AKIEC
ISIC_5341584,IL_0718275,clinical: close-up,MEL
ISIC_5342805,IL_5959411,clinical: close-up,BCC
ISIC_5342997,IL_2139485,clinical: close-up,BCC
ISIC_5343551,IL_4889652,dermoscopic,SCCKA
ISIC_5345684,IL_9835714,clinical: close-up,BCC
ISIC_5348732,IL_6987623,dermoscopic,SCCKA
ISIC_5349344,IL_1131415,clinical: close-up,BCC
ISIC_5350161,IL_0097757,dermoscopic,BKL
ISIC_5350286,IL_7716473,dermoscopic,BCC
ISIC_5350988,IL_4829953,dermoscopic,MEL
ISIC_5352485,IL_1293344,clinical: close-up,BCC
ISIC_5356282,IL_2658835,dermoscopic,BCC
ISIC_5358212,IL_9608485,dermoscopic,NV
ISIC_5362779,IL_8022515,dermoscopic,BCC
ISIC_5364113,IL_0860042,clinical: close-up,NV
ISIC_5364143,IL_0092031,clinical: close-up,BCC
ISIC_5366005,IL_0549669,clinical: close-up,BCC
ISIC_5367270,IL_0927709,clinical: close-up,MEL
ISIC_5372884,IL_0500533,dermoscopic,BCC
ISIC_5372934,IL_8887845,dermoscopic,NV
ISIC_5373976,IL_1273535,clinical: close-up,BKL
ISIC_5374944,IL_5903951,clinical: close-up,BCC
ISIC_5376495,IL_5818163,dermoscopic,AKIEC
ISIC_5378143,IL_7619884,dermoscopic,BKL
ISIC_5378715,IL_3415556,clinical: close-up,BCC
ISIC_5378878,IL_4924937,clinical: close-up,BCC
ISIC_5380715,IL_8124178,dermoscopic,NV
ISIC_5381632,IL_8160773,dermoscopic,BEN_OTH
ISIC_5383160,IL_2598820,dermoscopic,MEL
ISIC_5386998,IL_1647541,clinical: close-up,BCC
ISIC_5387219,IL_3423568,dermoscopic,MEL
ISIC_5387790,IL_4749815,clinical: close-up,BCC
ISIC_5392764,IL_0340330,clinical: close-up,VASC
ISIC_5395949,IL_2221229,clinical: close-up,NV
ISIC_5398396,IL_8252843,dermoscopic,SCCKA
ISIC_5398617,IL_7001999,dermoscopic,BKL
ISIC_5399167,IL_8003176,dermoscopic,SCCKA
ISIC_5399582,IL_6005068,clinical: close-up,BCC
ISIC_5400013,IL_2093270,clinical: close-up,NV
ISIC_5402488,IL_5675796,dermoscopic,BKL
ISIC_5403535,IL_2504113,clinical: close-up,BCC
ISIC_5403927,IL_1353803,clinical: close-up,BKL
ISIC_5407200,IL_5766424,clinical: close-up,NV
ISIC_5408628,IL_2729138,clinical: close-up,BCC
ISIC_5409072,IL_2652788,dermoscopic,VASC
ISIC_5409281,IL_0996879,clinical: close-up,BEN_OTH
ISIC_5409428,IL_9367800,clinical: close-up,NV
ISIC_5410210,IL_9682787,clinical: close-up,BCC
ISIC_5412550,IL_0127859,dermoscopic,NV
ISIC_5415740,IL_2689946,dermoscopic,BKL
ISIC_5416823,IL_1254806,clinical: close-up,BKL
ISIC_5419605,IL_6935621,dermoscopic,BCC
ISIC_5420985,IL_5469172,clinical: close-up,BCC
ISIC_5423101,IL_1058871,clinical: close-up,BCC
ISIC_5425962,IL_0607639,dermoscopic,AKIEC
ISIC_5428941,IL_9275941,dermoscopic,NV
ISIC_5430362,IL_4135081,dermoscopic,BCC
ISIC_5431278,IL_3398129,dermoscopic,BCC
ISIC_5433476,IL_6658554,clinical: close-up,BKL
ISIC_5433961,IL_7496538,clinical: close-up,BCC
ISIC_5436116,IL_5691160,dermoscopic,BCC
ISIC_5436595,IL_0181682,dermoscopic,MEL
ISIC_5437238,IL_8863823,clinical: close-up,BCC
ISIC_5438818,IL_6193857,clinical: close-up,AKIEC
ISIC_5439956,IL_5359653,dermoscopic,BCC
ISIC_5440216,IL_8037743,clinical: close-up,MEL
ISIC_5440611,IL_3734319,clinical: close-up,BCC
ISIC_5441520,IL_0736879,dermoscopic,BCC
ISIC_5444755,IL_3151358,clinical: close-up,BKL
ISIC_5446350,IL_8248912,dermoscopic,BCC
ISIC_5449503,IL_6256539,clinical: close-up,MEL
ISIC_5450702,IL_6309287,clinical: close-up,SCCKA
ISIC_5451038,IL_8057179,dermoscopic,SCCKA
ISIC_5456265,IL_6169727,clinical: close-up,SCCKA
ISIC_5457545,IL_9775648,clinical: close-up,NV
ISIC_5459597,IL_5022797,clinical: close-up,NV
ISIC_5460617,IL_3955700,dermoscopic,BKL
ISIC_5463407,IL_8637878,dermoscopic,BCC
ISIC_5466262,IL_7940673,clinical: close-up,MEL
ISIC_5466448,IL_3605485,dermoscopic,AKIEC
ISIC_5466692,IL_8566175,clinical: close-up,BCC
ISIC_5466838,IL_9513774,clinical: close-up,BCC
ISIC_5469285,IL_7402756,dermoscopic,BCC
ISIC_5471903,IL_9949464,clinical: close-up,BKL
ISIC_5472264,IL_2538872,dermoscopic,BCC
ISIC_5475497,IL_1844435,clinical: close-up,MEL
ISIC_5476166,IL_8808528,clinical: close-up,MEL
ISIC_5478943,IL_1857472,clinical: close-up,MEL
ISIC_5479076,IL_8012977,clinical: close-up,BKL
ISIC_5480309,IL_8762954,dermoscopic,BCC
ISIC_5481679,IL_0514561,dermoscopic,BCC
ISIC_5483293,IL_8193410,dermoscopic,BCC
ISIC_5483548,IL_3306844,clinical: close-up,BCC
ISIC_5483736,IL_6192656,clinical: close-up,BCC
ISIC_5488940,IL_9274006,dermoscopic,BEN_OTH
ISIC_5489979,IL_9945290,clinical: close-up,BEN_OTH
ISIC_5491732,IL_2875724,dermoscopic,BCC
ISIC_5492973,IL_0564162,dermoscopic,BCC
ISIC_5493878,IL_5780868,clinical: close-up,BCC
ISIC_5493908,IL_8461423,dermoscopic,BCC
ISIC_5494556,IL_7235681,clinical: close-up,AKIEC
ISIC_5494808,IL_1062117,clinical: close-up,MEL
ISIC_5495313,IL_5014873,clinical: close-up,SCCKA
ISIC_5498094,IL_4658276,dermoscopic,SCCKA
ISIC_5499953,IL_6556593,clinical: close-up,BCC
ISIC_5501232,IL_2751671,dermoscopic,BCC
ISIC_5501634,IL_4629787,dermoscopic,BCC
ISIC_5503156,IL_0705528,clinical: close-up,BCC
ISIC_5508754,IL_5557985,clinical: close-up,NV
ISIC_5509679,IL_1445099,dermoscopic,MEL
ISIC_5509823,IL_5468213,dermoscopic,BKL
ISIC_5511326,IL_3582331,clinical: close-up,NV
ISIC_5511950,IL_2974900,dermoscopic,BCC
ISIC_5514135,IL_2502000,dermoscopic,BCC
ISIC_5517161,IL_4476860,dermoscopic,NV
ISIC_5518035,IL_9667838,clinical: close-up,NV
ISIC_5518449,IL_2545098,clinical: close-up,BKL
ISIC_5519093,IL_7159942,clinical: close-up,NV
ISIC_5527533,IL_6451411,clinical: close-up,BCC
ISIC_5527895,IL_1873116,clinical: close-up,BCC
ISIC_5529151,IL_0691529,clinical: close-up,BCC
ISIC_5529223,IL_9250210,dermoscopic,NV
ISIC_5531874,IL_2867550,dermoscopic,MEL
ISIC_5534471,IL_0559300,dermoscopic,BKL
ISIC_5536536,IL_1496554,clinical: close-up,SCCKA
ISIC_5539676,IL_5299543,dermoscopic,DF
ISIC_5539918,IL_5214298,clinical: close-up,SCCKA
ISIC_5543919,IL_4913494,dermoscopic,BKL
ISIC_5547547,IL_2321044,clinical: close-up,AKIEC
ISIC_5550212,IL_2531904,dermoscopic,BKL
ISIC_5552185,IL_5890474,clinical: close-up,BCC
ISIC_5552359,IL_8978471,clinical: close-up,BCC
ISIC_5552683,IL_9944302,dermoscopic,NV
ISIC_5554902,IL_0111269,clinical: close-up,SCCKA
ISIC_5559099,IL_9901727,clinical: close-up,BCC
ISIC_5559799,IL_3199260,clinical: close-up,BKL
ISIC_5562336,IL_0210528,dermoscopic,NV
ISIC_5564663,IL_3664176,clinical: close-up,BCC
ISIC_5564889,IL_3700526,dermoscopic,BCC
ISIC_5566320,IL_2094234,dermoscopic,MEL
ISIC_5567558,IL_5554236,dermoscopic,BKL
ISIC_5567599,IL_2448837,dermoscopic,BCC
ISIC_5570534,IL_2150976,clinical: close-up,BEN_OTH
ISIC_5574831,IL_8118311,clinical: close-up,NV
ISIC_5585397,IL_4600654,clinical: close-up,BCC
ISIC_5587236,IL_0817869,dermoscopic,NV
ISIC_5588711,IL_1569334,clinical: close-up,NV
ISIC_5592478,IL_6502535,clinical: close-up,BKL
ISIC_5594942,IL_1391368,clinical: close-up,SCCKA
ISIC_5595298,IL_3742316,dermoscopic,BCC
ISIC_5596458,IL_0085362,clinical: close-up,AKIEC
ISIC_5597278,IL_5111360,dermoscopic,BCC
ISIC_5597408,IL_7168178,dermoscopic,BCC
ISIC_5597650,IL_0092031,dermoscopic,BCC
ISIC_5602394,IL_7333978,dermoscopic,MEL
ISIC_5602626,IL_5066436,dermoscopic,BKL
ISIC_5605119,IL_7127568,clinical: close-up,BCC
ISIC_5605406,IL_0469044,clinical: close-up,BCC
ISIC_5605573,IL_5429877,dermoscopic,BCC
ISIC_5607139,IL_8642891,dermoscopic,BCC
ISIC_5607642,IL_3271676,dermoscopic,BCC
ISIC_5607974,IL_1434019,clinical: close-up,NV
ISIC_5614068,IL_4785654,dermoscopic,SCCKA
ISIC_5614863,IL_0500533,clinical: close-up,BCC
ISIC_5616230,IL_1104647,dermoscopic,BCC
ISIC_5620414,IL_2497453,clinical: close-up,SCCKA
ISIC_5620717,IL_7912330,clinical: close-up,BCC
ISIC_5622324,IL_4986261,dermoscopic,AKIEC
ISIC_5622862,IL_8576220,clinical: close-up,BCC
ISIC_5624559,IL_8383981,dermoscopic,BCC
ISIC_5625173,IL_9593601,clinical: close-up,BKL
ISIC_5626843,IL_4164624,clinical: close-up,BCC
ISIC_5627117,IL_4022270,dermoscopic,BCC
ISIC_5628874,IL_0911506,dermoscopic,MEL
ISIC_5632058,IL_7869579,clinical: close-up,BCC
ISIC_5632079,IL_4794803,clinical: close-up,BCC
ISIC_5634198,IL_5490327,dermoscopic,BCC
ISIC_5634823,IL_8074133,dermoscopic,BCC
ISIC_5636046,IL_7308979,dermoscopic,BKL
ISIC_5638742,IL_5555237,dermoscopic,BCC
ISIC_5638800,IL_3826900,dermoscopic,BCC
ISIC_5640000,IL_3540228,dermoscopic,BEN_OTH
ISIC_5641672,IL_7625524,clinical: close-up,BCC
ISIC_5642271,IL_2715544,clinical: close-up,BKL
ISIC_5643199,IL_4429998,clinical: close-up,BCC
ISIC_5645178,IL_1866823,clinical: close-up,BCC
ISIC_5647684,IL_2190163,clinical: close-up,BKL
ISIC_5648144,IL_3805769,clinical: close-up,BCC
ISIC_5648712,IL_7110419,clinical: close-up,BCC
ISIC_5649736,IL_6592976,clinical: close-up,BCC
ISIC_5651049,IL_9716310,dermoscopic,MEL
ISIC_5653892,IL_0328112,clinical: close-up,BCC
ISIC_5656373,IL_0486973,clinical: close-up,BCC
ISIC_5657666,IL_8719061,clinical: close-up,BCC
ISIC_5659521,IL_5897108,dermoscopic,BCC
ISIC_5660758,IL_5766493,clinical: close-up,BCC
ISIC_5661142,IL_5372294,clinical: close-up,BCC
ISIC_5662432,IL_1093822,clinical: close-up,BCC
ISIC_5663141,IL_6980799,clinical: close-up,BCC
ISIC_5664395,IL_5369308,clinical: close-up,BKL
ISIC_5665171,IL_9411177,dermoscopic,NV
ISIC_5665189,IL_9209825,dermoscopic,SCCKA
ISIC_5666984,IL_4581258,dermoscopic,SCCKA
ISIC_5667703,IL_2534024,clinical: close-up,BCC
ISIC_5667730,IL_0005081,clinical: close-up,SCCKA
ISIC_5671011,IL_3772647,clinical: close-up,BCC
ISIC_5674733,IL_1353481,clinical: close-up,BCC
ISIC_5675115,IL_1484044,clinical: close-up,BKL
ISIC_5676014,IL_7348450,clinical: close-up,BCC
ISIC_5678147,IL_6427581,dermoscopic,BCC
ISIC_5678929,IL_8212367,clinical: close-up,SCCKA
ISIC_5679759,IL_2983051,dermoscopic,BCC
ISIC_5681371,IL_8375718,dermoscopic,BCC
ISIC_5681698,IL_2998977,clinical: close-up,BCC
ISIC_5683123,IL_0113118,clinical: close-up,BCC
ISIC_5685120,IL_4011591,dermoscopic,BCC
ISIC_5686620,IL_8053912,clinical: close-up,MEL
ISIC_5686692,IL_6420001,dermoscopic,BCC
ISIC_5686739,IL_9462627,dermoscopic,BCC
ISIC_5688333,IL_6893390,clinical: close-up,BCC
ISIC_5689234,IL_4095279,clinical: close-up,BCC
ISIC_5689912,IL_6498121,clinical: close-up,BCC
ISIC_5691487,IL_8869831,clinical: close-up,MEL
ISIC_5693691,IL_0215570,dermoscopic,BCC
ISIC_5695123,IL_5900922,clinical: close-up,NV
ISIC_5696465,IL_6498340,dermoscopic,BCC
ISIC_5701696,IL_8386286,clinical: close-up,BKL
ISIC_5701708,IL_5225179,clinical: close-up,BCC
ISIC_5702669,IL_3504341,dermoscopic,BCC
ISIC_5703250,IL_1456101,dermoscopic,MEL
ISIC_5703946,IL_1744975,clinical: close-up,BCC
ISIC_5706380,IL_4352932,dermoscopic,BCC
ISIC_5706764,IL_4582697,clinical: close-up,NV
ISIC_5708137,IL_0732764,clinical: close-up,BKL
ISIC_5711226,IL_0592984,dermoscopic,BCC
ISIC_5713218,IL_0965927,dermoscopic,NV
ISIC_5714213,IL_3606154,clinical: close-up,BCC
ISIC_5714368,IL_0739664,dermoscopic,DF
ISIC_5714567,IL_4865412,dermoscopic,BCC
ISIC_5714835,IL_6367899,dermoscopic,MEL
ISIC_5715952,IL_2322719,clinical: close-up,BCC
ISIC_5715959,IL_3551061,dermoscopic,BCC
ISIC_5716450,IL_0739777,clinical: close-up,NV
ISIC_5720812,IL_0772858,clinical: close-up,NV
ISIC_5721106,IL_0306057,clinical: close-up,NV
ISIC_5721420,IL_5157883,clinical: close-up,NV
ISIC_5722425,IL_8160690,clinical: close-up,SCCKA
ISIC_5725725,IL_8824711,clinical: close-up,BCC
ISIC_5728378,IL_7602134,dermoscopic,BKL
ISIC_5729101,IL_5310300,clinical: close-up,NV
ISIC_5731785,IL_7474908,clinical: close-up,BCC
ISIC_5737122,IL_3826900,clinical: close-up,BCC
ISIC_5739264,IL_8980429,dermoscopic,BCC
ISIC_5741122,IL_5811280,clinical: close-up,BCC
ISIC_5744011,IL_1062224,dermoscopic,NV
ISIC_5744822,IL_2574343,dermoscopic,SCCKA
ISIC_5744902,IL_0665267,dermoscopic,BCC
ISIC_5745120,IL_3603601,dermoscopic,AKIEC
ISIC_5745126,IL_3925497,dermoscopic,MEL
ISIC_5745824,IL_3420465,dermoscopic,BKL
ISIC_5748062,IL_4093493,dermoscopic,AKIEC
ISIC_5748990,IL_0179071,clinical: close-up,BCC
ISIC_5754710,IL_8147513,dermoscopic,NV
ISIC_5756622,IL_4143082,clinical: close-up,SCCKA
ISIC_5759990,IL_7394402,clinical: close-up,BCC
ISIC_5761443,IL_8359841,dermoscopic,MEL
ISIC_5761793,IL_5083460,dermoscopic,SCCKA
ISIC_5761944,IL_0286652,dermoscopic,BCC
ISIC_5763228,IL_4791300,dermoscopic,MEL
ISIC_5763649,IL_7402046,clinical: close-up,SCCKA
ISIC_5765413,IL_4403121,dermoscopic,BCC
ISIC_5765489,IL_4908746,clinical: close-up,NV
ISIC_5766012,IL_3133685,clinical: close-up,BKL
ISIC_5766792,IL_0930071,dermoscopic,NV
ISIC_5766997,IL_0588498,dermoscopic,BKL
ISIC_5767870,IL_8509848,dermoscopic,NV
ISIC_5772488,IL_8500079,dermoscopic,BCC
ISIC_5773512,IL_6215945,dermoscopic,BCC
ISIC_5780488,IL_1088813,dermoscopic,BCC
ISIC_5780905,IL_7795758,clinical: close-up,NV
ISIC_5785000,IL_6826946,clinical: close-up,BCC
ISIC_5785962,IL_4609448,clinical: close-up,BCC
ISIC_5787263,IL_3687151,dermoscopic,BCC
ISIC_5787657,IL_1779253,clinical: close-up,BKL
ISIC_5787999,IL_6922157,dermoscopic,BCC
ISIC_5788717,IL_7387291,dermoscopic,NV
ISIC_5788932,IL_4935428,clinical: close-up,AKIEC
ISIC_5790117,IL_9231229,clinical: close-up,MEL
ISIC_5792555,IL_1925186,dermoscopic,BCC
ISIC_5792872,IL_7829784,dermoscopic,BCC
ISIC_5793548,IL_6592976,dermoscopic,BCC
ISIC_5794441,IL_8679586,clinical: close-up,AKIEC
ISIC_5795242,IL_3702520,dermoscopic,BCC
ISIC_5795871,IL_7798447,dermoscopic,BCC
ISIC_5798737,IL_7908482,dermoscopic,BKL
ISIC_5800499,IL_7647524,clinical: close-up,NV
ISIC_5801703,IL_4064393,dermoscopic,NV
ISIC_5803437,IL_1277363,clinical: close-up,BCC
ISIC_5806581,IL_7680200,clinical: close-up,AKIEC
ISIC_5807024,IL_5251059,dermoscopic,MEL
ISIC_5811144,IL_3341722,dermoscopic,BCC
ISIC_5813817,IL_9453516,dermoscopic,DF
ISIC_5814193,IL_5890338,dermoscopic,BCC
ISIC_5814633,IL_2131051,clinical: close-up,BCC
ISIC_5817638,IL_0126015,clinical: close-up,BKL
ISIC_5818083,IL_8293673,dermoscopic,NV
ISIC_5819591,IL_7653541,dermoscopic,BCC
ISIC_5820253,IL_3380076,dermoscopic,AKIEC
ISIC_5821583,IL_9738941,clinical: close-up,BCC
ISIC_5823053,IL_9440413,dermoscopic,BKL
ISIC_5825703,IL_1779871,dermoscopic,BKL
ISIC_5826969,IL_3044771,dermoscopic,BCC
ISIC_5828606,IL_9413829,dermoscopic,BCC
ISIC_5829304,IL_6336605,clinical: close-up,AKIEC
ISIC_5830124,IL_0721578,dermoscopic,INF
ISIC_5832081,IL_5790103,dermoscopic,BCC
ISIC_5833236,IL_5610769,dermoscopic,SCCKA
ISIC_5833579,IL_4939300,dermoscopic,MAL_OTH
ISIC_5833727,IL_7582740,clinical: close-up,BCC
ISIC_5834421,IL_6452981,dermoscopic,BCC
ISIC_5835836,IL_0808533,clinical: close-up,BKL
ISIC_5835958,IL_9531531,dermoscopic,SCCKA
ISIC_5836006,IL_4315407,clinical: close-up,BKL
ISIC_5836698,IL_1188935,dermoscopic,BKL
ISIC_5836740,IL_6498417,dermoscopic,BCC
ISIC_5836804,IL_6718051,clinical: close-up,BCC
ISIC_5837451,IL_5112545,dermoscopic,BCC
ISIC_5838920,IL_5831054,clinical: close-up,BKL
ISIC_5838991,IL_0245024,clinical: close-up,NV
ISIC_5840837,IL_3380076,clinical: close-up,AKIEC
ISIC_5841367,IL_8066973,clinical: close-up,BCC
ISIC_5841767,IL_3161525,dermoscopic,BCC
ISIC_5842460,IL_0937448,dermoscopic,BCC
ISIC_5844410,IL_3180618,dermoscopic,DF
ISIC_5845284,IL_0286652,clinical: close-up,BCC
ISIC_5846820,IL_6412076,clinical: close-up,BCC
ISIC_5850185,IL_3307198,dermoscopic,SCCKA
ISIC_5854998,IL_1059300,dermoscopic,BKL
ISIC_5856068,IL_0957907,dermoscopic,SCCKA
ISIC_5856786,IL_2755803,clinical: close-up,BCC
ISIC_5862938,IL_4344178,clinical: close-up,NV
ISIC_5863020,IL_1916880,clinical: close-up,NV
ISIC_5866382,IL_2543533,clinical: close-up,MEL
ISIC_5866836,IL_8650225,dermoscopic,SCCKA
ISIC_5867806,IL_3488332,dermoscopic,BCC
ISIC_5868168,IL_2330730,clinical: close-up,BCC
ISIC_5870525,IL_2585626,dermoscopic,AKIEC
ISIC_5872506,IL_6507305,clinical: close-up,BCC
ISIC_5874846,IL_4126590,dermoscopic,BCC
ISIC_5876786,IL_8461776,dermoscopic,BCC
ISIC_5879011,IL_7440371,dermoscopic,NV
ISIC_5880013,IL_0322831,dermoscopic,BCC
ISIC_5881121,IL_0014412,clinical: close-up,BCC
ISIC_5881643,IL_1094162,clinical: close-up,BCC
ISIC_5883189,IL_2369272,dermoscopic,BCC
ISIC_5888492,IL_9224528,clinical: close-up,BCC
ISIC_5889637,IL_7627214,clinical: close-up,BCC
ISIC_5889858,IL_2702338,dermoscopic,MEL
ISIC_5891979,IL_1670186,clinical: close-up,BCC
ISIC_5892185,IL_2502000,clinical: close-up,BCC
ISIC_5892391,IL_4217663,clinical: close-up,NV
ISIC_5892763,IL_0718275,dermoscopic,MEL
ISIC_5893482,IL_0532409,dermoscopic,BCC
ISIC_5893703,IL_3065400,dermoscopic,MEL
ISIC_5894257,IL_2236716,clinical: close-up,NV
ISIC_5896495,IL_4692190,clinical: close-up,BCC
ISIC_5897869,IL_7451238,dermoscopic,BCC
ISIC_5899712,IL_8428753,clinical: close-up,NV
ISIC_5901264,IL_7144691,dermoscopic,BCC
ISIC_5901436,IL_1509760,dermoscopic,BCC
ISIC_5902730,IL_2674670,clinical: close-up,BCC
ISIC_5903044,IL_4000063,dermoscopic,BCC
ISIC_5903611,IL_3631191,dermoscopic,NV
ISIC_5903776,IL_9597986,clinical: close-up,BKL
ISIC_5904770,IL_6868637,clinical: close-up,BCC
ISIC_5906534,IL_4126590,clinical: close-up,BCC
ISIC_5909840,IL_7726867,dermoscopic,AKIEC
ISIC_5913482,IL_9890068,dermoscopic,MEL
ISIC_5913999,IL_6008739,clinical: close-up,BCC
ISIC_5918971,IL_1274050,clinical: close-up,BKL
ISIC_5923228,IL_8562914,dermoscopic,BCC
ISIC_5923764,IL_1891845,clinical: close-up,BCC
ISIC_5923799,IL_3230932,clinical: close-up,BCC
ISIC_5924611,IL_5425005,clinical: close-up,BCC
ISIC_5925439,IL_3259984,dermoscopic,BCC
ISIC_5930303,IL_4160541,dermoscopic,BCC
ISIC_5930904,IL_3405101,clinical: close-up,BCC
ISIC_5933216,IL_3186878,clinical: close-up,NV
ISIC_5933489,IL_0542551,dermoscopic,BKL
ISIC_5933645,IL_7948883,dermoscopic,INF
ISIC_5934405,IL_2860298,clinical: close-up,BCC
ISIC_5936023,IL_3739398,clinical: close-up,BCC
ISIC_5936623,IL_4708649,clinical: close-up,BCC
ISIC_5937588,IL_0624945,dermoscopic,MEL
ISIC_5938313,IL_0479430,dermoscopic,BCC
ISIC_5938890,IL_5492781,dermoscopic,BCC
ISIC_5944362,IL_8914005,dermoscopic,BCC
ISIC_5944719,IL_6316913,clinical: close-up,BCC
ISIC_5947061,IL_5375403,dermoscopic,BKL
ISIC_5947091,IL_4537840,clinical: close-up,SCCKA
ISIC_5947102,IL_4396586,clinical: close-up,NV
ISIC_5947248,IL_1575936,dermoscopic,BCC
ISIC_5947742,IL_3540228,clinical: close-up,BEN_OTH
ISIC_5949139,IL_3278541,dermoscopic,BCC
ISIC_5950652,IL_8962270,dermoscopic,NV
ISIC_5951892,IL_0134998,dermoscopic,MEL
ISIC_5953696,IL_1446570,clinical: close-up,MEL
ISIC_5954681,IL_2601200,clinical: close-up,BCC
ISIC_5957176,IL_7425145,clinical: close-up,BCC
ISIC_5958284,IL_2383580,dermoscopic,AKIEC
ISIC_5959720,IL_7781007,clinical: close-up,BCC
ISIC_5959727,IL_5765069,dermoscopic,BCC
ISIC_5960820,IL_9433768,dermoscopic,BCC
ISIC_5962154,IL_4015357,dermoscopic,BCC
ISIC_5962854,IL_6829628,dermoscopic,VASC
ISIC_5962932,IL_4879844,dermoscopic,MEL
ISIC_5963071,IL_2794961,dermoscopic,BCC
ISIC_5963269,IL_3361305,clinical: close-up,SCCKA
ISIC_5966811,IL_6309287,dermoscopic,SCCKA
ISIC_5967951,IL_7253924,clinical: close-up,BCC
ISIC_5968779,IL_1469055,dermoscopic,BCC
ISIC_5972709,IL_9143908,dermoscopic,BCC
ISIC_5973129,IL_3496522,dermoscopic,BCC
ISIC_5975267,IL_1860378,clinical: close-up,BCC
ISIC_5975949,IL_0752294,clinical: close-up,BCC
ISIC_5977035,IL_1911635,clinical: close-up,BCC
ISIC_5977837,IL_5882687,clinical: close-up,BCC
ISIC_5979125,IL_0345607,dermoscopic,BCC
ISIC_5984628,IL_9991092,dermoscopic,BCC
ISIC_5984979,IL_4064310,clinical: close-up,BCC
ISIC_5986238,IL_5945948,dermoscopic,SCCKA
ISIC_5987390,IL_7494236,dermoscopic,BCC
ISIC_5992256,IL_7144691,clinical: close-up,BCC
ISIC_5992562,IL_2218575,dermoscopic,BCC
ISIC_5993206,IL_9067447,dermoscopic,AKIEC
ISIC_5993743,IL_3884267,dermoscopic,NV
ISIC_5994355,IL_2634845,dermoscopic,BKL
ISIC_5995507,IL_8650225,clinical: close-up,SCCKA
ISIC_5995935,IL_1353803,dermoscopic,BKL
ISIC_5997052,IL_8918323,dermoscopic,BKL
ISIC_5998955,IL_8264296,dermoscopic,BKL
ISIC_5999967,IL_3608971,clinical: close-up,BCC
ISIC_6001166,IL_9453516,clinical: close-up,DF
ISIC_6002458,IL_1287592,clinical: close-up,AKIEC
ISIC_6003134,IL_5938594,dermoscopic,BCC
ISIC_6005450,IL_6768350,dermoscopic,BCC
ISIC_6005822,IL_1251030,clinical: close-up,BCC
ISIC_6005871,IL_9944816,dermoscopic,BCC
ISIC_6006215,IL_5555237,clinical: close-up,BCC
ISIC_6008036,IL_5987346,clinical: close-up,BCC
ISIC_6013412,IL_7911942,dermoscopic,MEL
ISIC_6015386,IL_5358454,clinical: close-up,NV
ISIC_6016454,IL_6016722,clinical: close-up,BCC
ISIC_6022197,IL_5858663,dermoscopic,AKIEC
ISIC_6023245,IL_1355090,dermoscopic,NV
ISIC_6023822,IL_1396679,clinical: close-up,BCC
ISIC_6027594,IL_5037876,clinical: close-up,BCC
ISIC_6031825,IL_2895594,clinical: close-up,VASC
ISIC_6033339,IL_8359841,clinical: close-up,MEL
ISIC_6033345,IL_2894575,clinical: close-up,AKIEC
ISIC_6033449,IL_9951114,clinical: close-up,NV
ISIC_6036586,IL_5008733,dermoscopic,BCC
ISIC_6038041,IL_9171073,clinical: close-up,BCC
ISIC_6038213,IL_5476058,dermoscopic,BKL
ISIC_6038731,IL_8160690,dermoscopic,SCCKA
ISIC_6039070,IL_3154103,clinical: close-up,NV
ISIC_6039074,IL_0019048,dermoscopic,BCC
ISIC_6042297,IL_4591781,dermoscopic,BCC
ISIC_6043805,IL_3700526,clinical: close-up,BCC
ISIC_6044250,IL_7304734,dermoscopic,SCCKA
ISIC_6044458,IL_5017346,dermoscopic,INF
ISIC_6044977,IL_2718165,dermoscopic,AKIEC
ISIC_6045266,IL_6923101,dermoscopic,BKL
ISIC_6045854,IL_4322313,dermoscopic,BCC
ISIC_6047038,IL_4135081,clinical: close-up,BCC
ISIC_6053581,IL_8296856,dermoscopic,BKL
ISIC_6055280,IL_6512054,clinical: close-up,BKL
ISIC_6059802,IL_2751671,clinical: close-up,BCC
ISIC_6061665,IL_3290322,clinical: close-up,BCC
ISIC_6062128,IL_6588313,dermoscopic,BCC
ISIC_6063897,IL_2504113,dermoscopic,BCC
ISIC_6063928,IL_0443396,clinical: close-up,BKL
ISIC_6065573,IL_6216018,dermoscopic,BCC
ISIC_6070696,IL_7119358,clinical: close-up,NV
ISIC_6074237,IL_4992123,dermoscopic,BCC
ISIC_6074880,IL_7398845,dermoscopic,BCC
ISIC_6076049,IL_6450698,clinical: close-up,BCC
ISIC_6077125,IL_6361201,clinical: close-up,BKL
ISIC_6078508,IL_1024813,dermoscopic,SCCKA
ISIC_6079632,IL_7327250,dermoscopic,AKIEC
ISIC_6080382,IL_8946416,clinical: close-up,BEN_OTH
ISIC_6083072,IL_0614048,clinical: close-up,NV
ISIC_6085286,IL_8283789,dermoscopic,NV
ISIC_6089148,IL_4067349,dermoscopic,BCC
ISIC_6092124,IL_5262456,dermoscopic,BCC
ISIC_6097869,IL_7539443,clinical: close-up,BKL
ISIC_6101727,IL_1918702,dermoscopic,BCC
ISIC_6110252,IL_6717785,clinical: close-up,NV
ISIC_6111856,IL_9091693,clinical: close-up,BCC
ISIC_6113465,IL_9780716,clinical: close-up,BCC
ISIC_6114272,IL_9462627,clinical: close-up,BCC
ISIC_6115342,IL_0477847,dermoscopic,MEL
ISIC_6116093,IL_2032936,dermoscopic,BCC
ISIC_6119517,IL_4514039,dermoscopic,NV
ISIC_6119847,IL_7331633,dermoscopic,INF
ISIC_6121019,IL_0183428,dermoscopic,BCC
ISIC_6121310,IL_5363058,clinical: close-up,NV
ISIC_6123621,IL_4781564,clinical: close-up,BCC
ISIC_6123844,IL_9191697,clinical: close-up,MEL
ISIC_6124320,IL_0980631,dermoscopic,BCC
ISIC_6125719,IL_6190273,clinical: close-up,MEL
ISIC_6129735,IL_9693754,dermoscopic,NV
ISIC_6131855,IL_4034237,clinical: close-up,BCC
ISIC_6134081,IL_9583565,dermoscopic,NV
ISIC_6135860,IL_5970079,clinical: close-up,SCCKA
ISIC_6137075,IL_5136335,dermoscopic,INF
ISIC_6138743,IL_3286495,clinical: close-up,BCC
ISIC_6141356,IL_0245024,dermoscopic,NV
ISIC_6142601,IL_9906157,clinical: close-up,BCC
ISIC_6144246,IL_1281940,clinical: close-up,BCC
ISIC_6155449,IL_1482319,dermoscopic,BCC
ISIC_6158597,IL_8500877,clinical: close-up,SCCKA
ISIC_6160419,IL_9375634,dermoscopic,MEL
ISIC_6161217,IL_1877456,dermoscopic,SCCKA
ISIC_6161362,IL_9785739,dermoscopic,NV
ISIC_6161975,IL_9119843,dermoscopic,SCCKA
ISIC_6162714,IL_2190354,dermoscopic,BCC
ISIC_6163759,IL_0143212,clinical: close-up,AKIEC
ISIC_6164551,IL_4768101,dermoscopic,MEL
ISIC_6166836,IL_0872477,clinical: close-up,NV
ISIC_6167082,IL_9395839,clinical: close-up,NV
ISIC_6167270,IL_3228956,dermoscopic,BCC
ISIC_6167402,IL_5378051,clinical: close-up,BKL
ISIC_6168958,IL_3551061,clinical: close-up,BCC
ISIC_6170894,IL_2568881,dermoscopic,BCC
ISIC_6171480,IL_0076523,clinical: close-up,BKL
ISIC_6171588,IL_3485439,dermoscopic,BCC
ISIC_6173678,IL_9639749,clinical: close-up,BCC
ISIC_6175375,IL_3935951,clinical: close-up,NV
ISIC_6175607,IL_3356147,clinical: close-up,BCC
ISIC_6176256,IL_7806060,dermoscopic,BCC
ISIC_6177577,IL_0534902,dermoscopic,BCC
ISIC_6178342,IL_5870575,clinical: close-up,BCC
ISIC_6181244,IL_9882527,clinical: close-up,BCC
ISIC_6186797,IL_1735552,dermoscopic,INF
ISIC_6187812,IL_1087504,clinical: close-up,NV
ISIC_6190923,IL_9209825,clinical: close-up,SCCKA
ISIC_6192197,IL_2810751,dermoscopic,VASC
ISIC_6193755,IL_7671160,clinical: close-up,NV
ISIC_6194754,IL_6907035,clinical: close-up,AKIEC
ISIC_6195604,IL_1024518,dermoscopic,NV
ISIC_6208118,IL_6653244,clinical: close-up,NV
ISIC_6212007,IL_7635257,dermoscopic,MEL
ISIC_6212400,IL_7235681,dermoscopic,AKIEC
ISIC_6212964,IL_3257772,dermoscopic,BCC
ISIC_6213875,IL_2719812,dermoscopic,BCC
ISIC_6214078,IL_6007909,clinical: close-up,BKL
ISIC_6216289,IL_4918167,clinical: close-up,INF
ISIC_6217593,IL_8855847,clinical: close-up,BCC
ISIC_6218940,IL_3570537,clinical: close-up,AKIEC
ISIC_6221556,IL_1682958,dermoscopic,BCC
ISIC_6221926,IL_1891015,clinical: close-up,SCCKA
ISIC_6222747,IL_3529988,clinical: close-up,BCC
ISIC_6227794,IL_4912599,clinical: close-up,BKL
ISIC_6228708,IL_9180227,clinical: close-up,SCCKA
ISIC_6230570,IL_9725975,clinical: close-up,BKL
ISIC_6234798,IL_4073740,dermoscopic,MEL
ISIC_6239096,IL_0548137,clinical: close-up,AKIEC
ISIC_6239365,IL_6491893,dermoscopic,BCC
ISIC_6241508,IL_8060725,dermoscopic,BCC
ISIC_6241776,IL_1861400,clinical: close-up,BCC
ISIC_6246297,IL_8880456,clinical: close-up,NV
ISIC_6250101,IL_5818628,clinical: close-up,BCC
ISIC_6250232,IL_1576423,dermoscopic,MEL
ISIC_6250586,IL_0200790,dermoscopic,BCC
ISIC_6252442,IL_8282831,dermoscopic,BCC
ISIC_6256140,IL_8904932,clinical: close-up,NV
ISIC_6259246,IL_6695406,dermoscopic,MEL
ISIC_6260438,IL_9041590,clinical: close-up,BCC
ISIC_6261700,IL_2040993,dermoscopic,BCC
ISIC_6262662,IL_8357719,clinical: close-up,BCC
ISIC_6274759,IL_0469581,clinical: close-up,BCC
ISIC_6276225,IL_5569670,dermoscopic,BCC
ISIC_6277878,IL_6450698,dermoscopic,BCC
ISIC_6278796,IL_3758712,clinical: close-up,BKL
ISIC_6278944,IL_0391966,dermoscopic,NV
ISIC_6279832,IL_2791803,dermoscopic,BKL
ISIC_6287939,IL_8050939,dermoscopic,BCC
ISIC_6288293,IL_1049569,dermoscopic,BCC
ISIC_6289625,IL_5277134,clinical: close-up,MEL
ISIC_6289650,IL_4316230,dermoscopic,SCCKA
ISIC_6290373,IL_2526379,clinical: close-up,NV
ISIC_6290458,IL_8038373,dermoscopic,BCC
ISIC_6292733,IL_9420011,clinical: close-up,BCC
ISIC_6293492,IL_6622693,dermoscopic,MEL
ISIC_6294166,IL_1882623,dermoscopic,BCC
ISIC_6294381,IL_4476860,clinical: close-up,NV
ISIC_6296087,IL_9271885,dermoscopic,BCC
ISIC_6297552,IL_3363042,dermoscopic,BCC
ISIC_6297733,IL_6532631,dermoscopic,BCC
ISIC_6298290,IL_4689062,clinical: close-up,NV
ISIC_6300467,IL_9529551,clinical: close-up,BKL
ISIC_6303124,IL_2995561,dermoscopic,BCC
ISIC_6303646,IL_6935621,clinical: close-up,BCC
ISIC_6312254,IL_2334074,dermoscopic,BCC
ISIC_6312345,IL_9679718,dermoscopic,DF
ISIC_6314890,IL_2295141,dermoscopic,BCC
ISIC_6315101,IL_0266844,clinical: close-up,BCC
ISIC_6317276,IL_4460896,clinical: close-up,BCC
ISIC_6318075,IL_1556034,clinical: close-up,VASC
ISIC_6320048,IL_2992485,dermoscopic,AKIEC
ISIC_6321631,IL_0768157,clinical: close-up,BCC
ISIC_6323263,IL_1037405,dermoscopic,INF
ISIC_6325623,IL_1381975,dermoscopic,BCC
ISIC_6327728,IL_8505577,dermoscopic,NV
ISIC_6328753,IL_9917624,clinical: close-up,BCC
ISIC_6328900,IL_5026579,clinical: close-up,SCCKA
ISIC_6332308,IL_3634935,dermoscopic,NV
ISIC_6333133,IL_3214039,dermoscopic,MEL
ISIC_6333987,IL_6295133,dermoscopic,BCC
ISIC_6334226,IL_9611587,clinical: close-up,BCC
ISIC_6335160,IL_6322271,clinical: close-up,NV
ISIC_6335386,IL_4217663,dermoscopic,NV
ISIC_6336489,IL_1906171,clinical: close-up,NV
ISIC_6336649,IL_1397522,clinical: close-up,BCC
ISIC_6338368,IL_4061153,dermoscopic,BCC
ISIC_6342177,IL_0266844,dermoscopic,BCC
ISIC_6343807,IL_0433789,clinical: close-up,MEL
ISIC_6345022,IL_6195057,clinical: close-up,BCC
ISIC_6347418,IL_3546806,dermoscopic,BCC
ISIC_6347449,IL_5104216,clinical: close-up,INF
ISIC_6347753,IL_0713847,dermoscopic,NV
ISIC_6348068,IL_9130901,dermoscopic,BCC
ISIC_6349110,IL_2300316,dermoscopic,AKIEC
ISIC_6349779,IL_9906157,dermoscopic,BCC
ISIC_6351671,IL_7601833,dermoscopic,SCCKA
ISIC_6352343,IL_9489077,dermoscopic,NV
ISIC_6356372,IL_5417384,dermoscopic,BCC
ISIC_6356942,IL_5359337,dermoscopic,BCC
ISIC_6358411,IL_9288651,dermoscopic,BKL
ISIC_6359039,IL_1288672,clinical: close-up,BCC
ISIC_6361233,IL_0706157,clinical: close-up,BEN_OTH
ISIC_6361677,IL_2298931,clinical: close-up,NV
ISIC_6362619,IL_8401238,clinical: close-up,SCCKA
ISIC_6363175,IL_5236713,clinical: close-up,BCC
ISIC_6363473,IL_8504644,clinical: close-up,BCC
ISIC_6364449,IL_0097908,clinical: close-up,BKL
ISIC_6365088,IL_1559121,dermoscopic,INF
ISIC_6366299,IL_7484711,clinical: close-up,BCC
ISIC_6367091,IL_9520593,dermoscopic,BCC
ISIC_6369423,IL_8944802,clinical: close-up,BCC
ISIC_6372109,IL_9716310,clinical: close-up,MEL
ISIC_6372573,IL_5042864,clinical: close-up,NV
ISIC_6376058,IL_1930968,clinical: close-up,NV
ISIC_6376325,IL_5012035,dermoscopic,MEL
ISIC_6378396,IL_8359695,dermoscopic,NV
ISIC_6383214,IL_7917334,dermoscopic,SCCKA
ISIC_6383216,IL_3035506,dermoscopic,NV
ISIC_6385484,IL_9720505,clinical: close-up,BCC
ISIC_6387236,IL_2885420,clinical: close-up,MEL
ISIC_6389514,IL_6865850,dermoscopic,BKL
ISIC_6391693,IL_0110620,dermoscopic,AKIEC
ISIC_6393409,IL_0477847,clinical: close-up,MEL
ISIC_6396169,IL_7084309,dermoscopic,BCC
ISIC_6400148,IL_4051895,dermoscopic,MEL
ISIC_6401647,IL_8988340,dermoscopic,AKIEC
ISIC_6405124,IL_8464135,clinical: close-up,BCC
ISIC_6409368,IL_4402414,dermoscopic,BCC
ISIC_6409954,IL_9328701,dermoscopic,BCC
ISIC_6412771,IL_6901137,clinical: close-up,NV
ISIC_6416950,IL_0469044,dermoscopic,BCC
ISIC_6417102,IL_3634030,dermoscopic,BCC
ISIC_6417205,IL_0919212,dermoscopic,BCC
ISIC_6418734,IL_4682243,dermoscopic,BCC
ISIC_6419369,IL_6962518,clinical: close-up,BKL
ISIC_6421085,IL_7975142,dermoscopic,BCC
ISIC_6421198,IL_1576423,clinical: close-up,MEL
ISIC_6422570,IL_5499388,clinical: close-up,BCC
ISIC_6423450,IL_3019343,dermoscopic,BCC
ISIC_6424694,IL_6820172,clinical: close-up,NV
ISIC_6425898,IL_9734690,dermoscopic,BKL
ISIC_6428004,IL_2334846,dermoscopic,MEL
ISIC_6428254,IL_0788459,dermoscopic,BCC
ISIC_6428825,IL_4498199,clinical: close-up,MEL
ISIC_6429343,IL_5438897,dermoscopic,BCC
ISIC_6435462,IL_3830097,dermoscopic,BCC
ISIC_6444803,IL_5575734,clinical: close-up,MEL
ISIC_6447813,IL_3541030,dermoscopic,NV
ISIC_6450883,IL_3037585,clinical: close-up,BCC
ISIC_6455103,IL_9113822,clinical: close-up,BCC
ISIC_6455546,IL_8987309,clinical: close-up,AKIEC
ISIC_6455558,IL_6493670,dermoscopic,NV
ISIC_6457111,IL_1094162,dermoscopic,BCC
ISIC_6457838,IL_2156585,clinical: close-up,SCCKA
ISIC_6458884,IL_8630897,dermoscopic,BKL
ISIC_6462791,IL_7736241,dermoscopic,AKIEC
ISIC_6465119,IL_5830387,dermoscopic,NV
ISIC_6467453,IL_4185441,dermoscopic,BCC
ISIC_6467881,IL_3895392,dermoscopic,SCCKA
ISIC_6469131,IL_8122429,clinical: close-up,BKL
ISIC_6469847,IL_3484417,dermoscopic,BCC
ISIC_6470630,IL_1274050,dermoscopic,BKL
ISIC_6473978,IL_9404638,clinical: close-up,BCC
ISIC_6475371,IL_4128851,dermoscopic,BKL
ISIC_6475622,IL_1671184,dermoscopic,SCCKA
ISIC_6476734,IL_8277496,clinical: close-up,BCC
ISIC_6479651,IL_0087637,clinical: close-up,BKL
ISIC_6480550,IL_0869160,clinical: close-up,BCC
ISIC_6483899,IL_1051456,clinical: close-up,BCC
ISIC_6484434,IL_1422027,clinical: close-up,BCC
ISIC_6484641,IL_8464135,dermoscopic,BCC
ISIC_6484938,IL_7108184,dermoscopic,BCC
ISIC_6485726,IL_9325305,clinical: close-up,BCC
ISIC_6486344,IL_8229395,clinical: close-up,MEL
ISIC_6488682,IL_7428104,dermoscopic,BKL
ISIC_6492760,IL_8158489,clinical: close-up,BCC
ISIC_6494733,IL_6022474,dermoscopic,BKL
ISIC_6499536,IL_3462420,clinical: close-up,BCC
ISIC_6503857,IL_7168178,clinical: close-up,BCC
ISIC_6505724,IL_8505577,clinical: close-up,NV
ISIC_6506817,IL_6242822,clinical: close-up,BCC
ISIC_6508737,IL_7343687,dermoscopic,MEL
ISIC_6513947,IL_5518223,clinical: close-up,BCC
ISIC_6513986,IL_9897493,clinical: close-up,MEL
ISIC_6517818,IL_6480274,clinical: close-up,BCC
ISIC_6521283,IL_7908482,clinical: close-up,BKL
ISIC_6523987,IL_4284690,clinical: close-up,BCC
ISIC_6527571,IL_4325075,dermoscopic,BKL
ISIC_6529382,IL_9324505,clinical: close-up,NV
ISIC_6529674,IL_2935658,dermoscopic,NV
ISIC_6532286,IL_6413460,dermoscopic,BCC
ISIC_6533290,IL_4645849,clinical: close-up,BKL
ISIC_6535679,IL_5063173,clinical: close-up,MEL
ISIC_6537586,IL_5425005,dermoscopic,BCC
ISIC_6537636,IL_7975142,clinical: close-up,BCC
ISIC_6538108,IL_3672233,dermoscopic,NV
ISIC_6538197,IL_6532631,clinical: close-up,BCC
ISIC_6539281,IL_3225155,dermoscopic,NV
ISIC_6543284,IL_0252336,dermoscopic,MAL_OTH
ISIC_6544356,IL_7917334,clinical: close-up,SCCKA
ISIC_6545015,IL_6926663,dermoscopic,BKL
ISIC_6546601,IL_2687877,clinical: close-up,BCC
ISIC_6548664,IL_5699716,clinical: close-up,BKL
ISIC_6548919,IL_9746902,dermoscopic,MEL
ISIC_6550385,IL_2652788,clinical: close-up,VASC
ISIC_6550491,IL_2236716,dermoscopic,NV
ISIC_6550575,IL_7009317,dermoscopic,BCC
ISIC_6550801,IL_7159942,dermoscopic,NV
ISIC_6551749,IL_8040999,dermoscopic,MEL
ISIC_6552603,IL_9600474,clinical: close-up,BCC
ISIC_6553055,IL_8578083,dermoscopic,BCC
ISIC_6556418,IL_1118490,clinical: close-up,BCC
ISIC_6558326,IL_0106759,dermoscopic,DF
ISIC_6559313,IL_7424810,dermoscopic,BCC
ISIC_6560005,IL_6185483,clinical: close-up,BCC
ISIC_6562442,IL_0823685,dermoscopic,MEL
ISIC_6562880,IL_9387962,dermoscopic,AKIEC
ISIC_6562927,IL_8869881,clinical: close-up,BCC
ISIC_6563482,IL_3984106,clinical: close-up,BCC
ISIC_6565806,IL_6249500,clinical: close-up,BCC
ISIC_6566236,IL_0519349,clinical: close-up,BCC
ISIC_6566937,IL_1192220,clinical: close-up,BCC
ISIC_6566959,IL_7451238,clinical: close-up,BCC
ISIC_6567490,IL_8396815,dermoscopic,AKIEC
ISIC_6568898,IL_8256503,clinical: close-up,BCC
ISIC_6576920,IL_8932098,clinical: close-up,BCC
ISIC_6579356,IL_3248533,clinical: close-up,BCC
ISIC_6580622,IL_6836759,dermoscopic,BCC
ISIC_6581346,IL_7438148,clinical: close-up,BCC
ISIC_6581608,IL_2692187,dermoscopic,BEN_OTH
ISIC_6583340,IL_1713775,clinical: close-up,BCC
ISIC_6584815,IL_2649297,dermoscopic,NV
ISIC_6587157,IL_7896547,clinical: close-up,INF
ISIC_6588275,IL_4466294,dermoscopic,NV
ISIC_6589696,IL_9746868,dermoscopic,BCC
ISIC_6590580,IL_6812828,dermoscopic,BKL
ISIC_6593095,IL_6124707,clinical: close-up,BCC
ISIC_6593403,IL_5655244,clinical: close-up,NV
ISIC_6595713,IL_8345916,dermoscopic,BKL
ISIC_6597735,IL_8109861,clinical: close-up,BCC
ISIC_6598962,IL_8074133,clinical: close-up,BCC
ISIC_6601126,IL_4180169,dermoscopic,BKL
ISIC_6603709,IL_4381909,dermoscopic,AKIEC
ISIC_6606816,IL_2833309,clinical: close-up,NV
ISIC_6609894,IL_0793440,clinical: close-up,NV
ISIC_6610991,IL_0665267,clinical: close-up,BCC
ISIC_6614498,IL_0685418,dermoscopic,AKIEC
ISIC_6615782,IL_8389564,dermoscopic,BCC
ISIC_6616937,IL_8299819,dermoscopic,BCC
ISIC_6620223,IL_7712318,clinical: close-up,NV
ISIC_6622403,IL_7528128,dermoscopic,DF
ISIC_6623298,IL_3154330,dermoscopic,SCCKA
ISIC_6625361,IL_8843384,clinical: close-up,NV
ISIC_6626242,IL_4516154,dermoscopic,AKIEC
ISIC_6629495,IL_8973483,clinical: close-up,SCCKA
ISIC_6629742,IL_8264296,clinical: close-up,BKL
ISIC_6630088,IL_5950762,clinical: close-up,SCCKA
ISIC_6634769,IL_8095126,dermoscopic,BKL
ISIC_6635963,IL_3088374,dermoscopic,MEL
ISIC_6636694,IL_5063173,dermoscopic,MEL
ISIC_6638137,IL_4547617,dermoscopic,MEL
ISIC_6638374,IL_3599866,dermoscopic,BKL
ISIC_6638547,IL_1140654,dermoscopic,BCC
ISIC_6639016,IL_9007318,dermoscopic,SCCKA
ISIC_6639957,IL_1743491,dermoscopic,BCC
ISIC_6642031,IL_5738134,dermoscopic,BCC
ISIC_6642775,IL_2152679,clinical: close-up,BCC
ISIC_6645684,IL_6879944,dermoscopic,BCC
ISIC_6646415,IL_3307198,clinical: close-up,SCCKA
ISIC_6648449,IL_5790573,dermoscopic,NV
ISIC_6648628,IL_9422892,dermoscopic,NV
ISIC_6653595,IL_0249447,dermoscopic,BCC
ISIC_6654586,IL_9125215,dermoscopic,BCC
ISIC_6655070,IL_9897493,dermoscopic,MEL
ISIC_6657446,IL_6449615,dermoscopic,INF
ISIC_6657890,IL_6662747,dermoscopic,BKL
ISIC_6657999,IL_4906380,clinical: close-up,NV
ISIC_6664237,IL_7394402,dermoscopic,BCC
ISIC_6664385,IL_9891948,dermoscopic,BCC
ISIC_6665062,IL_7619356,clinical: close-up,NV
ISIC_6667520,IL_3711784,clinical: close-up,BCC
ISIC_6670414,IL_3732143,clinical: close-up,BCC
ISIC_6671359,IL_3844274,clinical: close-up,BCC
ISIC_6674353,IL_4262969,clinical: close-up,SCCKA
ISIC_6676782,IL_3115470,clinical: close-up,SCCKA
ISIC_6678187,IL_8581964,dermoscopic,BCC
ISIC_6679416,IL_7319157,clinical: close-up,BCC
ISIC_6679588,IL_0706157,dermoscopic,BEN_OTH
ISIC_6681430,IL_3703578,clinical: close-up,AKIEC
ISIC_6684563,IL_9877242,clinical: close-up,NV
ISIC_6685424,IL_0945198,dermoscopic,NV
ISIC_6685680,IL_2994581,dermoscopic,BCC
ISIC_6688178,IL_8379111,dermoscopic,SCCKA
ISIC_6690222,IL_8158343,dermoscopic,BCC
ISIC_6691035,IL_4954108,dermoscopic,NV
ISIC_6691676,IL_1030671,dermoscopic,MEL
ISIC_6693050,IL_9349173,dermoscopic,NV
ISIC_6693138,IL_8758801,dermoscopic,BCC
ISIC_6698584,IL_4926064,clinical: close-up,BCC
ISIC_6698671,IL_2341353,dermoscopic,MEL
ISIC_6698922,IL_5870575,dermoscopic,BCC
ISIC_6699542,IL_8356407,clinical: close-up,BCC
ISIC_6699904,IL_0434993,clinical: close-up,BKL
ISIC_6700837,IL_3561998,clinical: close-up,BCC
ISIC_6703202,IL_3077425,dermoscopic,NV
ISIC_6705014,IL_5299543,clinical: close-up,DF
ISIC_6705033,IL_0701362,clinical: close-up,MEL
ISIC_6705073,IL_3857258,dermoscopic,BCC
ISIC_6708834,IL_9992890,clinical: close-up,BCC
ISIC_6710161,IL_2557121,dermoscopic,BCC
ISIC_6712731,IL_9947908,dermoscopic,BCC
ISIC_6712916,IL_5310098,dermoscopic,BCC
ISIC_6713938,IL_9987263,clinical: close-up,NV
ISIC_6714325,IL_4190989,dermoscopic,NV
ISIC_6715416,IL_9018029,dermoscopic,AKIEC
ISIC_6716486,IL_9776504,clinical: close-up,BCC
ISIC_6717021,IL_8991149,clinical: close-up,BCC
ISIC_6719081,IL_4557946,dermoscopic,BCC
ISIC_6720006,IL_2722243,dermoscopic,BCC
ISIC_6720121,IL_7010716,clinical: close-up,BCC
ISIC_6725643,IL_0486701,clinical: close-up,NV
ISIC_6728668,IL_0247404,clinical: close-up,BKL
ISIC_6730946,IL_1422027,dermoscopic,BCC
ISIC_6733219,IL_1981700,clinical: close-up,BCC
ISIC_6735110,IL_3837894,dermoscopic,AKIEC
ISIC_6738813,IL_6634369,dermoscopic,BCC
ISIC_6738908,IL_7769284,dermoscopic,BCC
ISIC_6739483,IL_0960314,dermoscopic,DF
ISIC_6739511,IL_4991400,clinical: close-up,BCC
ISIC_6744907,IL_4785654,clinical: close-up,SCCKA
ISIC_6746042,IL_3400636,clinical: close-up,DF
ISIC_6746536,IL_4066034,clinical: close-up,BCC
ISIC_6747832,IL_2816298,dermoscopic,BCC
ISIC_6747902,IL_5391929,dermoscopic,BCC
ISIC_6747915,IL_1958887,dermoscopic,BCC
ISIC_6748152,IL_5340506,dermoscopic,BCC
ISIC_6749742,IL_7685934,dermoscopic,MEL
ISIC_6751355,IL_8950937,dermoscopic,NV
ISIC_6753928,IL_5793339,clinical: close-up,BCC
ISIC_6754024,IL_9529551,dermoscopic,BKL
ISIC_6754150,IL_9194841,dermoscopic,BCC
ISIC_6756079,IL_6863139,clinical: close-up,BCC
ISIC_6757914,IL_7050947,dermoscopic,BCC
ISIC_6760541,IL_7453995,dermoscopic,BCC
ISIC_6761603,IL_3303536,clinical: close-up,AKIEC
ISIC_6765536,IL_3974873,dermoscopic,BCC
ISIC_6771167,IL_0693769,clinical: close-up,BKL
ISIC_6771998,IL_1272170,dermoscopic,BCC
ISIC_6773425,IL_5690254,clinical: close-up,BCC
ISIC_6773668,IL_6889294,dermoscopic,NV
ISIC_6775433,IL_3794416,dermoscopic,BCC
ISIC_6780849,IL_0499462,dermoscopic,MEL
ISIC_6780966,IL_9737107,dermoscopic,NV
ISIC_6781208,IL_9423427,dermoscopic,BCC
ISIC_6782031,IL_0850769,dermoscopic,SCCKA
ISIC_6783253,IL_1452313,dermoscopic,BCC
ISIC_6784471,IL_9399990,dermoscopic,AKIEC
ISIC_6785657,IL_2797593,dermoscopic,NV
ISIC_6786577,IL_6877594,clinical: close-up,MEL
ISIC_6788918,IL_5357233,clinical: close-up,BCC
ISIC_6790299,IL_1873832,clinical: close-up,NV
ISIC_6790517,IL_2221229,dermoscopic,NV
ISIC_6791466,IL_7649992,dermoscopic,BCC
ISIC_6795403,IL_8248912,clinical: close-up,BCC
ISIC_6795963,IL_8859314,dermoscopic,BCC
ISIC_6796955,IL_3327955,dermoscopic,INF
ISIC_6803790,IL_8204669,clinical: close-up,MEL
ISIC_6806797,IL_8611519,clinical: close-up,NV
ISIC_6806931,IL_2632652,clinical: close-up,NV
ISIC_6810372,IL_9980498,clinical: close-up,BKL
ISIC_6814138,IL_8296856,clinical: close-up,BKL
ISIC_6818303,IL_4715886,dermoscopic,BCC
ISIC_6818815,IL_9607410,clinical: close-up,BCC
ISIC_6820101,IL_3925497,clinical: close-up,MEL
ISIC_6822533,IL_3609396,dermoscopic,BCC
ISIC_6823826,IL_3253177,clinical: close-up,NV
ISIC_6824445,IL_3906452,clinical: close-up,MEL
ISIC_6827856,IL_4174336,clinical: close-up,AKIEC
ISIC_6827974,IL_2868524,dermoscopic,BCC
ISIC_6831182,IL_0264320,clinical: close-up,BKL
ISIC_6831651,IL_5576259,dermoscopic,BCC
ISIC_6831946,IL_9072038,clinical: close-up,BCC
ISIC_6841057,IL_3397274,clinical: close-up,BEN_OTH
ISIC_6842700,IL_9489077,clinical: close-up,NV
ISIC_6843700,IL_6968028,dermoscopic,BCC
ISIC_6844081,IL_4268143,clinical: close-up,NV
ISIC_6846246,IL_1057278,clinical: close-up,BCC
ISIC_6847081,IL_8725130,clinical: close-up,BKL
ISIC_6849103,IL_3453453,clinical: close-up,BCC
ISIC_6852771,IL_2674670,dermoscopic,BCC
ISIC_6853529,IL_2528819,dermoscopic,NV
ISIC_6854604,IL_8732835,dermoscopic,BCC
ISIC_6854833,IL_7619884,clinical: close-up,BKL
ISIC_6855467,IL_2750081,clinical: close-up,NV
ISIC_6857013,IL_1478833,clinical: close-up,MEL
ISIC_6860247,IL_1093822,dermoscopic,BCC
ISIC_6860570,IL_1963304,dermoscopic,SCCKA
ISIC_6861920,IL_7894470,clinical: close-up,AKIEC
ISIC_6869534,IL_2291153,clinical: close-up,BCC
ISIC_6871088,IL_9064391,clinical: close-up,BCC
ISIC_6872189,IL_4862804,clinical: close-up,BCC
ISIC_6873786,IL_8994019,dermoscopic,NV
ISIC_6874373,IL_4096738,dermoscopic,SCCKA
ISIC_6875407,IL_6947198,dermoscopic,BCC
ISIC_6877985,IL_5101024,dermoscopic,MEL
ISIC_6883494,IL_7705011,clinical: close-up,BCC
ISIC_6884836,IL_4781564,dermoscopic,BCC
ISIC_6886883,IL_3245331,dermoscopic,AKIEC
ISIC_6887594,IL_4061949,dermoscopic,NV
ISIC_6888436,IL_7431688,clinical: close-up,SCCKA
ISIC_6890394,IL_8364095,clinical: close-up,VASC
ISIC_6890536,IL_0727699,dermoscopic,AKIEC
ISIC_6891841,IL_6128899,clinical: close-up,BCC
ISIC_6893384,IL_1303773,clinical: close-up,BCC
ISIC_6895047,IL_6305058,clinical: close-up,BCC
ISIC_6895079,IL_4668896,dermoscopic,BCC
ISIC_6896664,IL_5787945,dermoscopic,INF
ISIC_6897010,IL_9262506,dermoscopic,BCC
ISIC_6898183,IL_3673925,dermoscopic,NV
ISIC_6899811,IL_3984556,dermoscopic,BCC
ISIC_6900639,IL_0281880,clinical: close-up,BCC
ISIC_6900958,IL_0179071,dermoscopic,BCC
ISIC_6901509,IL_7398845,clinical: close-up,BCC
ISIC_6901642,IL_1675253,dermoscopic,BCC
ISIC_6905596,IL_3144170,clinical: close-up,NV
ISIC_6906298,IL_3397052,clinical: close-up,MAL_OTH
ISIC_6908565,IL_1608004,clinical: close-up,AKIEC
ISIC_6909525,IL_3102768,dermoscopic,BCC
ISIC_6910029,IL_9005268,dermoscopic,BCC
ISIC_6910330,IL_4432216,dermoscopic,MEL
ISIC_6914473,IL_1509738,clinical: close-up,BCC
ISIC_6915298,IL_0633979,dermoscopic,BCC
ISIC_6919219,IL_3751516,dermoscopic,BCC
ISIC_6919900,IL_7855473,clinical: close-up,NV
ISIC_6921970,IL_2218575,clinical: close-up,BCC
ISIC_6924218,IL_1943704,dermoscopic,MEL
ISIC_6927702,IL_8549030,clinical: close-up,NV
ISIC_6930203,IL_4794810,dermoscopic,VASC
ISIC_6931788,IL_4580726,clinical: close-up,BCC
ISIC_6932845,IL_7137624,dermoscopic,SCCKA
ISIC_6933070,IL_9064607,dermoscopic,BKL
ISIC_6935679,IL_5352548,dermoscopic,BCC
ISIC_6935765,IL_4305709,clinical: close-up,NV
ISIC_6936062,IL_9809595,clinical: close-up,BKL
ISIC_6936754,IL_3705242,dermoscopic,BCC
ISIC_6936920,IL_9540543,dermoscopic,BCC
ISIC_6938441,IL_6352600,dermoscopic,BCC
ISIC_6938646,IL_2322719,dermoscopic,BCC
ISIC_6938902,IL_5675796,clinical: close-up,BKL
ISIC_6940173,IL_8601267,dermoscopic,BCC
ISIC_6940478,IL_8225766,dermoscopic,NV
ISIC_6941420,IL_9321885,dermoscopic,MEL
ISIC_6943109,IL_6499920,clinical: close-up,BCC
ISIC_6943209,IL_5416210,dermoscopic,SCCKA
ISIC_6943256,IL_3400636,dermoscopic,DF
ISIC_6949754,IL_2423269,dermoscopic,BKL
ISIC_6950225,IL_5131456,dermoscopic,BCC
ISIC_6952094,IL_4615108,dermoscopic,BCC
ISIC_6954063,IL_3636394,dermoscopic,MEL
ISIC_6954599,IL_7595050,clinical: close-up,BCC
ISIC_6955501,IL_8736766,dermoscopic,BCC
ISIC_6956876,IL_9646137,dermoscopic,BCC
ISIC_6957053,IL_3183232,clinical: close-up,BCC
ISIC_6957886,IL_1720611,clinical: close-up,AKIEC
ISIC_6958882,IL_8739695,dermoscopic,NV
ISIC_6959082,IL_7151010,dermoscopic,BKL
ISIC_6960107,IL_9245016,clinical: close-up,BCC
ISIC_6963673,IL_9714463,dermoscopic,BCC
ISIC_6964854,IL_0688391,clinical: close-up,BCC
ISIC_6966608,IL_6970839,clinical: close-up,BCC
ISIC_6967166,IL_4783389,clinical: close-up,NV
ISIC_6967255,IL_1470267,clinical: close-up,BCC
ISIC_6968104,IL_8678010,clinical: close-up,BCC
ISIC_6968526,IL_5129613,clinical: close-up,BCC
ISIC_6970909,IL_1283249,dermoscopic,BCC
ISIC_6973783,IL_3778802,dermoscopic,NV
ISIC_6976701,IL_0216946,dermoscopic,BCC
ISIC_6977117,IL_1077349,clinical: close-up,NV
ISIC_6977201,IL_2211333,clinical: close-up,BCC
ISIC_6977564,IL_1667522,clinical: close-up,BCC
ISIC_6982597,IL_1167409,dermoscopic,BCC
ISIC_6983648,IL_7717192,clinical: close-up,BCC
ISIC_6984049,IL_3892399,clinical: close-up,BCC
ISIC_6984699,IL_3295356,clinical: close-up,BCC
ISIC_6987320,IL_0788438,dermoscopic,NV
ISIC_6990978,IL_7972965,dermoscopic,SCCKA
ISIC_6991585,IL_2057238,dermoscopic,SCCKA
ISIC_6992532,IL_4072310,clinical: close-up,NV
ISIC_6993040,IL_7764430,dermoscopic,MEL
ISIC_6997256,IL_1833955,clinical: close-up,MEL
ISIC_6999728,IL_3230932,dermoscopic,BCC
ISIC_6999928,IL_2658437,dermoscopic,BCC
ISIC_7001987,IL_5037450,clinical: close-up,BCC
ISIC_7003219,IL_7759035,dermoscopic,BCC
ISIC_7005364,IL_7926291,clinical: close-up,BCC
ISIC_7006889,IL_7718928,dermoscopic,BCC
ISIC_7008068,IL_5417601,dermoscopic,BCC
ISIC_7009394,IL_5423351,dermoscopic,BKL
ISIC_7009788,IL_1651344,dermoscopic,DF
ISIC_7016980,IL_9031003,clinical: close-up,BCC
ISIC_7017469,IL_8606392,clinical: close-up,BEN_OTH
ISIC_7029533,IL_6389219,dermoscopic,AKIEC
ISIC_7030907,IL_6847142,dermoscopic,BCC
ISIC_7032433,IL_7244270,clinical: close-up,BCC
ISIC_7033406,IL_0625469,clinical: close-up,MEL
ISIC_7040859,IL_2175729,dermoscopic,SCCKA
ISIC_7041996,IL_6336481,clinical: close-up,SCCKA
ISIC_7043547,IL_4557946,clinical: close-up,BCC
ISIC_7046064,IL_6007354,clinical: close-up,BKL
ISIC_7047621,IL_1866416,dermoscopic,BCC
ISIC_7051193,IL_2922462,clinical: close-up,BCC
ISIC_7053064,IL_6960759,dermoscopic,NV
ISIC_7053200,IL_9734938,dermoscopic,BCC
ISIC_7057641,IL_1300657,clinical: close-up,BCC
ISIC_7058677,IL_3687151,clinical: close-up,BCC
ISIC_7059546,IL_1741364,dermoscopic,SCCKA
ISIC_7061593,IL_1528983,dermoscopic,BCC
ISIC_7067801,IL_2634842,clinical: close-up,BCC
ISIC_7067948,IL_5055807,dermoscopic,BCC
ISIC_7070387,IL_5787945,clinical: close-up,INF
ISIC_7072308,IL_2473715,dermoscopic,SCCKA
ISIC_7072857,IL_7825787,dermoscopic,BCC
ISIC_7074658,IL_2596452,dermoscopic,SCCKA
ISIC_7078711,IL_5154622,dermoscopic,NV
ISIC_7081739,IL_5014873,dermoscopic,SCCKA
ISIC_7081965,IL_0061620,clinical: close-up,BCC
ISIC_7082655,IL_6527343,clinical: close-up,MEL
ISIC_7082726,IL_2719236,dermoscopic,BCC
ISIC_7083773,IL_1443713,dermoscopic,BCC
ISIC_7085591,IL_0147242,dermoscopic,BCC
ISIC_7087826,IL_4050441,dermoscopic,BCC
ISIC_7090643,IL_8171092,clinical: close-up,NV
ISIC_7090951,IL_1801280,dermoscopic,SCCKA
ISIC_7094095,IL_7709098,clinical: close-up,BCC
ISIC_7095135,IL_0843327,clinical: close-up,BCC
ISIC_7096292,IL_9746868,clinical: close-up,BCC
ISIC_7096753,IL_6943696,clinical: close-up,MEL
ISIC_7097983,IL_6410644,clinical: close-up,NV
ISIC_7100195,IL_4791300,clinical: close-up,MEL
ISIC_7100479,IL_1743491,clinical: close-up,BCC
ISIC_7101909,IL_7743686,dermoscopic,BCC
ISIC_7103694,IL_2889999,dermoscopic,BKL
ISIC_7105831,IL_6901137,dermoscopic,NV
ISIC_7105876,IL_8504644,dermoscopic,BCC
ISIC_7105949,IL_8927794,dermoscopic,BCC
ISIC_7108710,IL_2962292,clinical: close-up,BCC
ISIC_7109494,IL_9075898,dermoscopic,SCCKA
ISIC_7110078,IL_7735449,clinical: close-up,NV
ISIC_7110687,IL_8449378,dermoscopic,NV
ISIC_7111015,IL_5429877,clinical: close-up,BCC
ISIC_7112529,IL_2779245,clinical: close-up,BCC
ISIC_7115215,IL_1711238,clinical: close-up,MEL
ISIC_7115858,IL_4323470,clinical: close-up,BCC
ISIC_7116014,IL_0966806,dermoscopic,NV
ISIC_7116818,IL_8171092,dermoscopic,NV
ISIC_7117439,IL_8516254,clinical: close-up,BCC
ISIC_7117747,IL_7834176,clinical: close-up,BCC
ISIC_7119069,IL_7762998,clinical: close-up,BCC
ISIC_7119768,IL_7728761,clinical: close-up,SCCKA
ISIC_7119882,IL_0307289,dermoscopic,BCC
ISIC_7122420,IL_3269289,clinical: close-up,BCC
ISIC_7124407,IL_8585271,clinical: close-up,NV
ISIC_7126369,IL_6995611,dermoscopic,BCC
ISIC_7128280,IL_5795574,dermoscopic,AKIEC
ISIC_7133516,IL_5830387,clinical: close-up,NV
ISIC_7134919,IL_1556034,dermoscopic,VASC
ISIC_7135182,IL_4658276,clinical: close-up,SCCKA
ISIC_7136010,IL_2808102,clinical: close-up,MEL
ISIC_7137132,IL_3457214,clinical: close-up,BCC
ISIC_7137645,IL_6236280,clinical: close-up,BKL
ISIC_7138482,IL_7148774,clinical: close-up,BCC
ISIC_7138691,IL_6238861,clinical: close-up,BKL
ISIC_7139452,IL_2448175,dermoscopic,NV
ISIC_7140233,IL_4644252,clinical: close-up,NV
ISIC_7142949,IL_5154479,clinical: close-up,BCC
ISIC_7143220,IL_8283182,clinical: close-up,SCCKA
ISIC_7143311,IL_3715048,clinical: close-up,MEL
ISIC_7144270,IL_2670603,clinical: close-up,BCC
ISIC_7144571,IL_4757654,dermoscopic,BCC
ISIC_7147780,IL_8859314,clinical: close-up,BCC
ISIC_7150018,IL_4472583,clinical: close-up,SCCKA
ISIC_7150655,IL_3061699,dermoscopic,MEL
ISIC_7151709,IL_5691160,clinical: close-up,BCC
ISIC_7154038,IL_4453388,dermoscopic,BCC
ISIC_7162704,IL_2094234,clinical: close-up,MEL
ISIC_7171875,IL_2289243,dermoscopic,BKL
ISIC_7173478,IL_3858300,clinical: close-up,BKL
ISIC_7174859,IL_3857855,dermoscopic,NV
ISIC_7176018,IL_0773953,clinical: close-up,BCC
ISIC_7176434,IL_2045312,dermoscopic,BKL
ISIC_7176466,IL_1906171,dermoscopic,NV
ISIC_7179957,IL_5576993,clinical: close-up,NV
ISIC_7184709,IL_1611761,dermoscopic,SCCKA
ISIC_7188705,IL_8608497,dermoscopic,NV
ISIC_7188767,IL_6975771,dermoscopic,BKL
ISIC_7189150,IL_2547108,clinical: close-up,BCC
ISIC_7190000,IL_6546506,clinical: close-up,SCCKA
ISIC_7195517,IL_5631575,clinical: close-up,BKL
ISIC_7196937,IL_6679773,dermoscopic,BCC
ISIC_7196976,IL_4896653,clinical: close-up,BKL
ISIC_7197136,IL_5161470,clinical: close-up,NV
ISIC_7198657,IL_5697539,dermoscopic,AKIEC
ISIC_7198900,IL_9727677,dermoscopic,NV
ISIC_7200189,IL_3830097,clinical: close-up,BCC
ISIC_7200761,IL_1478833,dermoscopic,MEL
ISIC_7201198,IL_3423821,dermoscopic,NV
ISIC_7202617,IL_7237859,clinical: close-up,NV
ISIC_7204351,IL_9249618,clinical: close-up,NV
ISIC_7204645,IL_5836381,dermoscopic,BCC
ISIC_7206161,IL_9880889,clinical: close-up,NV
ISIC_7206801,IL_3562985,dermoscopic,SCCKA
ISIC_7207387,IL_6122367,clinical: close-up,BCC
ISIC_7207962,IL_0515398,clinical: close-up,NV
ISIC_7208631,IL_2998977,dermoscopic,BCC
ISIC_7209186,IL_7571099,clinical: close-up,BCC
ISIC_7209964,IL_3559203,dermoscopic,BCC
ISIC_7213515,IL_0012199,dermoscopic,SCCKA
ISIC_7214986,IL_8808528,dermoscopic,MEL
ISIC_7215858,IL_5811280,dermoscopic,BCC
ISIC_7216047,IL_7974565,clinical: close-up,BKL
ISIC_7218635,IL_4336969,dermoscopic,AKIEC
ISIC_7222742,IL_3312437,dermoscopic,NV
ISIC_7225132,IL_9737107,clinical: close-up,NV
ISIC_7226778,IL_4686561,dermoscopic,BCC
ISIC_7227216,IL_7348450,dermoscopic,BCC
ISIC_7227276,IL_1936294,clinical: close-up,BCC
ISIC_7232942,IL_9477888,clinical: close-up,SCCKA
ISIC_7234241,IL_9421860,dermoscopic,BCC
ISIC_7235077,IL_8283182,dermoscopic,SCCKA
ISIC_7235569,IL_3032174,dermoscopic,DF
ISIC_7236730,IL_7755452,dermoscopic,SCCKA
ISIC_7236747,IL_5508020,clinical: close-up,BCC
ISIC_7237752,IL_6427581,clinical: close-up,BCC
ISIC_7238849,IL_9565203,dermoscopic,BKL
ISIC_7239055,IL_9624462,clinical: close-up,DF
ISIC_7241253,IL_7912330,dermoscopic,BCC
ISIC_7241294,IL_8507702,dermoscopic,BKL
ISIC_7242284,IL_8549030,dermoscopic,NV
ISIC_7243538,IL_9994739,clinical: close-up,SCCKA
ISIC_7245189,IL_9232367,dermoscopic,BCC
ISIC_7247659,IL_7209123,clinical: close-up,BCC
ISIC_7248341,IL_7534180,clinical: close-up,BCC
ISIC_7250021,IL_3778802,clinical: close-up,NV
ISIC_7251011,IL_5612108,dermoscopic,BCC
ISIC_7251638,IL_3472357,dermoscopic,BCC
ISIC_7253697,IL_4865476,clinical: close-up,BCC
ISIC_7256008,IL_2522638,dermoscopic,NV
ISIC_7256290,IL_5770748,clinical: close-up,BCC
ISIC_7256474,IL_8389564,clinical: close-up,BCC
ISIC_7257043,IL_6511492,clinical: close-up,MEL
ISIC_7261168,IL_5572496,dermoscopic,NV
ISIC_7266198,IL_1724111,dermoscopic,BCC
ISIC_7268085,IL_7900127,clinical: close-up,BCC
ISIC_7271787,IL_0387507,dermoscopic,SCCKA
ISIC_7272721,IL_6455280,dermoscopic,BCC
ISIC_7273308,IL_7740320,clinical: close-up,DF
ISIC_7273374,IL_3559217,clinical: close-up,NV
ISIC_7273851,IL_0549977,clinical: close-up,BCC
ISIC_7273898,IL_9356761,clinical: close-up,BCC
ISIC_7274523,IL_7627926,dermoscopic,AKIEC
ISIC_7275427,IL_3487572,clinical: close-up,SCCKA
ISIC_7276894,IL_6649542,clinical: close-up,BCC
ISIC_7277605,IL_8647582,clinical: close-up,BKL
ISIC_7278376,IL_0662515,dermoscopic,NV
ISIC_7283446,IL_7972965,clinical: close-up,SCCKA
ISIC_7286255,IL_7074375,clinical: close-up,BCC
ISIC_7288734,IL_6783933,dermoscopic,BCC
ISIC_7289001,IL_0246803,dermoscopic,BCC
ISIC_7291783,IL_8050386,clinical: close-up,BCC
ISIC_7292116,IL_7483628,dermoscopic,BCC
ISIC_7294780,IL_5780931,clinical: close-up,NV
ISIC_7297776,IL_1448486,dermoscopic,BCC
ISIC_7298601,IL_8846733,dermoscopic,BCC
ISIC_7300115,IL_4757654,clinical: close-up,BCC
ISIC_7302180,IL_7130960,dermoscopic,NV
ISIC_7302567,IL_5110941,clinical: close-up,BCC
ISIC_7304468,IL_3603601,clinical: close-up,AKIEC
ISIC_7304569,IL_7948883,clinical: close-up,INF
ISIC_7304977,IL_9270970,dermoscopic,NV
ISIC_7305201,IL_9904066,dermoscopic,BCC
ISIC_7308323,IL_6970839,dermoscopic,BCC
ISIC_7308959,IL_6503105,dermoscopic,MEL
ISIC_7315517,IL_5564093,dermoscopic,BCC
ISIC_7319337,IL_3879916,clinical: close-up,AKIEC
ISIC_7323450,IL_2897531,clinical: close-up,BCC
ISIC_7324772,IL_0751731,clinical: close-up,BCC
ISIC_7325617,IL_5275481,dermoscopic,BCC
ISIC_7325787,IL_6498417,clinical: close-up,BCC
ISIC_7325830,IL_7948300,clinical: close-up,BCC
ISIC_7326413,IL_0784671,clinical: close-up,BCC
ISIC_7326842,IL_7385851,dermoscopic,AKIEC
ISIC_7330557,IL_6110349,dermoscopic,BCC
ISIC_7330767,IL_3196710,clinical: close-up,BCC
ISIC_7330944,IL_9923635,dermoscopic,BCC
ISIC_7332242,IL_7213317,dermoscopic,SCCKA
ISIC_7334834,IL_9292701,clinical: close-up,SCCKA
ISIC_7335595,IL_1512724,dermoscopic,NV
ISIC_7335701,IL_0137493,clinical: close-up,BCC
ISIC_7336445,IL_6802570,clinical: close-up,BCC
ISIC_7337805,IL_2750641,clinical: close-up,BCC
ISIC_7339771,IL_2248531,clinical: close-up,BCC
ISIC_7339834,IL_0873874,clinical: close-up,BCC
ISIC_7342682,IL_1367516,clinical: close-up,SCCKA
ISIC_7343249,IL_0402026,clinical: close-up,SCCKA
ISIC_7343701,IL_8280553,dermoscopic,BKL
ISIC_7344118,IL_3070568,clinical: close-up,BCC
ISIC_7345955,IL_5576259,clinical: close-up,BCC
ISIC_7347161,IL_9449213,dermoscopic,BCC
ISIC_7347180,IL_8800243,dermoscopic,BCC
ISIC_7352384,IL_2588652,dermoscopic,BCC
ISIC_7358297,IL_9400268,dermoscopic,NV
ISIC_7358947,IL_3295826,clinical: close-up,BKL
ISIC_7362585,IL_1259120,dermoscopic,BCC
ISIC_7363553,IL_5574857,clinical: close-up,NV
ISIC_7363608,IL_5122434,dermoscopic,BCC
ISIC_7364338,IL_3366115,clinical: close-up,BKL
ISIC_7364575,IL_2027967,clinical: close-up,BCC
ISIC_7367155,IL_4745332,dermoscopic,BKL
ISIC_7368174,IL_3837835,clinical: close-up,BCC
ISIC_7370552,IL_3876591,dermoscopic,BCC
ISIC_7370617,IL_9732518,clinical: close-up,BCC
ISIC_7372500,IL_3447838,dermoscopic,BKL
ISIC_7374190,IL_9180201,dermoscopic,BCC
ISIC_7374556,IL_1484044,dermoscopic,BKL
ISIC_7374719,IL_1911635,dermoscopic,BCC
ISIC_7375111,IL_8247508,clinical: close-up,BCC
ISIC_7375960,IL_8185801,dermoscopic,AKIEC
ISIC_7377763,IL_9477888,dermoscopic,SCCKA
ISIC_7377969,IL_0692999,clinical: close-up,BCC
ISIC_7379628,IL_3262094,dermoscopic,BKL
ISIC_7381318,IL_8813361,clinical: close-up,SCCKA
ISIC_7382332,IL_0273938,dermoscopic,BCC
ISIC_7382599,IL_0758607,clinical: close-up,BCC
ISIC_7382876,IL_0966806,clinical: close-up,NV
ISIC_7383105,IL_0972770,clinical: close-up,INF
ISIC_7383339,IL_7253119,dermoscopic,SCCKA
ISIC_7384502,IL_6035719,clinical: close-up,BCC
ISIC_7385775,IL_0225213,clinical: close-up,BCC
ISIC_7386871,IL_6816811,clinical: close-up,BCC
ISIC_7387499,IL_0303279,dermoscopic,BCC
ISIC_7390604,IL_1311157,clinical: close-up,BCC
ISIC_7390977,IL_4446181,dermoscopic,MEL
ISIC_7391014,IL_7217453,dermoscopic,NV
ISIC_7391184,IL_6594915,clinical: close-up,MEL
ISIC_7393792,IL_3285087,dermoscopic,SCCKA
ISIC_7394783,IL_3908552,dermoscopic,BCC
ISIC_7395651,IL_6893895,clinical: close-up,SCCKA
ISIC_7396327,IL_8147513,clinical: close-up,NV
ISIC_7396751,IL_7781007,dermoscopic,BCC
ISIC_7397137,IL_9383072,dermoscopic,BCC
ISIC_7397866,IL_6806894,clinical: close-up,BEN_OTH
ISIC_7398112,IL_3259984,clinical: close-up,BCC
ISIC_7403025,IL_4720043,clinical: close-up,MEL
ISIC_7403204,IL_3636394,clinical: close-up,MEL
ISIC_7405877,IL_0110620,clinical: close-up,AKIEC
ISIC_7408729,IL_2577836,clinical: close-up,SCCKA
ISIC_7411878,IL_0607398,clinical: close-up,AKIEC
ISIC_7413595,IL_9313120,dermoscopic,BCC
ISIC_7415373,IL_0478120,dermoscopic,SCCKA
ISIC_7420218,IL_8445981,clinical: close-up,BCC
ISIC_7424118,IL_6362579,dermoscopic,SCCKA
ISIC_7424370,IL_1629455,dermoscopic,BCC
ISIC_7425508,IL_3531098,dermoscopic,SCCKA
ISIC_7426470,IL_6181794,dermoscopic,BCC
ISIC_7430526,IL_9232367,clinical: close-up,BCC
ISIC_7431526,IL_3488332,clinical: close-up,BCC
ISIC_7434007,IL_5610769,clinical: close-up,SCCKA
ISIC_7435742,IL_8604901,clinical: close-up,BCC
ISIC_7436139,IL_3954142,dermoscopic,INF
ISIC_7441024,IL_6005068,dermoscopic,BCC
ISIC_7442526,IL_2198915,dermoscopic,SCCKA
ISIC_7447177,IL_8588315,clinical: close-up,MEL
ISIC_7449425,IL_7628990,clinical: close-up,AKIEC
ISIC_7450315,IL_0519375,clinical: close-up,NV
ISIC_7451740,IL_6873122,dermoscopic,BCC
ISIC_7452036,IL_9221055,clinical: close-up,BCC
ISIC_7453335,IL_2172033,clinical: close-up,BCC
ISIC_7454308,IL_4850244,dermoscopic,BKL
ISIC_7454892,IL_8583674,dermoscopic,MEL
ISIC_7454975,IL_9624462,dermoscopic,DF
ISIC_7457508,IL_8497763,clinical: close-up,SCCKA
ISIC_7460585,IL_4008032,dermoscopic,BCC
ISIC_7464071,IL_1393183,dermoscopic,BCC
ISIC_7464537,IL_2662922,dermoscopic,BCC
ISIC_7466654,IL_6918825,clinical: close-up,BCC
ISIC_7467578,IL_5124334,clinical: close-up,BCC
ISIC_7467595,IL_3221884,dermoscopic,BCC
ISIC_7469563,IL_0520171,dermoscopic,BKL
ISIC_7472074,IL_7397642,clinical: close-up,BCC
ISIC_7472087,IL_5916541,dermoscopic,MEL
ISIC_7473131,IL_8646739,dermoscopic,BCC
ISIC_7475014,IL_2538278,clinical: close-up,BKL
ISIC_7478833,IL_6684225,dermoscopic,BCC
ISIC_7479360,IL_7257549,clinical: close-up,BCC
ISIC_7480455,IL_8109861,dermoscopic,BCC
ISIC_7481885,IL_2826378,dermoscopic,SCCKA
ISIC_7482467,IL_1281940,dermoscopic,BCC
ISIC_7484441,IL_5114359,clinical: close-up,SCCKA
ISIC_7484955,IL_4705970,clinical: close-up,BCC
ISIC_7485318,IL_0321321,clinical: close-up,BCC
ISIC_7490723,IL_4448697,dermoscopic,BCC
ISIC_7493882,IL_4686561,clinical: close-up,BCC
ISIC_7495478,IL_6985784,clinical: close-up,BCC
ISIC_7497017,IL_1356310,clinical: close-up,BCC
ISIC_7497769,IL_1021886,clinical: close-up,BKL
ISIC_7499602,IL_7790192,clinical: close-up,BCC
ISIC_7500032,IL_5534472,dermoscopic,BCC
ISIC_7500706,IL_1088813,clinical: close-up,BCC
ISIC_7501563,IL_3216305,dermoscopic,BCC
ISIC_7501779,IL_5100758,dermoscopic,MEL
ISIC_7501825,IL_6947307,dermoscopic,MEL
ISIC_7504308,IL_1128310,dermoscopic,BCC
ISIC_7504526,IL_2915335,dermoscopic,SCCKA
ISIC_7504717,IL_3307769,clinical: close-up,SCCKA
ISIC_7505541,IL_9179021,clinical: close-up,BCC
ISIC_7505667,IL_6393969,clinical: close-up,NV
ISIC_7506601,IL_0668310,clinical: close-up,BKL
ISIC_7506634,IL_9485180,clinical: close-up,BCC
ISIC_7507238,IL_9776504,dermoscopic,BCC
ISIC_7509818,IL_2852064,clinical: close-up,BCC
ISIC_7510898,IL_0773379,dermoscopic,BCC
ISIC_7512401,IL_0952894,clinical: close-up,NV
ISIC_7514787,IL_9611587,dermoscopic,BCC
ISIC_7516346,IL_1082732,dermoscopic,BKL
ISIC_7518317,IL_5069726,clinical: close-up,BCC
ISIC_7521530,IL_9439470,dermoscopic,BKL
ISIC_7522141,IL_3406268,clinical: close-up,BCC
ISIC_7522903,IL_1658282,clinical: close-up,BCC
ISIC_7523078,IL_3065625,dermoscopic,NV
ISIC_7523542,IL_1413445,dermoscopic,SCCKA
ISIC_7526819,IL_5690254,dermoscopic,BCC
ISIC_7527340,IL_9274006,clinical: close-up,BEN_OTH
ISIC_7527742,IL_4095279,dermoscopic,BCC
ISIC_7529554,IL_2178122,dermoscopic,BCC
ISIC_7530101,IL_2670180,clinical: close-up,SCCKA
ISIC_7531562,IL_1873832,dermoscopic,NV
ISIC_7533028,IL_3884750,clinical: close-up,BCC
ISIC_7534938,IL_2403428,clinical: close-up,BCC
ISIC_7535899,IL_8544444,clinical: close-up,BCC
ISIC_7537434,IL_5764596,dermoscopic,BCC
ISIC_7541188,IL_4729044,dermoscopic,BCC
ISIC_7541402,IL_4122724,dermoscopic,BCC
ISIC_7542892,IL_5931575,clinical: close-up,BCC
ISIC_7544069,IL_3559217,dermoscopic,NV
ISIC_7546221,IL_4705970,dermoscopic,BCC
ISIC_7546528,IL_8277688,clinical: close-up,BKL
ISIC_7547412,IL_9130306,clinical: close-up,NV
ISIC_7547900,IL_8631628,dermoscopic,AKIEC
ISIC_7548342,IL_8588315,dermoscopic,MEL
ISIC_7550834,IL_1861760,clinical: close-up,DF
ISIC_7550843,IL_7075634,clinical: close-up,BEN_OTH
ISIC_7555202,IL_5084556,clinical: close-up,SCCKA
ISIC_7557765,IL_0455273,clinical: close-up,NV
ISIC_7559808,IL_1618777,clinical: close-up,BKL
ISIC_7560911,IL_2740956,clinical: close-up,BCC
ISIC_7560933,IL_8037743,dermoscopic,MEL
ISIC_7562678,IL_4055680,dermoscopic,BCC
ISIC_7563152,IL_3148585,dermoscopic,BKL
ISIC_7563649,IL_0753013,dermoscopic,BCC
ISIC_7563753,IL_1843945,clinical: close-up,BCC
ISIC_7563945,IL_2072035,clinical: close-up,BCC
ISIC_7566277,IL_5310552,clinical: close-up,NV
ISIC_7566402,IL_0825949,clinical: close-up,BCC
ISIC_7567880,IL_4332595,clinical: close-up,BCC
ISIC_7569602,IL_7428104,clinical: close-up,BKL
ISIC_7572651,IL_4013404,clinical: close-up,NV
ISIC_7575073,IL_8569561,clinical: close-up,SCCKA
ISIC_7580736,IL_5210495,dermoscopic,BCC
ISIC_7581757,IL_2529122,clinical: close-up,BCC
ISIC_7584393,IL_5422211,dermoscopic,BCC
ISIC_7585813,IL_1817922,dermoscopic,MEL
ISIC_7588660,IL_7062666,dermoscopic,BCC
ISIC_7588773,IL_2888041,clinical: close-up,AKIEC
ISIC_7588984,IL_9542018,clinical: close-up,BCC
ISIC_7589454,IL_5708693,dermoscopic,BCC
ISIC_7590490,IL_5017346,clinical: close-up,INF
ISIC_7595404,IL_5247535,clinical: close-up,BKL
ISIC_7600337,IL_3606154,dermoscopic,BCC
ISIC_7603703,IL_3766346,dermoscopic,NV
ISIC_7604483,IL_2735586,clinical: close-up,BKL
ISIC_7605177,IL_4182548,clinical: close-up,BKL
ISIC_7605546,IL_4976689,clinical: close-up,SCCKA
ISIC_7613649,IL_9608205,dermoscopic,SCCKA
ISIC_7614085,IL_9840825,dermoscopic,SCCKA
ISIC_7614845,IL_1606035,dermoscopic,SCCKA
ISIC_7615308,IL_7243389,dermoscopic,NV
ISIC_7615926,IL_3151519,dermoscopic,MEL
ISIC_7616136,IL_4577281,clinical: close-up,BKL
ISIC_7619832,IL_9923635,clinical: close-up,BCC
ISIC_7623387,IL_7397642,dermoscopic,BCC
ISIC_7629062,IL_2582218,dermoscopic,BCC
ISIC_7629948,IL_7842588,dermoscopic,BKL
ISIC_7630309,IL_1273535,dermoscopic,BKL
ISIC_7631504,IL_6093082,dermoscopic,BCC
ISIC_7631509,IL_3249139,clinical: close-up,MEL
ISIC_7632213,IL_7219424,clinical: close-up,BCC
ISIC_7632279,IL_2881037,dermoscopic,BCC
ISIC_7632373,IL_6410644,dermoscopic,NV
ISIC_7635285,IL_5252859,clinical: close-up,AKIEC
ISIC_7638974,IL_4512355,dermoscopic,MEL
ISIC_7640631,IL_7621728,dermoscopic,MEL
ISIC_7641847,IL_0828910,clinical: close-up,BCC
ISIC_7642963,IL_2328480,clinical: close-up,BCC
ISIC_7643593,IL_8229395,dermoscopic,MEL
ISIC_7644369,IL_2328375,dermoscopic,BCC
ISIC_7645103,IL_0758607,dermoscopic,BCC
ISIC_7645695,IL_7154137,clinical: close-up,SCCKA
ISIC_7646698,IL_7713888,dermoscopic,BCC
ISIC_7647712,IL_0681349,dermoscopic,NV
ISIC_7650091,IL_8001896,clinical: close-up,BCC
ISIC_7655648,IL_9250210,clinical: close-up,NV
ISIC_7656588,IL_3360591,dermoscopic,SCCKA
ISIC_7662628,IL_5732372,clinical: close-up,BCC
ISIC_7662916,IL_9701000,clinical: close-up,NV
ISIC_7665103,IL_1470267,dermoscopic,BCC
ISIC_7668131,IL_1303773,dermoscopic,BCC
ISIC_7668414,IL_7206391,dermoscopic,BCC
ISIC_7669551,IL_8366708,clinical: close-up,MEL
ISIC_7670015,IL_3323231,clinical: close-up,MEL
ISIC_7670059,IL_1740059,clinical: close-up,VASC
ISIC_7671720,IL_2679001,dermoscopic,BCC
ISIC_7672873,IL_6583801,clinical: close-up,BKL
ISIC_7675736,IL_8714765,dermoscopic,BKL
ISIC_7676731,IL_0956761,clinical: close-up,BCC
ISIC_7680182,IL_9720231,clinical: close-up,BCC
ISIC_7682533,IL_5844745,dermoscopic,MEL
ISIC_7687674,IL_9529350,dermoscopic,SCCKA
ISIC_7693768,IL_9773637,dermoscopic,BCC
ISIC_7695263,IL_0848676,dermoscopic,MEL
ISIC_7695480,IL_9746902,clinical: close-up,MEL
ISIC_7701592,IL_7818452,dermoscopic,NV
ISIC_7701636,IL_9390250,clinical: close-up,BCC
ISIC_7702191,IL_7735449,dermoscopic,NV
ISIC_7702697,IL_6292784,dermoscopic,MEL
ISIC_7704554,IL_7750546,dermoscopic,NV
ISIC_7705117,IL_5010876,dermoscopic,AKIEC
ISIC_7705901,IL_7099045,dermoscopic,AKIEC
ISIC_7706527,IL_6784777,dermoscopic,BCC
ISIC_7706534,IL_8778181,clinical: close-up,NV
ISIC_7708206,IL_8732835,clinical: close-up,BCC
ISIC_7709002,IL_5314103,dermoscopic,SCCKA
ISIC_7710765,IL_6195057,dermoscopic,BCC
ISIC_7713646,IL_1187197,dermoscopic,BKL
ISIC_7713794,IL_9150805,clinical: close-up,AKIEC
ISIC_7716315,IL_7376173,dermoscopic,BKL
ISIC_7717657,IL_6431723,clinical: close-up,NV
ISIC_7718433,IL_6922157,clinical: close-up,BCC
ISIC_7722970,IL_6140490,dermoscopic,BKL
ISIC_7725065,IL_9255472,dermoscopic,BCC
ISIC_7725581,IL_2190354,clinical: close-up,BCC
ISIC_7727693,IL_4597676,clinical: close-up,BCC
ISIC_7727795,IL_0966706,dermoscopic,BCC
ISIC_7728329,IL_1263840,clinical: close-up,BCC
ISIC_7729052,IL_9441829,dermoscopic,BCC
ISIC_7731011,IL_5365301,clinical: close-up,BCC
ISIC_7731176,IL_2178122,clinical: close-up,BCC
ISIC_7733749,IL_8268920,clinical: close-up,BCC
ISIC_7733845,IL_1684898,clinical: close-up,BCC
ISIC_7733999,IL_2273712,dermoscopic,MEL
ISIC_7735107,IL_3919255,dermoscopic,NV
ISIC_7739032,IL_8663536,clinical: close-up,MEL
ISIC_7739313,IL_8825058,clinical: close-up,SCCKA
ISIC_7742510,IL_9871188,clinical: close-up,BCC
ISIC_7742545,IL_7360885,dermoscopic,SCCKA
ISIC_7744790,IL_4907068,dermoscopic,BCC
ISIC_7745161,IL_9730160,clinical: close-up,BCC
ISIC_7745898,IL_7364791,clinical: close-up,BCC
ISIC_7747685,IL_7335735,clinical: close-up,BCC
ISIC_7749901,IL_9995614,dermoscopic,MEL
ISIC_7752452,IL_3888766,dermoscopic,BCC
ISIC_7753585,IL_5411298,dermoscopic,BCC
ISIC_7755525,IL_6398771,clinical: close-up,BCC
ISIC_7757000,IL_0404523,clinical: close-up,MEL
ISIC_7760822,IL_7364791,dermoscopic,BCC
ISIC_7761513,IL_1152647,clinical: close-up,BKL
ISIC_7762277,IL_3245331,clinical: close-up,AKIEC
ISIC_7763661,IL_7484711,dermoscopic,BCC
ISIC_7764869,IL_6962525,clinical: close-up,MEL
ISIC_7765747,IL_2408766,dermoscopic,AKIEC
ISIC_7767475,IL_7372717,clinical: close-up,BKL
ISIC_7767729,IL_7975365,clinical: close-up,BKL
ISIC_7774908,IL_3039363,dermoscopic,BCC
ISIC_7775074,IL_5770748,dermoscopic,BCC
ISIC_7775105,IL_7363444,clinical: close-up,BCC
ISIC_7777861,IL_9224528,dermoscopic,BCC
ISIC_7779579,IL_9367343,dermoscopic,BCC
ISIC_7780780,IL_7483628,clinical: close-up,BCC
ISIC_7782780,IL_2794961,clinical: close-up,BCC
ISIC_7783388,IL_7776622,clinical: close-up,NV
ISIC_7784358,IL_1882623,clinical: close-up,BCC
ISIC_7784876,IL_2229268,dermoscopic,MEL
ISIC_7785676,IL_3553236,dermoscopic,MEL
ISIC_7789436,IL_7387291,clinical: close-up,NV
ISIC_7789714,IL_3117847,clinical: close-up,NV
ISIC_7789919,IL_1065532,clinical: close-up,BCC
ISIC_7790823,IL_4796364,clinical: close-up,NV
ISIC_7793572,IL_7219424,dermoscopic,BCC
ISIC_7794974,IL_6342379,dermoscopic,BCC
ISIC_7799334,IL_2733872,dermoscopic,BCC
ISIC_7799504,IL_6335975,dermoscopic,BCC
ISIC_7801659,IL_3542015,clinical: close-up,SCCKA
ISIC_7803811,IL_9943627,clinical: close-up,BCC
ISIC_7804815,IL_3256866,dermoscopic,SCCKA
ISIC_7805543,IL_8957515,clinical: close-up,SCCKA
ISIC_7805699,IL_1575881,dermoscopic,NV
ISIC_7808642,IL_5207680,dermoscopic,MEL
ISIC_7808755,IL_3582331,dermoscopic,NV
ISIC_7809981,IL_9264602,clinical: close-up,SCCKA
ISIC_7812213,IL_9167718,clinical: close-up,BCC
ISIC_7812484,IL_3721335,dermoscopic,VASC
ISIC_7812529,IL_4563255,dermoscopic,NV
ISIC_7813760,IL_2283112,dermoscopic,BCC
ISIC_7817884,IL_4255288,dermoscopic,NV
ISIC_7818562,IL_5588135,dermoscopic,BKL
ISIC_7820228,IL_6228849,clinical: close-up,BCC
ISIC_7821426,IL_7136184,clinical: close-up,NV
ISIC_7822239,IL_8646739,clinical: close-up,BCC
ISIC_7826908,IL_8187329,dermoscopic,BCC
ISIC_7827261,IL_2521173,clinical: close-up,NV
ISIC_7827973,IL_9245016,dermoscopic,BCC
ISIC_7827983,IL_6408457,clinical: close-up,BCC
ISIC_7828218,IL_2497125,dermoscopic,MEL
ISIC_7830070,IL_4396265,clinical: close-up,BCC
ISIC_7834236,IL_3883867,clinical: close-up,NV
ISIC_7835311,IL_4432216,clinical: close-up,MEL
ISIC_7835980,IL_6695406,clinical: close-up,MEL
ISIC_7836446,IL_9328701,clinical: close-up,BCC
ISIC_7837278,IL_9814557,dermoscopic,BKL
ISIC_7838099,IL_7099045,clinical: close-up,AKIEC
ISIC_7839162,IL_2265683,dermoscopic,MEL
ISIC_7841088,IL_3560124,dermoscopic,NV
ISIC_7844519,IL_7748792,clinical: close-up,NV
ISIC_7849398,IL_6166867,clinical: close-up,SCCKA
ISIC_7851081,IL_0819034,dermoscopic,MEL
ISIC_7852805,IL_9005268,clinical: close-up,BCC
ISIC_7853005,IL_5832874,clinical: close-up,SCCKA
ISIC_7853714,IL_1024518,clinical: close-up,NV
ISIC_7854881,IL_6613281,dermoscopic,BCC
ISIC_7857854,IL_5979940,clinical: close-up,BCC
ISIC_7859130,IL_7896547,dermoscopic,INF
ISIC_7860232,IL_5311399,dermoscopic,BCC
ISIC_7868177,IL_2752948,dermoscopic,BCC
ISIC_7868229,IL_6439153,clinical: close-up,BCC
ISIC_7869069,IL_2040419,dermoscopic,BCC
ISIC_7869346,IL_8268920,dermoscopic,BCC
ISIC_7870559,IL_9958247,dermoscopic,MEL
ISIC_7871224,IL_9364150,dermoscopic,BCC
ISIC_7872235,IL_5210495,clinical: close-up,BCC
ISIC_7876083,IL_0469581,dermoscopic,BCC
ISIC_7876146,IL_7943219,clinical: close-up,BKL
ISIC_7876616,IL_0848948,dermoscopic,NV
ISIC_7878714,IL_1647212,dermoscopic,BCC
ISIC_7882124,IL_9411177,clinical: close-up,NV
ISIC_7883260,IL_2403428,dermoscopic,BCC
ISIC_7885691,IL_8903764,dermoscopic,AKIEC
ISIC_7885893,IL_7437846,clinical: close-up,BCC
ISIC_7886084,IL_6832488,dermoscopic,BEN_OTH
ISIC_7888447,IL_9077071,dermoscopic,BCC
ISIC_7889192,IL_7833782,clinical: close-up,BCC
ISIC_7889425,IL_6982257,dermoscopic,BKL
ISIC_7890093,IL_5222228,dermoscopic,NV
ISIC_7890222,IL_8869831,dermoscopic,MEL
ISIC_7892545,IL_5162996,dermoscopic,BCC
ISIC_7894539,IL_3745397,clinical: close-up,BCC
ISIC_7896976,IL_6687584,dermoscopic,SCCKA
ISIC_7898573,IL_2432555,clinical: close-up,BCC
ISIC_7900173,IL_9746297,clinical: close-up,SCCKA
ISIC_7901805,IL_8168935,dermoscopic,BCC
ISIC_7902320,IL_8861890,dermoscopic,BCC
ISIC_7904190,IL_8357154,clinical: close-up,BKL
ISIC_7904583,IL_0911506,clinical: close-up,MEL
ISIC_7910863,IL_0636154,dermoscopic,BKL
ISIC_7912691,IL_2344576,dermoscopic,BKL
ISIC_7913268,IL_9150805,dermoscopic,AKIEC
ISIC_7913691,IL_8193410,clinical: close-up,BCC
ISIC_7914809,IL_8225974,clinical: close-up,SCCKA
ISIC_7916204,IL_9755215,clinical: close-up,BCC
ISIC_7916653,IL_5379548,dermoscopic,BCC
ISIC_7917060,IL_8142013,dermoscopic,NV
ISIC_7917913,IL_5361790,dermoscopic,NV
ISIC_7919849,IL_5118297,clinical: close-up,BCC
ISIC_7921865,IL_7344766,dermoscopic,SCCKA
ISIC_7922830,IL_1062117,dermoscopic,MEL
ISIC_7925027,IL_8053107,clinical: close-up,BCC
ISIC_7925520,IL_9101590,dermoscopic,BCC
ISIC_7926021,IL_0848948,clinical: close-up,NV
ISIC_7929517,IL_2493163,dermoscopic,NV
ISIC_7929528,IL_8679586,dermoscopic,AKIEC
ISIC_7931784,IL_2718165,clinical: close-up,AKIEC
ISIC_7938895,IL_9322216,clinical: close-up,SCCKA
ISIC_7939427,IL_7828194,dermoscopic,BCC
ISIC_7939848,IL_9173239,dermoscopic,BCC
ISIC_7941055,IL_0401155,dermoscopic,NV
ISIC_7943464,IL_8200378,clinical: close-up,AKIEC
ISIC_7943627,IL_8219054,dermoscopic,SCCKA
ISIC_7951600,IL_3473944,dermoscopic,SCCKA
ISIC_7952911,IL_2499143,clinical: close-up,BKL
ISIC_7953190,IL_7948300,dermoscopic,BCC
ISIC_7954970,IL_0692999,dermoscopic,BCC
ISIC_7956828,IL_7828194,clinical: close-up,BCC
ISIC_7957331,IL_7198144,clinical: close-up,BCC
ISIC_7957957,IL_5526388,dermoscopic,AKIEC
ISIC_7960741,IL_0401155,clinical: close-up,NV
ISIC_7961554,IL_6425993,clinical: close-up,NV
ISIC_7962171,IL_8585271,dermoscopic,NV
ISIC_7964186,IL_3945386,clinical: close-up,BCC
ISIC_7965278,IL_4507601,clinical: close-up,BCC
ISIC_7969817,IL_2902752,dermoscopic,BCC
ISIC_7970664,IL_9168364,clinical: close-up,SCCKA
ISIC_7971818,IL_9130901,clinical: close-up,BCC
ISIC_7973098,IL_7240345,dermoscopic,NV
ISIC_7974196,IL_4862804,dermoscopic,BCC
ISIC_7974235,IL_3703850,dermoscopic,NV
ISIC_7974271,IL_8604928,dermoscopic,MEL
ISIC_7977103,IL_9208680,dermoscopic,BCC
ISIC_7981568,IL_2658437,clinical: close-up,BCC
ISIC_7982443,IL_4635992,dermoscopic,NV
ISIC_7982662,IL_0877533,clinical: close-up,MEL
ISIC_7983538,IL_3656714,dermoscopic,BCC
ISIC_7985297,IL_2574343,clinical: close-up,SCCKA
ISIC_7986295,IL_4066034,dermoscopic,BCC
ISIC_7987042,IL_6820172,dermoscopic,NV
ISIC_7989237,IL_2107598,clinical: close-up,BKL
ISIC_7989369,IL_5952880,dermoscopic,NV
ISIC_7991773,IL_9659963,dermoscopic,BCC
ISIC_7992008,IL_5696181,clinical: close-up,NV
ISIC_7992749,IL_3742523,clinical: close-up,SCCKA
ISIC_7993187,IL_0949755,clinical: close-up,BCC
ISIC_7993222,IL_2546543,dermoscopic,BCC
ISIC_7994643,IL_3844100,dermoscopic,SCCKA
ISIC_7996471,IL_1442151,clinical: close-up,NV
ISIC_7997862,IL_3819461,dermoscopic,BCC
ISIC_8000982,IL_0694902,dermoscopic,VASC
ISIC_8001737,IL_6390381,dermoscopic,AKIEC
ISIC_8002362,IL_5709842,dermoscopic,NV
ISIC_8005759,IL_4966664,dermoscopic,BKL
ISIC_8010616,IL_9375676,clinical: close-up,MEL
ISIC_8012264,IL_1057711,dermoscopic,NV
ISIC_8015399,IL_0076321,dermoscopic,NV
ISIC_8015470,IL_9003508,clinical: close-up,MEL
ISIC_8016561,IL_4128851,clinical: close-up,BKL
ISIC_8019366,IL_2404701,dermoscopic,NV
ISIC_8021491,IL_4639919,dermoscopic,SCCKA
ISIC_8021500,IL_7894375,dermoscopic,BCC
ISIC_8023105,IL_5167045,dermoscopic,BCC
ISIC_8024502,IL_4133123,clinical: close-up,DF
ISIC_8026822,IL_6660376,dermoscopic,MEL
ISIC_8028890,IL_9266140,dermoscopic,BKL
ISIC_8031107,IL_1293524,dermoscopic,BCC
ISIC_8032040,IL_2274387,dermoscopic,BCC
ISIC_8032730,IL_2659393,clinical: close-up,BCC
ISIC_8033561,IL_6003876,clinical: close-up,BCC
ISIC_8035327,IL_8662195,dermoscopic,BCC
ISIC_8037974,IL_2653791,clinical: close-up,BCC
ISIC_8038497,IL_7540497,dermoscopic,BCC
ISIC_8039873,IL_8631628,clinical: close-up,AKIEC
ISIC_8040056,IL_7748792,dermoscopic,NV
ISIC_8041130,IL_3561998,dermoscopic,BCC
ISIC_8042747,IL_5469172,dermoscopic,BCC
ISIC_8042886,IL_0971210,dermoscopic,BCC
ISIC_8042946,IL_4530346,clinical: close-up,BCC
ISIC_8046525,IL_7871086,clinical: close-up,BCC
ISIC_8052182,IL_2015219,clinical: close-up,BKL
ISIC_8052859,IL_5283684,dermoscopic,BCC
ISIC_8053804,IL_9614802,dermoscopic,SCCKA
ISIC_8056158,IL_1962885,dermoscopic,MEL
ISIC_8058034,IL_6967466,dermoscopic,AKIEC
ISIC_8059473,IL_8725130,dermoscopic,BKL
ISIC_8063764,IL_5192091,clinical: close-up,BCC
ISIC_8064864,IL_1577299,clinical: close-up,AKIEC
ISIC_8068358,IL_0225053,dermoscopic,BCC
ISIC_8070587,IL_3908552,clinical: close-up,BCC
ISIC_8079388,IL_1611761,clinical: close-up,SCCKA
ISIC_8079552,IL_3312566,dermoscopic,BCC
ISIC_8082083,IL_7918230,dermoscopic,BCC
ISIC_8088100,IL_7469546,clinical: close-up,NV
ISIC_8089680,IL_8980429,clinical: close-up,BCC
ISIC_8090800,IL_8604901,dermoscopic,BCC
ISIC_8092373,IL_9809357,dermoscopic,BCC
ISIC_8095870,IL_9471694,clinical: close-up,BCC
ISIC_8096488,IL_3855783,dermoscopic,BCC
ISIC_8096941,IL_6281110,clinical: close-up,BCC
ISIC_8098771,IL_5396627,dermoscopic,MEL
ISIC_8102692,IL_3358821,dermoscopic,BKL
ISIC_8103067,IL_5236713,dermoscopic,BCC
ISIC_8104170,IL_5993994,clinical: close-up,BCC
ISIC_8107179,IL_9809357,clinical: close-up,BCC
ISIC_8107716,IL_6374062,clinical: close-up,MEL
ISIC_8108965,IL_4845726,clinical: close-up,NV
ISIC_8109519,IL_2328752,dermoscopic,BCC
ISIC_8112188,IL_6788244,dermoscopic,BCC
ISIC_8113702,IL_8908533,clinical: close-up,BCC
ISIC_8114137,IL_3464725,dermoscopic,BCC
ISIC_8114381,IL_4877466,clinical: close-up,SCCKA
ISIC_8118009,IL_2383953,dermoscopic,BCC
ISIC_8119167,IL_7511780,dermoscopic,BKL
ISIC_8120877,IL_5058360,clinical: close-up,NV
ISIC_8120902,IL_3879916,dermoscopic,AKIEC
ISIC_8121619,IL_1105307,dermoscopic,NV
ISIC_8124386,IL_6654419,clinical: close-up,AKIEC
ISIC_8129640,IL_5084556,dermoscopic,SCCKA
ISIC_8133362,IL_3982236,clinical: close-up,BKL
ISIC_8133623,IL_1667522,dermoscopic,BCC
ISIC_8137029,IL_8946416,dermoscopic,BEN_OTH
ISIC_8138627,IL_4308535,dermoscopic,AKIEC
ISIC_8139051,IL_7806060,clinical: close-up,BCC
ISIC_8143135,IL_1849535,dermoscopic,BCC
ISIC_8145727,IL_5220758,dermoscopic,BCC
ISIC_8145823,IL_1720611,dermoscopic,AKIEC
ISIC_8149219,IL_0000652,clinical: close-up,BCC
ISIC_8150619,IL_0607639,clinical: close-up,AKIEC
ISIC_8151706,IL_9275908,dermoscopic,BCC
ISIC_8153849,IL_8380493,dermoscopic,AKIEC
ISIC_8153909,IL_6622693,clinical: close-up,MEL
ISIC_8158325,IL_9900993,dermoscopic,VASC
ISIC_8158738,IL_9941677,dermoscopic,BCC
ISIC_8159044,IL_1037790,clinical: close-up,NV
ISIC_8160587,IL_2088373,clinical: close-up,NV
ISIC_8165089,IL_9659421,clinical: close-up,BCC
ISIC_8167281,IL_3013731,clinical: close-up,AKIEC
ISIC_8171632,IL_9890052,dermoscopic,SCCKA
ISIC_8172746,IL_7009317,clinical: close-up,BCC
ISIC_8172800,IL_4885468,clinical: close-up,BKL
ISIC_8176738,IL_0108315,clinical: close-up,BCC
ISIC_8176795,IL_0993436,dermoscopic,BCC
ISIC_8178501,IL_8569561,dermoscopic,SCCKA
ISIC_8178616,IL_0783886,clinical: close-up,MEL
ISIC_8178956,IL_9983052,clinical: close-up,AKIEC
ISIC_8179634,IL_2185825,dermoscopic,BKL
ISIC_8180126,IL_1877456,clinical: close-up,SCCKA
ISIC_8180766,IL_0572339,dermoscopic,BCC
ISIC_8183159,IL_7884893,dermoscopic,AKIEC
ISIC_8186312,IL_1002499,clinical: close-up,BKL
ISIC_8186630,IL_8622725,dermoscopic,NV
ISIC_8190843,IL_3252153,dermoscopic,VASC
ISIC_8191999,IL_4988250,dermoscopic,BCC
ISIC_8193005,IL_6124707,dermoscopic,BCC
ISIC_8195612,IL_0371298,dermoscopic,BCC
ISIC_8195917,IL_2135126,dermoscopic,BKL
ISIC_8197317,IL_0405680,dermoscopic,MEL
ISIC_8197778,IL_3124756,clinical: close-up,VASC
ISIC_8198425,IL_2055704,clinical: close-up,NV
ISIC_8199024,IL_0809191,dermoscopic,NV
ISIC_8202730,IL_5930437,clinical: close-up,NV
ISIC_8204527,IL_5087037,dermoscopic,AKIEC
ISIC_8210069,IL_3305378,clinical: close-up,BCC
ISIC_8216483,IL_7808577,clinical: close-up,BEN_OTH
ISIC_8218617,IL_8554205,dermoscopic,BCC
ISIC_8220140,IL_2590916,clinical: close-up,BCC
ISIC_8223664,IL_3239259,dermoscopic,AKIEC
ISIC_8223761,IL_7998645,dermoscopic,SCCKA
ISIC_8224925,IL_7023776,clinical: close-up,MEL
ISIC_8226322,IL_8370192,dermoscopic,BCC
ISIC_8226503,IL_2513710,clinical: close-up,BCC
ISIC_8229738,IL_9013007,clinical: close-up,BCC
ISIC_8231148,IL_2367179,clinical: close-up,BCC
ISIC_8231201,IL_4354800,clinical: close-up,NV
ISIC_8231437,IL_5078646,dermoscopic,SCCKA
ISIC_8232296,IL_4457515,clinical: close-up,BCC
ISIC_8234371,IL_0784671,dermoscopic,BCC
ISIC_8236388,IL_4534597,dermoscopic,BCC
ISIC_8236818,IL_1259120,clinical: close-up,BCC
ISIC_8237625,IL_0784156,clinical: close-up,BCC
ISIC_8238316,IL_9162610,dermoscopic,SCCKA
ISIC_8243063,IL_5083460,clinical: close-up,SCCKA
ISIC_8243525,IL_0402026,dermoscopic,SCCKA
ISIC_8243847,IL_6145906,clinical: close-up,BCC
ISIC_8244439,IL_8312438,dermoscopic,MEL
ISIC_8245171,IL_2760690,clinical: close-up,BCC
ISIC_8251123,IL_2211333,dermoscopic,BCC
ISIC_8251827,IL_3558954,dermoscopic,BCC
ISIC_8251905,IL_5434909,clinical: close-up,BCC
ISIC_8253705,IL_5816331,dermoscopic,NV
ISIC_8254063,IL_1608004,dermoscopic,AKIEC
ISIC_8254778,IL_3844100,clinical: close-up,SCCKA
ISIC_8255125,IL_5149230,dermoscopic,BCC
ISIC_8255479,IL_3257772,clinical: close-up,BCC
ISIC_8256353,IL_3089993,dermoscopic,BKL
ISIC_8256652,IL_6879944,clinical: close-up,BCC
ISIC_8257388,IL_6849118,dermoscopic,SCCKA
ISIC_8257972,IL_5816419,dermoscopic,NV
ISIC_8260302,IL_9195034,dermoscopic,BCC
ISIC_8260534,IL_2027967,dermoscopic,BCC
ISIC_8260850,IL_1254806,dermoscopic,BKL
ISIC_8263244,IL_8386286,dermoscopic,BKL
ISIC_8268102,IL_4079886,clinical: close-up,SCCKA
ISIC_8271657,IL_4918267,clinical: close-up,BCC
ISIC_8271995,IL_5703544,clinical: close-up,NV
ISIC_8273914,IL_0499462,clinical: close-up,MEL
ISIC_8274052,IL_6868637,dermoscopic,BCC
ISIC_8278794,IL_5835931,clinical: close-up,BCC
ISIC_8280602,IL_9395505,dermoscopic,BCC
ISIC_8281265,IL_2415353,dermoscopic,BKL
ISIC_8283280,IL_6166867,dermoscopic,SCCKA
ISIC_8285845,IL_4019349,dermoscopic,BCC
ISIC_8285958,IL_5052158,dermoscopic,BCC
ISIC_8287342,IL_9067051,clinical: close-up,BCC
ISIC_8287609,IL_3205474,clinical: close-up,MEL
ISIC_8288141,IL_1439879,dermoscopic,BCC
ISIC_8288213,IL_2531198,clinical: close-up,BCC
ISIC_8291456,IL_7780651,dermoscopic,BKL
ISIC_8292872,IL_2390458,dermoscopic,BCC
ISIC_8293339,IL_9233957,clinical: close-up,BCC
ISIC_8293683,IL_2342693,dermoscopic,MEL
ISIC_8293828,IL_0208925,dermoscopic,SCCKA
ISIC_8294897,IL_0605964,dermoscopic,NV
ISIC_8302244,IL_3439844,clinical: close-up,DF
ISIC_8304179,IL_9843383,clinical: close-up,NV
ISIC_8305748,IL_5187517,dermoscopic,SCCKA
ISIC_8309358,IL_5747539,dermoscopic,BCC
ISIC_8311956,IL_7793730,clinical: close-up,BCC
ISIC_8314749,IL_8026752,dermoscopic,NV
ISIC_8318126,IL_5181041,dermoscopic,NV
ISIC_8318215,IL_1587748,clinical: close-up,BCC
ISIC_8322623,IL_0185291,dermoscopic,BKL
ISIC_8323623,IL_2788163,clinical: close-up,NV
ISIC_8324594,IL_1888715,dermoscopic,BKL
ISIC_8324607,IL_0721578,clinical: close-up,INF
ISIC_8325885,IL_1452313,clinical: close-up,BCC
ISIC_8327585,IL_3289221,dermoscopic,AKIEC
ISIC_8328022,IL_3360591,clinical: close-up,SCCKA
ISIC_8329990,IL_2367179,dermoscopic,BCC
ISIC_8332020,IL_4765483,dermoscopic,BCC
ISIC_8338464,IL_5975500,dermoscopic,SCCKA
ISIC_8338783,IL_5607912,clinical: close-up,NV
ISIC_8339862,IL_1752573,clinical: close-up,BCC
ISIC_8339951,IL_8904932,dermoscopic,NV
ISIC_8341598,IL_5252859,dermoscopic,AKIEC
ISIC_8344038,IL_0901496,clinical: close-up,BCC
ISIC_8344146,IL_7212919,dermoscopic,NV
ISIC_8345526,IL_4116292,dermoscopic,NV
ISIC_8346382,IL_2663790,clinical: close-up,SCCKA
ISIC_8349783,IL_5708642,clinical: close-up,SCCKA
ISIC_8349907,IL_7059623,clinical: close-up,NV
ISIC_8350291,IL_8158343,clinical: close-up,BCC
ISIC_8350480,IL_4034865,clinical: close-up,BCC
ISIC_8350851,IL_4064618,dermoscopic,MEL
ISIC_8351733,IL_0261809,clinical: close-up,BCC
ISIC_8352723,IL_7372717,dermoscopic,BKL
ISIC_8354428,IL_5901848,clinical: close-up,BCC
ISIC_8355069,IL_9713334,dermoscopic,DF
ISIC_8356317,IL_7943219,dermoscopic,BKL
ISIC_8357175,IL_1469055,clinical: close-up,BCC
ISIC_8357891,IL_6588313,clinical: close-up,BCC
ISIC_8358187,IL_0391966,clinical: close-up,NV
ISIC_8358859,IL_6536248,clinical: close-up,BCC
ISIC_8361691,IL_4410437,dermoscopic,BCC
ISIC_8361955,IL_7361410,dermoscopic,NV
ISIC_8363273,IL_7416189,clinical: close-up,BCC
ISIC_8365952,IL_0138483,clinical: close-up,BCC
ISIC_8366050,IL_3484417,clinical: close-up,BCC
ISIC_8366447,IL_3465975,dermoscopic,NV
ISIC_8367579,IL_0387507,clinical: close-up,SCCKA
ISIC_8368960,IL_8508107,dermoscopic,BCC
ISIC_8372143,IL_2522638,clinical: close-up,NV
ISIC_8372539,IL_8449378,clinical: close-up,NV
ISIC_8373898,IL_0306410,clinical: close-up,BKL
ISIC_8375466,IL_7295306,clinical: close-up,BCC
ISIC_8376889,IL_6367899,clinical: close-up,MEL
ISIC_8379217,IL_3435246,clinical: close-up,BKL
ISIC_8379235,IL_0783886,dermoscopic,MEL
ISIC_8381606,IL_5762747,dermoscopic,BCC
ISIC_8385396,IL_3596093,dermoscopic,BCC
ISIC_8385616,IL_5478972,dermoscopic,NV
ISIC_8385854,IL_8045895,clinical: close-up,BKL
ISIC_8387069,IL_3568904,clinical: close-up,BCC
ISIC_8390104,IL_2685280,dermoscopic,BKL
ISIC_8390299,IL_1557433,clinical: close-up,BCC
ISIC_8390476,IL_2810751,clinical: close-up,VASC
ISIC_8391328,IL_7368324,dermoscopic,BCC
ISIC_8394448,IL_7756506,clinical: close-up,SCCKA
ISIC_8397636,IL_3312437,clinical: close-up,NV
ISIC_8400472,IL_1891845,dermoscopic,BCC
ISIC_8401508,IL_5187517,clinical: close-up,SCCKA
ISIC_8402813,IL_4896653,dermoscopic,BKL
ISIC_8402952,IL_1812353,clinical: close-up,BKL
ISIC_8405809,IL_4734157,dermoscopic,NV
ISIC_8407534,IL_6780614,dermoscopic,BCC
ISIC_8410138,IL_2868879,clinical: close-up,SCCKA
ISIC_8410845,IL_9142917,clinical: close-up,BCC
ISIC_8410933,IL_9395136,dermoscopic,BCC
ISIC_8414183,IL_2587560,clinical: close-up,BCC
ISIC_8414527,IL_3288060,clinical: close-up,BCC
ISIC_8416462,IL_9665730,dermoscopic,MEL
ISIC_8417980,IL_1943704,clinical: close-up,MEL
ISIC_8419172,IL_3203349,dermoscopic,BCC
ISIC_8419830,IL_8950937,clinical: close-up,NV
ISIC_8420285,IL_5587633,dermoscopic,BCC
ISIC_8424294,IL_1633502,clinical: close-up,BCC
ISIC_8424804,IL_7746701,clinical: close-up,BCC
ISIC_8426219,IL_2508861,dermoscopic,AKIEC
ISIC_8429141,IL_0039324,clinical: close-up,BCC
ISIC_8429175,IL_6676284,clinical: close-up,AKIEC
ISIC_8431346,IL_5974480,dermoscopic,BCC
ISIC_8435693,IL_4706482,dermoscopic,SCCKA
ISIC_8436376,IL_6654739,dermoscopic,BKL
ISIC_8437510,IL_8850639,dermoscopic,MEL
ISIC_8438197,IL_0019048,clinical: close-up,BCC
ISIC_8438291,IL_1162183,dermoscopic,BCC
ISIC_8439407,IL_5959411,dermoscopic,BCC
ISIC_8441087,IL_8142013,clinical: close-up,NV
ISIC_8443235,IL_9944302,clinical: close-up,NV
ISIC_8446431,IL_3486066,dermoscopic,AKIEC
ISIC_8448143,IL_4287532,clinical: close-up,BKL
ISIC_8450508,IL_5337254,dermoscopic,BCC
ISIC_8450877,IL_9632950,dermoscopic,BCC
ISIC_8455179,IL_4460896,dermoscopic,BCC
ISIC_8457494,IL_4865091,dermoscopic,SCCKA
ISIC_8458255,IL_2561893,clinical: close-up,BCC
ISIC_8459726,IL_9826846,clinical: close-up,NV
ISIC_8462138,IL_0340330,dermoscopic,VASC
ISIC_8462208,IL_2096357,dermoscopic,BCC
ISIC_8468152,IL_6155109,dermoscopic,BCC
ISIC_8468747,IL_9146194,clinical: close-up,BCC
ISIC_8469156,IL_4610618,dermoscopic,MEL
ISIC_8470224,IL_8891423,dermoscopic,NV
ISIC_8470753,IL_7755452,clinical: close-up,SCCKA
ISIC_8472745,IL_8258563,dermoscopic,BKL
ISIC_8473068,IL_0318296,clinical: close-up,SCCKA
ISIC_8473871,IL_6337790,clinical: close-up,BKL
ISIC_8479393,IL_3686069,clinical: close-up,NV
ISIC_8483047,IL_0113118,dermoscopic,BCC
ISIC_8483821,IL_3749738,clinical: close-up,BKL
ISIC_8483907,IL_7336538,dermoscopic,BCC
ISIC_8485230,IL_0596741,clinical: close-up,BCC
ISIC_8491813,IL_2369165,dermoscopic,BCC
ISIC_8492315,IL_0515477,clinical: close-up,BCC
ISIC_8495426,IL_2167276,dermoscopic,BCC
ISIC_8497007,IL_9258319,clinical: close-up,BCC
ISIC_8499730,IL_7540497,clinical: close-up,BCC
ISIC_8500215,IL_2561893,dermoscopic,BCC
ISIC_8500794,IL_9149489,dermoscopic,NV
ISIC_8501407,IL_3739398,dermoscopic,BCC
ISIC_8505283,IL_2775597,dermoscopic,BCC
ISIC_8509634,IL_4396586,dermoscopic,NV
ISIC_8509874,IL_0515398,dermoscopic,NV
ISIC_8509933,IL_2049093,clinical: close-up,BCC
ISIC_8511101,IL_3088374,clinical: close-up,MEL
ISIC_8516115,IL_1330840,dermoscopic,BCC
ISIC_8518612,IL_8783670,clinical: close-up,BCC
ISIC_8521879,IL_0218048,dermoscopic,MEL
ISIC_8525569,IL_3423568,clinical: close-up,MEL
ISIC_8525598,IL_5188530,clinical: close-up,SCCKA
ISIC_8528097,IL_2497125,clinical: close-up,MEL
ISIC_8528570,IL_6384302,dermoscopic,BCC
ISIC_8528718,IL_2531198,dermoscopic,BCC
ISIC_8529932,IL_9199460,clinical: close-up,NV
ISIC_8531625,IL_7288279,clinical: close-up,BCC
ISIC_8532508,IL_6938296,dermoscopic,MEL
ISIC_8532648,IL_4908746,dermoscopic,NV
ISIC_8533186,IL_2175729,clinical: close-up,SCCKA
ISIC_8537600,IL_3461218,clinical: close-up,BCC
ISIC_8537605,IL_0102463,clinical: close-up,SCCKA
ISIC_8542319,IL_4505417,clinical: close-up,SCCKA
ISIC_8543046,IL_5979940,dermoscopic,BCC
ISIC_8544097,IL_9542018,dermoscopic,BCC
ISIC_8544988,IL_2531194,dermoscopic,NV
ISIC_8545101,IL_9540543,clinical: close-up,BCC
ISIC_8545164,IL_1871141,dermoscopic,AKIEC
ISIC_8545769,IL_5564093,clinical: close-up,BCC
ISIC_8546307,IL_4912599,dermoscopic,BKL
ISIC_8547720,IL_9094394,clinical: close-up,BCC
ISIC_8550132,IL_4641431,clinical: close-up,BCC
ISIC_8550133,IL_9632950,clinical: close-up,BCC
ISIC_8552530,IL_9158531,clinical: close-up,NV
ISIC_8554900,IL_5193790,dermoscopic,BCC
ISIC_8554994,IL_6007354,dermoscopic,BKL
ISIC_8556689,IL_7212919,clinical: close-up,NV
ISIC_8558562,IL_3415556,dermoscopic,BCC
ISIC_8558850,IL_0508901,dermoscopic,BKL
ISIC_8558990,IL_4777292,clinical: close-up,BCC
ISIC_8559278,IL_3576180,dermoscopic,NV
ISIC_8565468,IL_0679783,clinical: close-up,BKL
ISIC_8570261,IL_8583674,clinical: close-up,MEL
ISIC_8572463,IL_5357233,dermoscopic,BCC
ISIC_8572592,IL_4885447,clinical: close-up,SCCKA
ISIC_8573497,IL_9508962,dermoscopic,BCC
ISIC_8577597,IL_4084018,dermoscopic,BCC
ISIC_8588817,IL_8788883,clinical: close-up,BKL
ISIC_8593738,IL_9572527,dermoscopic,MEL
ISIC_8596125,IL_6960759,clinical: close-up,NV
ISIC_8597782,IL_3855783,clinical: close-up,BCC
ISIC_8597788,IL_1131642,clinical: close-up,BCC
ISIC_8597919,IL_3242715,clinical: close-up,BCC
ISIC_8598339,IL_0024228,clinical: close-up,NV
ISIC_8599510,IL_3703850,clinical: close-up,NV
ISIC_8601570,IL_1003728,dermoscopic,MEL
ISIC_8603749,IL_2533791,dermoscopic,NV
ISIC_8606881,IL_6007498,dermoscopic,BCC
ISIC_8609184,IL_0484240,dermoscopic,BCC
ISIC_8611718,IL_4986261,clinical: close-up,AKIEC
ISIC_8612060,IL_6790433,dermoscopic,BCC
ISIC_8612251,IL_6393969,dermoscopic,NV
ISIC_8612934,IL_3150331,clinical: close-up,BCC
ISIC_8613107,IL_0225053,clinical: close-up,BCC
ISIC_8614302,IL_0921105,dermoscopic,BCC
ISIC_8614640,IL_3635889,dermoscopic,BCC
ISIC_8615408,IL_3705242,clinical: close-up,BCC
ISIC_8615694,IL_9158531,dermoscopic,NV
ISIC_8616397,IL_3141578,clinical: close-up,NV
ISIC_8619763,IL_1538395,dermoscopic,SCCKA
ISIC_8620236,IL_6616097,dermoscopic,MEL
ISIC_8621381,IL_6552855,dermoscopic,BCC
ISIC_8623479,IL_7716473,clinical: close-up,BCC
ISIC_8627295,IL_7117904,dermoscopic,BKL
ISIC_8627581,IL_4922531,dermoscopic,MEL
ISIC_8631635,IL_9899181,clinical: close-up,BCC
ISIC_8633121,IL_4831805,dermoscopic,AKIEC
ISIC_8635734,IL_1016151,clinical: close-up,MEL
ISIC_8636984,IL_3522764,clinical: close-up,BCC
ISIC_8638879,IL_8998802,clinical: close-up,AKIEC
ISIC_8638964,IL_8535894,clinical: close-up,MEL
ISIC_8639067,IL_5691794,clinical: close-up,BCC
ISIC_8639708,IL_7566377,dermoscopic,AKIEC
ISIC_8641404,IL_6037073,clinical: close-up,BCC
ISIC_8641712,IL_2596452,clinical: close-up,SCCKA
ISIC_8644031,IL_2304727,clinical: close-up,SCCKA
ISIC_8644033,IL_4107565,clinical: close-up,BCC
ISIC_8645743,IL_0834716,clinical: close-up,BCC
ISIC_8646399,IL_2791717,dermoscopic,NV
ISIC_8648920,IL_1104647,clinical: close-up,BCC
ISIC_8649670,IL_8515603,clinical: close-up,SCCKA
ISIC_8650160,IL_5844694,dermoscopic,BCC
ISIC_8650326,IL_0684409,dermoscopic,BKL
ISIC_8652712,IL_2386676,clinical: close-up,NV
ISIC_8653825,IL_5666618,dermoscopic,MEL
ISIC_8654948,IL_3003587,clinical: close-up,MEL
ISIC_8657995,IL_3256681,dermoscopic,BCC
ISIC_8660210,IL_0860042,dermoscopic,NV
ISIC_8660432,IL_5375420,clinical: close-up,INF
ISIC_8662550,IL_4689062,dermoscopic,NV
ISIC_8663511,IL_2659865,clinical: close-up,MEL
ISIC_8664926,IL_9693754,clinical: close-up,NV
ISIC_8667734,IL_6185483,dermoscopic,BCC
ISIC_8667960,IL_0149726,dermoscopic,MEL
ISIC_8668469,IL_8225766,clinical: close-up,NV
ISIC_8668865,IL_0306410,dermoscopic,BKL
ISIC_8668985,IL_6606069,dermoscopic,BCC
ISIC_8669887,IL_2040419,clinical: close-up,BCC
ISIC_8670753,IL_4514028,clinical: close-up,NV
ISIC_8672327,IL_3818681,clinical: close-up,SCCKA
ISIC_8673290,IL_3154962,dermoscopic,MEL
ISIC_8673829,IL_5379548,clinical: close-up,BCC
ISIC_8675305,IL_2653791,dermoscopic,BCC
ISIC_8678969,IL_2632652,dermoscopic,NV
ISIC_8680973,IL_5209978,clinical: close-up,BCC
ISIC_8684025,IL_7327250,clinical: close-up,AKIEC
ISIC_8684482,IL_6605794,dermoscopic,BCC
ISIC_8685078,IL_1286984,clinical: close-up,NV
ISIC_8685453,IL_6374062,dermoscopic,MEL
ISIC_8686696,IL_8957515,dermoscopic,SCCKA
ISIC_8687339,IL_3858708,clinical: close-up,AKIEC
ISIC_8687675,IL_1026804,dermoscopic,MEL
ISIC_8689886,IL_9678089,clinical: close-up,BCC
ISIC_8690049,IL_5310098,clinical: close-up,BCC
ISIC_8691098,IL_2177210,dermoscopic,SCCKA
ISIC_8693307,IL_4582697,dermoscopic,NV
ISIC_8696381,IL_3162928,dermoscopic,NV
ISIC_8697607,IL_5277134,dermoscopic,MEL
ISIC_8698177,IL_5576993,dermoscopic,NV
ISIC_8698202,IL_6968028,clinical: close-up,BCC
ISIC_8698547,IL_4033991,dermoscopic,BKL
ISIC_8699233,IL_0668310,dermoscopic,BKL
ISIC_8699706,IL_5042864,dermoscopic,NV
ISIC_8701104,IL_4131392,dermoscopic,NV
ISIC_8703747,IL_8379111,clinical: close-up,SCCKA
ISIC_8703792,IL_2330730,dermoscopic,BCC
ISIC_8704127,IL_3290322,dermoscopic,BCC
ISIC_8704436,IL_3303655,dermoscopic,BCC
ISIC_8707635,IL_2522650,dermoscopic,BCC
ISIC_8707995,IL_7713960,clinical: close-up,BCC
ISIC_8708228,IL_8855847,dermoscopic,BCC
ISIC_8713886,IL_5489225,clinical: close-up,BCC
ISIC_8715920,IL_1660797,clinical: close-up,NV
ISIC_8717771,IL_0607398,dermoscopic,AKIEC
ISIC_8721730,IL_2788353,clinical: close-up,BCC
ISIC_8722421,IL_9275941,clinical: close-up,NV
ISIC_8722591,IL_6743301,clinical: close-up,BCC
ISIC_8723719,IL_3916438,dermoscopic,NV
ISIC_8724627,IL_2722243,clinical: close-up,BCC
ISIC_8730307,IL_8544201,clinical: close-up,BCC
ISIC_8731377,IL_7798468,dermoscopic,AKIEC
ISIC_8731413,IL_7628990,dermoscopic,AKIEC
ISIC_8731964,IL_5110941,dermoscopic,BCC
ISIC_8732830,IL_1468442,clinical: close-up,SCCKA
ISIC_8736820,IL_0083505,dermoscopic,NV
ISIC_8737266,IL_3599866,clinical: close-up,BKL
ISIC_8740093,IL_0967038,clinical: close-up,BKL
ISIC_8740405,IL_5100758,clinical: close-up,MEL
ISIC_8741674,IL_8495529,dermoscopic,AKIEC
ISIC_8744116,IL_5037876,dermoscopic,BCC
ISIC_8744831,IL_0632998,clinical: close-up,BCC
ISIC_8746170,IL_4615374,dermoscopic,SCCKA
ISIC_8746740,IL_5519397,dermoscopic,BCC
ISIC_8748477,IL_0662515,clinical: close-up,NV
ISIC_8748525,IL_4190989,clinical: close-up,NV
ISIC_8749451,IL_6684225,clinical: close-up,BCC
ISIC_8753280,IL_4876348,clinical: close-up,SCCKA
ISIC_8754259,IL_3295356,dermoscopic,BCC
ISIC_8759215,IL_5069726,dermoscopic,BCC
ISIC_8759947,IL_6920562,dermoscopic,BCC
ISIC_8760881,IL_9945290,dermoscopic,BEN_OTH
ISIC_8764700,IL_7084309,clinical: close-up,BCC
ISIC_8767141,IL_6079301,clinical: close-up,BKL
ISIC_8768212,IL_3634030,clinical: close-up,BCC
ISIC_8768573,IL_9349651,clinical: close-up,BCC
ISIC_8768858,IL_0887241,clinical: close-up,NV
ISIC_8769047,IL_6117786,dermoscopic,MEL
ISIC_8769148,IL_8637878,clinical: close-up,BCC
ISIC_8771453,IL_0872477,dermoscopic,NV
ISIC_8771667,IL_2429008,clinical: close-up,MEL
ISIC_8772140,IL_9099614,clinical: close-up,BCC
ISIC_8774868,IL_7885037,dermoscopic,BCC
ISIC_8776361,IL_7335735,dermoscopic,BCC
ISIC_8776793,IL_4820678,dermoscopic,BCC
ISIC_8778674,IL_2304727,dermoscopic,SCCKA
ISIC_8779998,IL_9991092,clinical: close-up,BCC
ISIC_8782205,IL_9644820,clinical: close-up,AKIEC
ISIC_8782299,IL_2662966,dermoscopic,BCC
ISIC_8786035,IL_2894575,dermoscopic,AKIEC
ISIC_8786149,IL_6827791,clinical: close-up,BCC
ISIC_8787301,IL_3037585,dermoscopic,BCC
ISIC_8788500,IL_0134998,clinical: close-up,MEL
ISIC_8790740,IL_9475061,dermoscopic,INF
ISIC_8790887,IL_7471218,dermoscopic,SCCKA
ISIC_8791057,IL_5285603,dermoscopic,VASC
ISIC_8793103,IL_0550268,clinical: close-up,NV
ISIC_8793131,IL_0627610,clinical: close-up,BCC
ISIC_8793565,IL_8225974,dermoscopic,SCCKA
ISIC_8800271,IL_4391633,dermoscopic,BKL
ISIC_8800634,IL_4929209,clinical: close-up,BKL
ISIC_8805390,IL_4028945,dermoscopic,AKIEC
ISIC_8808076,IL_1779253,dermoscopic,BKL
ISIC_8810193,IL_5916541,clinical: close-up,MEL
ISIC_8810920,IL_0834716,dermoscopic,BCC
ISIC_8811262,IL_0484240,clinical: close-up,BCC
ISIC_8815245,IL_0550268,dermoscopic,NV
ISIC_8815594,IL_7145393,dermoscopic,MEL
ISIC_8820732,IL_8444340,clinical: close-up,BCC
ISIC_8821690,IL_5208753,clinical: close-up,BCC
ISIC_8823892,IL_8516254,dermoscopic,BCC
ISIC_8825637,IL_7385795,dermoscopic,INF
ISIC_8830091,IL_2305768,dermoscopic,BKL
ISIC_8830166,IL_9356761,dermoscopic,BCC
ISIC_8830503,IL_7718928,clinical: close-up,BCC
ISIC_8830776,IL_1066260,clinical: close-up,NV
ISIC_8830839,IL_1779696,dermoscopic,BKL
ISIC_8832464,IL_5356677,clinical: close-up,SCCKA
ISIC_8832798,IL_0525024,clinical: close-up,NV
ISIC_8832843,IL_1571556,dermoscopic,BKL
ISIC_8833451,IL_4298080,clinical: close-up,MEL
ISIC_8834324,IL_5588135,clinical: close-up,BKL
ISIC_8839329,IL_1263840,dermoscopic,BCC
ISIC_8843537,IL_7834176,dermoscopic,BCC
ISIC_8845800,IL_4008032,clinical: close-up,BCC
ISIC_8846554,IL_4153539,dermoscopic,BCC
ISIC_8846852,IL_1418098,clinical: close-up,BEN_OTH
ISIC_8849386,IL_8326095,clinical: close-up,BCC
ISIC_8851360,IL_7894375,clinical: close-up,BCC
ISIC_8854712,IL_7416189,dermoscopic,BCC
ISIC_8857322,IL_4429998,dermoscopic,BCC
ISIC_8858676,IL_5767308,dermoscopic,BKL
ISIC_8860235,IL_6676284,dermoscopic,AKIEC
ISIC_8860890,IL_4466294,clinical: close-up,NV
ISIC_8862307,IL_2187730,dermoscopic,AKIEC
ISIC_8862763,IL_8434747,clinical: close-up,BCC
ISIC_8865829,IL_9038692,clinical: close-up,SCCKA
ISIC_8866895,IL_9692603,clinical: close-up,BCC
ISIC_8867010,IL_9737079,clinical: close-up,BCC
ISIC_8868003,IL_2528197,clinical: close-up,AKIEC
ISIC_8868777,IL_3406268,dermoscopic,BCC
ISIC_8869199,IL_3859147,clinical: close-up,BCC
ISIC_8870190,IL_1072966,dermoscopic,BKL
ISIC_8870317,IL_1804750,dermoscopic,AKIEC
ISIC_8870441,IL_0024228,dermoscopic,NV
ISIC_8872336,IL_0443862,dermoscopic,BKL
ISIC_8873365,IL_8299978,dermoscopic,NV
ISIC_8874166,IL_8850331,dermoscopic,MEL
ISIC_8876204,IL_9303237,clinical: close-up,BKL
ISIC_8876261,IL_9294619,dermoscopic,AKIEC
ISIC_8878792,IL_7135513,clinical: close-up,BKL
ISIC_8879612,IL_6800675,clinical: close-up,BCC
ISIC_8880430,IL_2715544,dermoscopic,BKL
ISIC_8880596,IL_1170242,dermoscopic,BKL
ISIC_8882107,IL_3360442,dermoscopic,BCC
ISIC_8883217,IL_9106162,dermoscopic,BCC
ISIC_8884437,IL_7243389,clinical: close-up,NV
ISIC_8890260,IL_5423351,clinical: close-up,BKL
ISIC_8890680,IL_8719061,dermoscopic,BCC
ISIC_8893011,IL_2197335,clinical: close-up,SCCKA
ISIC_8894733,IL_3205547,clinical: close-up,BKL
ISIC_8894857,IL_9590648,dermoscopic,BCC
ISIC_8897421,IL_4571901,clinical: close-up,BCC
ISIC_8898024,IL_9288651,clinical: close-up,BKL
ISIC_8898285,IL_8892581,clinical: close-up,SCCKA
ISIC_8898499,IL_3181728,clinical: close-up,AKIEC
ISIC_8898820,IL_5267029,dermoscopic,MEL
ISIC_8898834,IL_8767965,clinical: close-up,AKIEC
ISIC_8899493,IL_4419234,clinical: close-up,MEL
ISIC_8900097,IL_6802570,dermoscopic,BCC
ISIC_8903447,IL_1958887,clinical: close-up,BCC
ISIC_8904388,IL_3615210,dermoscopic,BCC
ISIC_8904796,IL_9720505,dermoscopic,BCC
ISIC_8907397,IL_8345916,clinical: close-up,BKL
ISIC_8908980,IL_8951938,clinical: close-up,BCC
ISIC_8911152,IL_9483731,clinical: close-up,BCC
ISIC_8912166,IL_3058425,dermoscopic,MEL
ISIC_8912227,IL_8623276,clinical: close-up,NV
ISIC_8913904,IL_8638441,clinical: close-up,BCC
ISIC_8914881,IL_6677545,clinical: close-up,BCC
ISIC_8914963,IL_4500460,dermoscopic,BCC
ISIC_8916536,IL_9127211,clinical: close-up,BCC
ISIC_8919169,IL_9587475,dermoscopic,NV
ISIC_8919899,IL_2307468,clinical: close-up,MEL
ISIC_8921737,IL_6865850,clinical: close-up,BKL
ISIC_8922165,IL_4126361,dermoscopic,BCC
ISIC_8922391,IL_1918190,clinical: close-up,BCC
ISIC_8923256,IL_5611087,dermoscopic,SCCKA
ISIC_8925555,IL_1732835,dermoscopic,SCCKA
ISIC_8932910,IL_7068236,clinical: close-up,BCC
ISIC_8933202,IL_9075898,clinical: close-up,SCCKA
ISIC_8934759,IL_6962056,dermoscopic,BCC
ISIC_8935869,IL_3262094,clinical: close-up,BKL
ISIC_8937601,IL_4980476,clinical: close-up,MEL
ISIC_8938866,IL_3930642,dermoscopic,BCC
ISIC_8943266,IL_0685418,clinical: close-up,AKIEC
ISIC_8943375,IL_4149493,dermoscopic,BCC
ISIC_8943527,IL_0664842,dermoscopic,BCC
ISIC_8944107,IL_1314812,dermoscopic,BCC
ISIC_8945348,IL_3423886,dermoscopic,BCC
ISIC_8946169,IL_8500877,dermoscopic,SCCKA
ISIC_8946719,IL_8515603,dermoscopic,SCCKA
ISIC_8947496,IL_0012199,clinical: close-up,SCCKA
ISIC_8949217,IL_6654739,clinical: close-up,BKL
ISIC_8949610,IL_5181041,clinical: close-up,NV
ISIC_8951479,IL_3663499,dermoscopic,BCC
ISIC_8953290,IL_5275481,clinical: close-up,BCC
ISIC_8961614,IL_9630385,dermoscopic,MEL
ISIC_8963623,IL_8681344,clinical: close-up,MEL
ISIC_8966831,IL_1962759,clinical: close-up,NV
ISIC_8969175,IL_2788163,dermoscopic,NV
ISIC_8969336,IL_0684409,clinical: close-up,BKL
ISIC_8973952,IL_4003805,dermoscopic,BCC
ISIC_8975655,IL_1684898,dermoscopic,BCC
ISIC_8976041,IL_1209024,dermoscopic,BCC
ISIC_8977223,IL_3237726,dermoscopic,MEL
ISIC_8977962,IL_3417024,dermoscopic,MEL
ISIC_8979429,IL_1735251,clinical: close-up,BCC
ISIC_8979552,IL_7532764,clinical: close-up,BCC
ISIC_8979849,IL_0521402,dermoscopic,BCC
ISIC_8980636,IL_9059255,clinical: close-up,SCCKA
ISIC_8980999,IL_5188530,dermoscopic,SCCKA
ISIC_8982555,IL_7798468,clinical: close-up,AKIEC
ISIC_8984053,IL_5799605,clinical: close-up,BCC
ISIC_8984180,IL_6852784,dermoscopic,SCCKA
ISIC_8984287,IL_5587633,clinical: close-up,BCC
ISIC_8990576,IL_5527928,clinical: close-up,MEL
ISIC_8992188,IL_8554205,clinical: close-up,BCC
ISIC_8992800,IL_9367787,clinical: close-up,BCC
ISIC_8993296,IL_3138805,clinical: close-up,SCCKA
ISIC_8994952,IL_0519349,dermoscopic,BCC
ISIC_9000883,IL_4425238,dermoscopic,AKIEC
ISIC_9001139,IL_9649678,clinical: close-up,BCC
ISIC_9001724,IL_0788459,clinical: close-up,BCC
ISIC_9002358,IL_9417077,dermoscopic,NV
ISIC_9004284,IL_1188935,clinical: close-up,BKL
ISIC_9005222,IL_1032364,clinical: close-up,VASC
ISIC_9005347,IL_2197335,dermoscopic,SCCKA
ISIC_9006317,IL_3148585,clinical: close-up,BKL
ISIC_9007301,IL_6163368,dermoscopic,BKL
ISIC_9008854,IL_0966706,clinical: close-up,BCC
ISIC_9011999,IL_1567374,clinical: close-up,BCC
ISIC_9017680,IL_8297781,dermoscopic,BCC
ISIC_9018538,IL_3672898,clinical: close-up,BKL
ISIC_9019095,IL_2995561,clinical: close-up,BCC
ISIC_9020314,IL_9921206,dermoscopic,BKL
ISIC_9023174,IL_5482346,clinical: close-up,BCC
ISIC_9025095,IL_3475151,dermoscopic,BKL
ISIC_9026609,IL_6575450,clinical: close-up,AKIEC
ISIC_9026654,IL_4465213,clinical: close-up,BCC
ISIC_9026907,IL_4656673,clinical: close-up,BCC
ISIC_9026951,IL_3774804,dermoscopic,SCCKA
ISIC_9030298,IL_5411298,clinical: close-up,BCC
ISIC_9030826,IL_1407853,dermoscopic,NV
ISIC_9034449,IL_9440413,clinical: close-up,BKL
ISIC_9038494,IL_1509738,dermoscopic,BCC
ISIC_9039481,IL_0513622,clinical: close-up,BCC
ISIC_9039736,IL_4522594,clinical: close-up,MEL
ISIC_9043374,IL_4621496,clinical: close-up,BCC
ISIC_9044867,IL_5283078,clinical: close-up,BCC
ISIC_9045023,IL_3806100,clinical: close-up,SCCKA
ISIC_9046790,IL_6503105,clinical: close-up,MEL
ISIC_9047747,IL_9746297,dermoscopic,SCCKA
ISIC_9047853,IL_0064763,clinical: close-up,SCCKA
ISIC_9048474,IL_5262456,clinical: close-up,BCC
ISIC_9048808,IL_2478742,clinical: close-up,BCC
ISIC_9051035,IL_6313730,clinical: close-up,BCC
ISIC_9052310,IL_9520593,clinical: close-up,BCC
ISIC_9053541,IL_6014318,dermoscopic,BCC
ISIC_9054883,IL_3383125,clinical: close-up,BCC
ISIC_9055167,IL_2372422,clinical: close-up,NV
ISIC_9055453,IL_0321969,clinical: close-up,NV
ISIC_9055556,IL_0159486,dermoscopic,MEL
ISIC_9059079,IL_3809267,clinical: close-up,MEL
ISIC_9059867,IL_9871748,clinical: close-up,BCC
ISIC_9060041,IL_1866823,dermoscopic,BCC
ISIC_9061574,IL_3058425,clinical: close-up,MEL
ISIC_9061787,IL_4987337,clinical: close-up,BCC
ISIC_9062645,IL_2495327,clinical: close-up,BCC
ISIC_9063581,IL_6169734,dermoscopic,SCCKA
ISIC_9064266,IL_5555860,dermoscopic,BCC
ISIC_9069540,IL_1609893,clinical: close-up,AKIEC
ISIC_9071975,IL_5264589,dermoscopic,BKL
ISIC_9073117,IL_3884933,clinical: close-up,BCC
ISIC_9073665,IL_1577473,dermoscopic,SCCKA
ISIC_9073880,IL_2531194,clinical: close-up,NV
ISIC_9075056,IL_8723146,clinical: close-up,BKL
ISIC_9075808,IL_9982376,dermoscopic,SCCKA
ISIC_9076466,IL_4420927,clinical: close-up,NV
ISIC_9076757,IL_1766125,clinical: close-up,NV
ISIC_9078579,IL_8175900,clinical: close-up,BKL
ISIC_9079428,IL_5352548,clinical: close-up,BCC
ISIC_9080829,IL_1693887,dermoscopic,SCCKA
ISIC_9083944,IL_1178770,clinical: close-up,SCCKA
ISIC_9084000,IL_3488429,dermoscopic,BCC
ISIC_9090562,IL_0269822,dermoscopic,SCCKA
ISIC_9091739,IL_4755561,clinical: close-up,NV
ISIC_9092057,IL_1326669,dermoscopic,SCCKA
ISIC_9093424,IL_5793339,dermoscopic,BCC
ISIC_9094964,IL_2233251,clinical: close-up,VASC
ISIC_9098662,IL_3271676,clinical: close-up,BCC
ISIC_9098981,IL_3453453,dermoscopic,BCC
ISIC_9099090,IL_1831903,dermoscopic,BCC
ISIC_9101809,IL_3311502,dermoscopic,INF
ISIC_9102029,IL_2493463,clinical: close-up,INF
ISIC_9105114,IL_2670180,dermoscopic,SCCKA
ISIC_9105300,IL_2480187,clinical: close-up,BCC
ISIC_9105996,IL_7991885,clinical: close-up,DF
ISIC_9111814,IL_4980476,dermoscopic,MEL
ISIC_9113111,IL_9423427,clinical: close-up,BCC
ISIC_9114285,IL_9271885,clinical: close-up,BCC
ISIC_9114356,IL_6665809,clinical: close-up,AKIEC
ISIC_9118088,IL_5612108,clinical: close-up,BCC
ISIC_9118975,IL_8577352,clinical: close-up,BCC
ISIC_9120690,IL_6079301,dermoscopic,BKL
ISIC_9121967,IL_1225900,clinical: close-up,BCC
ISIC_9124673,IL_5271098,clinical: close-up,BCC
ISIC_9126529,IL_0419410,dermoscopic,BKL
ISIC_9127714,IL_7406040,clinical: close-up,BCC
ISIC_9130589,IL_2045312,clinical: close-up,BKL
ISIC_9132006,IL_2124181,dermoscopic,SCCKA
ISIC_9132204,IL_8066973,dermoscopic,BCC
ISIC_9134607,IL_8209280,clinical: close-up,SCCKA
ISIC_9135081,IL_2869334,clinical: close-up,BKL
ISIC_9136213,IL_1657109,clinical: close-up,NV
ISIC_9137740,IL_6186086,dermoscopic,BCC
ISIC_9139090,IL_1592850,dermoscopic,BKL
ISIC_9140116,IL_3253177,dermoscopic,NV
ISIC_9140582,IL_5941345,dermoscopic,BCC
ISIC_9140973,IL_5439022,clinical: close-up,NV
ISIC_9142036,IL_1748759,dermoscopic,BCC
ISIC_9144551,IL_0605964,clinical: close-up,NV
ISIC_9144877,IL_3435246,dermoscopic,BKL
ISIC_9147502,IL_8256176,dermoscopic,BCC
ISIC_9148166,IL_0965927,clinical: close-up,NV
ISIC_9148837,IL_8338996,dermoscopic,BEN_OTH
ISIC_9149555,IL_2662922,clinical: close-up,BCC
ISIC_9151156,IL_4132479,clinical: close-up,NV
ISIC_9153141,IL_6711797,dermoscopic,BCC
ISIC_9153724,IL_7059623,dermoscopic,NV
ISIC_9155060,IL_0744189,clinical: close-up,NV
ISIC_9155561,IL_2797593,clinical: close-up,NV
ISIC_9156050,IL_4613455,clinical: close-up,NV
ISIC_9156154,IL_2093270,dermoscopic,NV
ISIC_9159202,IL_5708642,dermoscopic,SCCKA
ISIC_9161347,IL_2408766,clinical: close-up,AKIEC
ISIC_9161612,IL_2360320,dermoscopic,BCC
ISIC_9163561,IL_3069330,dermoscopic,BCC
ISIC_9167637,IL_0736879,clinical: close-up,BCC
ISIC_9172274,IL_2298931,dermoscopic,NV
ISIC_9172622,IL_6869608,clinical: close-up,NV
ISIC_9174580,IL_4498199,dermoscopic,MEL
ISIC_9175575,IL_7647524,dermoscopic,NV
ISIC_9176060,IL_4157363,clinical: close-up,AKIEC
ISIC_9176784,IL_3019343,clinical: close-up,BCC
ISIC_9177146,IL_8162391,clinical: close-up,AKIEC
ISIC_9178156,IL_0489772,clinical: close-up,BCC
ISIC_9178763,IL_7595050,dermoscopic,BCC
ISIC_9179884,IL_6877594,dermoscopic,MEL
ISIC_9182531,IL_9991953,dermoscopic,MEL
ISIC_9183026,IL_6372832,clinical: close-up,AKIEC
ISIC_9186111,IL_5996475,dermoscopic,MEL
ISIC_9188614,IL_5631575,dermoscopic,BKL
ISIC_9191650,IL_2759218,clinical: close-up,MEL
ISIC_9195108,IL_0225213,dermoscopic,BCC
ISIC_9196525,IL_9487035,dermoscopic,BCC
ISIC_9197238,IL_8244033,clinical: close-up,SCCKA
ISIC_9199020,IL_3395310,dermoscopic,BCC
ISIC_9200112,IL_6215945,clinical: close-up,BCC
ISIC_9204575,IL_1322770,clinical: close-up,SCCKA
ISIC_9204844,IL_7663588,dermoscopic,BCC
ISIC_9206660,IL_0080398,dermoscopic,MEL
ISIC_9206757,IL_9374643,clinical: close-up,BCC
ISIC_9207099,IL_0434993,dermoscopic,BKL
ISIC_9208623,IL_7050947,clinical: close-up,BCC
ISIC_9210156,IL_7385795,clinical: close-up,INF
ISIC_9212791,IL_6021149,clinical: close-up,BCC
ISIC_9215935,IL_8538421,dermoscopic,BCC
ISIC_9216543,IL_3221884,clinical: close-up,BCC
ISIC_9216609,IL_7900127,dermoscopic,BCC
ISIC_9218783,IL_7170892,dermoscopic,BCC
ISIC_9221083,IL_7657501,clinical: close-up,BCC
ISIC_9221495,IL_2344576,clinical: close-up,BKL
ISIC_9222540,IL_2797829,dermoscopic,BKL
ISIC_9222858,IL_9982376,clinical: close-up,SCCKA
ISIC_9223565,IL_0820798,clinical: close-up,AKIEC
ISIC_9225788,IL_8256176,clinical: close-up,BCC
ISIC_9226737,IL_6337790,dermoscopic,BKL
ISIC_9227362,IL_4156451,dermoscopic,BCC
ISIC_9227379,IL_9180201,clinical: close-up,BCC
ISIC_9231756,IL_5207680,clinical: close-up,MEL
ISIC_9232517,IL_4504514,dermoscopic,BCC
ISIC_9233052,IL_2689946,clinical: close-up,BKL
ISIC_9236022,IL_9194841,clinical: close-up,BCC
ISIC_9237488,IL_9064607,clinical: close-up,BKL
ISIC_9239028,IL_4130866,clinical: close-up,BCC
ISIC_9239381,IL_7555285,clinical: close-up,BKL
ISIC_9239978,IL_2651247,dermoscopic,MEL
ISIC_9240332,IL_7929942,clinical: close-up,SCCKA
ISIC_9247586,IL_4130866,dermoscopic,BCC
ISIC_9249196,IL_9126795,dermoscopic,BCC
ISIC_9250445,IL_0617635,clinical: close-up,BKL
ISIC_9250721,IL_0271647,dermoscopic,BCC
ISIC_9250781,IL_8826018,dermoscopic,BCC
ISIC_9250861,IL_1275816,clinical: close-up,MEL
ISIC_9251635,IL_3615210,clinical: close-up,BCC
ISIC_9253237,IL_6498340,clinical: close-up,BCC
ISIC_9254710,IL_1577299,dermoscopic,AKIEC
ISIC_9255011,IL_3605485,clinical: close-up,AKIEC
ISIC_9255133,IL_2591955,dermoscopic,BCC
ISIC_9255385,IL_3496860,clinical: close-up,NV
ISIC_9256618,IL_7582740,dermoscopic,BCC
ISIC_9257390,IL_0107208,clinical: close-up,BCC
ISIC_9262459,IL_3248533,dermoscopic,BCC
ISIC_9263753,IL_7332620,dermoscopic,BCC
ISIC_9264413,IL_6962056,clinical: close-up,BCC
ISIC_9265386,IL_3802643,dermoscopic,BCC
ISIC_9267602,IL_5241211,dermoscopic,NV
ISIC_9268464,IL_1118490,dermoscopic,BCC
ISIC_9268987,IL_7867833,dermoscopic,AKIEC
ISIC_9269238,IL_1592850,clinical: close-up,BKL
ISIC_9271327,IL_2315075,dermoscopic,BCC
ISIC_9272344,IL_8891423,clinical: close-up,NV
ISIC_9272970,IL_8185801,clinical: close-up,AKIEC
ISIC_9274292,IL_9146194,dermoscopic,BCC
ISIC_9275120,IL_1396679,dermoscopic,BCC
ISIC_9276683,IL_2032936,clinical: close-up,BCC
ISIC_9276741,IL_8050939,clinical: close-up,BCC
ISIC_9276884,IL_8169516,dermoscopic,BEN_OTH
ISIC_9276888,IL_8864623,clinical: close-up,SCCKA
ISIC_9280380,IL_9166161,clinical: close-up,NV
ISIC_9285071,IL_4831820,clinical: close-up,BCC
ISIC_9285148,IL_3293897,clinical: close-up,BCC
ISIC_9287993,IL_7273243,dermoscopic,NV
ISIC_9290704,IL_3151358,dermoscopic,BKL
ISIC_9290748,IL_6753634,dermoscopic,SCCKA
ISIC_9296037,IL_3285087,clinical: close-up,SCCKA
ISIC_9296237,IL_5903951,dermoscopic,BCC
ISIC_9297122,IL_3968008,clinical: close-up,BCC
ISIC_9297268,IL_3640524,dermoscopic,NV
ISIC_9301982,IL_4186953,clinical: close-up,SCCKA
ISIC_9304458,IL_3424519,clinical: close-up,NV
ISIC_9308029,IL_1622119,clinical: close-up,MEL
ISIC_9308744,IL_6193516,clinical: close-up,BCC
ISIC_9309251,IL_6897591,clinical: close-up,BCC
ISIC_9311925,IL_3312566,clinical: close-up,BCC
ISIC_9312353,IL_2660318,clinical: close-up,BCC
ISIC_9312951,IL_7167860,clinical: close-up,INF
ISIC_9313746,IL_2088373,dermoscopic,NV
ISIC_9314032,IL_7644986,clinical: close-up,BCC
ISIC_9314612,IL_6296094,clinical: close-up,BCC
ISIC_9314988,IL_7776023,dermoscopic,MEL
ISIC_9316861,IL_3752602,dermoscopic,BCC
ISIC_9317486,IL_2870960,dermoscopic,NV
ISIC_9319124,IL_3727802,dermoscopic,BCC
ISIC_9320989,IL_3485439,clinical: close-up,BCC
ISIC_9321127,IL_3299607,clinical: close-up,BCC
ISIC_9322304,IL_9125215,clinical: close-up,BCC
ISIC_9325289,IL_5747539,clinical: close-up,BCC
ISIC_9326688,IL_4419793,clinical: close-up,AKIEC
ISIC_9333834,IL_7021252,dermoscopic,BCC
ISIC_9334393,IL_6359555,dermoscopic,NV
ISIC_9338482,IL_0318296,dermoscopic,SCCKA
ISIC_9340414,IL_0306057,dermoscopic,NV
ISIC_9342460,IL_6506756,clinical: close-up,NV
ISIC_9344767,IL_0823685,clinical: close-up,MEL
ISIC_9348273,IL_2962292,dermoscopic,BCC
ISIC_9351886,IL_2852064,dermoscopic,BCC
ISIC_9354948,IL_5011583,dermoscopic,BCC
ISIC_9356329,IL_6316913,dermoscopic,BCC
ISIC_9357735,IL_9891746,dermoscopic,MEL
ISIC_9361398,IL_9951114,dermoscopic,NV
ISIC_9365663,IL_8107077,dermoscopic,BCC
ISIC_9365835,IL_5945369,clinical: close-up,BCC
ISIC_9369364,IL_6691534,clinical: close-up,BCC
ISIC_9370126,IL_6157521,dermoscopic,BKL
ISIC_9376271,IL_0788438,clinical: close-up,NV
ISIC_9379057,IL_6442141,dermoscopic,BCC
ISIC_9379186,IL_9840825,clinical: close-up,SCCKA
ISIC_9379796,IL_0100733,clinical: close-up,BEN_OTH
ISIC_9382183,IL_2915335,clinical: close-up,SCCKA
ISIC_9384262,IL_5092028,clinical: close-up,AKIEC
ISIC_9388783,IL_9372364,clinical: close-up,BKL
ISIC_9389123,IL_8622725,clinical: close-up,NV
ISIC_9390065,IL_7910174,dermoscopic,SCCKA
ISIC_9392092,IL_5058360,dermoscopic,NV
ISIC_9392128,IL_4689658,clinical: close-up,BKL
ISIC_9394962,IL_9425710,clinical: close-up,BKL
ISIC_9399207,IL_3529988,dermoscopic,BCC
ISIC_9399586,IL_6962525,dermoscopic,MEL
ISIC_9400088,IL_9294619,clinical: close-up,AKIEC
ISIC_9400307,IL_5071813,dermoscopic,BKL
ISIC_9401538,IL_6267520,clinical: close-up,BCC
ISIC_9401613,IL_0386446,clinical: close-up,BCC
ISIC_9404018,IL_6267520,dermoscopic,BCC
ISIC_9404484,IL_2185095,dermoscopic,BKL
ISIC_9410235,IL_0466383,dermoscopic,BCC
ISIC_9410557,IL_3360442,clinical: close-up,BCC
ISIC_9415828,IL_9481592,dermoscopic,NV
ISIC_9416518,IL_2664685,clinical: close-up,NV
ISIC_9420912,IL_3146930,clinical: close-up,BCC
ISIC_9420991,IL_5842745,clinical: close-up,AKIEC
ISIC_9422255,IL_5529051,clinical: close-up,AKIEC
ISIC_9423923,IL_5333822,clinical: close-up,MEL
ISIC_9424114,IL_6605794,clinical: close-up,BCC
ISIC_9426065,IL_3884750,dermoscopic,BCC
ISIC_9426194,IL_8283789,clinical: close-up,NV
ISIC_9427744,IL_1664257,dermoscopic,NV
ISIC_9434832,IL_5527928,dermoscopic,MEL
ISIC_9441749,IL_3293751,clinical: close-up,BCC
ISIC_9442170,IL_0930071,clinical: close-up,NV
ISIC_9442868,IL_3484645,dermoscopic,AKIEC
ISIC_9443349,IL_0559300,clinical: close-up,BKL
ISIC_9447454,IL_1178770,dermoscopic,SCCKA
ISIC_9450429,IL_9210134,dermoscopic,BKL
ISIC_9451700,IL_3751516,clinical: close-up,BCC
ISIC_9451867,IL_4805155,dermoscopic,NV
ISIC_9452345,IL_4876348,dermoscopic,SCCKA
ISIC_9454462,IL_6161419,clinical: close-up,BCC
ISIC_9457442,IL_3300322,clinical: close-up,BCC
ISIC_9460306,IL_6995800,clinical: close-up,BCC
ISIC_9460407,IL_5910352,clinical: close-up,BCC
ISIC_9460959,IL_7425145,dermoscopic,BCC
ISIC_9467067,IL_1817922,clinical: close-up,MEL
ISIC_9468404,IL_3356147,dermoscopic,BCC
ISIC_9471648,IL_0489772,dermoscopic,BCC
ISIC_9471674,IL_9749729,clinical: close-up,BCC
ISIC_9472474,IL_6733818,dermoscopic,BCC
ISIC_9473743,IL_7161164,dermoscopic,NV
ISIC_9475776,IL_3003587,dermoscopic,MEL
ISIC_9478252,IL_4314466,clinical: close-up,BCC
ISIC_9479710,IL_0962219,dermoscopic,BCC
ISIC_9480680,IL_4313247,clinical: close-up,SCCKA
ISIC_9483103,IL_8124925,dermoscopic,INF
ISIC_9484284,IL_8660536,clinical: close-up,BKL
ISIC_9486029,IL_1159424,clinical: close-up,MEL
ISIC_9486866,IL_0199161,dermoscopic,BCC
ISIC_9488743,IL_8255338,dermoscopic,AKIEC
ISIC_9488771,IL_1129675,clinical: close-up,BCC
ISIC_9489767,IL_1565255,clinical: close-up,BCC
ISIC_9489971,IL_4702219,clinical: close-up,MEL
ISIC_9490906,IL_0321321,dermoscopic,BCC
ISIC_9492928,IL_3269289,dermoscopic,BCC
ISIC_9495791,IL_5416210,clinical: close-up,SCCKA
ISIC_9497071,IL_5267029,clinical: close-up,MEL
ISIC_9497415,IL_6816964,dermoscopic,BCC
ISIC_9501753,IL_9611245,dermoscopic,BCC
ISIC_9502415,IL_0503827,dermoscopic,AKIEC
ISIC_9503013,IL_4918224,dermoscopic,BKL
ISIC_9506376,IL_6431723,dermoscopic,NV
ISIC_9507615,IL_9600244,dermoscopic,BCC
ISIC_9508038,IL_3154586,clinical: close-up,BCC
ISIC_9508636,IL_0138483,dermoscopic,BCC
ISIC_9509837,IL_3307769,dermoscopic,SCCKA
ISIC_9510334,IL_8625871,clinical: close-up,BCC
ISIC_9512295,IL_6362579,clinical: close-up,SCCKA
ISIC_9512917,IL_9379211,clinical: close-up,BCC
ISIC_9513437,IL_0928846,clinical: close-up,BKL
ISIC_9513919,IL_1629455,clinical: close-up,BCC
ISIC_9518414,IL_1610839,dermoscopic,BCC
ISIC_9519122,IL_5780931,dermoscopic,NV
ISIC_9521117,IL_9303237,dermoscopic,BKL
ISIC_9521190,IL_9453153,clinical: close-up,MEL
ISIC_9521441,IL_0663202,dermoscopic,BCC
ISIC_9522896,IL_7294235,clinical: close-up,BCC
ISIC_9523126,IL_9385765,dermoscopic,SCCKA
ISIC_9524858,IL_4212984,clinical: close-up,BCC
ISIC_9525008,IL_3517038,clinical: close-up,BKL
ISIC_9526087,IL_7242208,dermoscopic,BCC
ISIC_9528430,IL_3067885,clinical: close-up,VASC
ISIC_9528989,IL_7894855,clinical: close-up,AKIEC
ISIC_9529544,IL_8647816,clinical: close-up,BCC
ISIC_9531073,IL_8758801,clinical: close-up,BCC
ISIC_9532043,IL_3102698,clinical: close-up,SCCKA
ISIC_9532297,IL_9077071,clinical: close-up,BCC
ISIC_9532907,IL_4918829,clinical: close-up,BCC
ISIC_9534817,IL_5359653,clinical: close-up,BCC
ISIC_9535614,IL_2875724,clinical: close-up,BCC
ISIC_9540789,IL_8273782,dermoscopic,MEL
ISIC_9541260,IL_8984570,clinical: close-up,MEL
ISIC_9542991,IL_0085362,dermoscopic,AKIEC
ISIC_9543736,IL_3635889,clinical: close-up,BCC
ISIC_9543842,IL_7295306,dermoscopic,BCC
ISIC_9546161,IL_9439533,clinical: close-up,BCC
ISIC_9546502,IL_7230035,dermoscopic,MEL
ISIC_9547255,IL_2493463,dermoscopic,INF
ISIC_9548799,IL_5960278,clinical: close-up,BCC
ISIC_9549096,IL_5508020,dermoscopic,BCC
ISIC_9550550,IL_9101590,clinical: close-up,BCC
ISIC_9551475,IL_4100089,clinical: close-up,NV
ISIC_9552131,IL_0835315,clinical: close-up,SCCKA
ISIC_9552444,IL_9780716,dermoscopic,BCC
ISIC_9552881,IL_8962270,clinical: close-up,NV
ISIC_9553909,IL_9167718,dermoscopic,BCC
ISIC_9559910,IL_7337481,clinical: close-up,BCC
ISIC_9560522,IL_7727406,clinical: close-up,NV
ISIC_9560548,IL_5441408,dermoscopic,BCC
ISIC_9561756,IL_0679783,dermoscopic,BKL
ISIC_9562051,IL_2880261,dermoscopic,BCC
ISIC_9562131,IL_2274698,clinical: close-up,BCC
ISIC_9562167,IL_7145393,clinical: close-up,MEL
ISIC_9566384,IL_5208753,dermoscopic,BCC
ISIC_9568205,IL_7238711,clinical: close-up,BCC
ISIC_9569670,IL_7859476,dermoscopic,BCC
ISIC_9570026,IL_9025368,clinical: close-up,AKIEC
ISIC_9570770,IL_1564314,dermoscopic,BCC
ISIC_9570959,IL_6035719,dermoscopic,BCC
ISIC_9572021,IL_6178941,dermoscopic,NV
ISIC_9574838,IL_8323588,clinical: close-up,BCC
ISIC_9577015,IL_7743686,clinical: close-up,BCC
ISIC_9579576,IL_4298080,dermoscopic,MEL
ISIC_9579888,IL_0321969,dermoscopic,NV
ISIC_9581030,IL_5008733,clinical: close-up,BCC
ISIC_9581881,IL_4459235,clinical: close-up,AKIEC
ISIC_9583399,IL_3335346,dermoscopic,AKIEC
ISIC_9586937,IL_1348391,dermoscopic,BCC
ISIC_9587078,IL_5420018,dermoscopic,BCC
ISIC_9587230,IL_8509848,clinical: close-up,NV
ISIC_9587357,IL_6770376,clinical: close-up,SCCKA
ISIC_9588100,IL_5753278,clinical: close-up,BCC
ISIC_9588487,IL_7611472,dermoscopic,MEL
ISIC_9589099,IL_9863241,dermoscopic,BCC
ISIC_9589958,IL_6478777,clinical: close-up,BCC
ISIC_9590640,IL_4011591,clinical: close-up,BCC
ISIC_9592132,IL_3307865,dermoscopic,BCC
ISIC_9592403,IL_4484576,clinical: close-up,BCC
ISIC_9592877,IL_0903975,clinical: close-up,BCC
ISIC_9594918,IL_8391202,dermoscopic,BCC
ISIC_9596244,IL_4185194,clinical: close-up,MEL
ISIC_9597858,IL_4259572,dermoscopic,BCC
ISIC_9598235,IL_5438897,clinical: close-up,BCC
ISIC_9598621,IL_2806266,dermoscopic,BCC
ISIC_9601345,IL_9540986,clinical: close-up,NV
ISIC_9606854,IL_9383072,clinical: close-up,BCC
ISIC_9611388,IL_7294930,dermoscopic,BCC
ISIC_9612446,IL_2128198,dermoscopic,DF
ISIC_9612761,IL_3397274,dermoscopic,BEN_OTH
ISIC_9625234,IL_3423821,clinical: close-up,NV
ISIC_9625853,IL_2806266,clinical: close-up,BCC
ISIC_9626996,IL_2802715,clinical: close-up,BCC
ISIC_9627212,IL_2983051,clinical: close-up,BCC
ISIC_9627432,IL_5222228,clinical: close-up,NV
ISIC_9629029,IL_3522764,dermoscopic,BCC
ISIC_9630006,IL_4918167,dermoscopic,INF
ISIC_9634842,IL_9481592,clinical: close-up,NV
ISIC_9636152,IL_3895392,clinical: close-up,SCCKA
ISIC_9639067,IL_3859147,dermoscopic,BCC
ISIC_9639952,IL_5101024,clinical: close-up,MEL
ISIC_9640973,IL_1348391,clinical: close-up,BCC
ISIC_9642154,IL_1185786,clinical: close-up,BKL
ISIC_9642724,IL_2426275,dermoscopic,BCC
ISIC_9642936,IL_7649992,clinical: close-up,BCC
ISIC_9643087,IL_1090086,clinical: close-up,BCC
ISIC_9648502,IL_4667770,clinical: close-up,AKIEC
ISIC_9648773,IL_4855362,dermoscopic,BCC
ISIC_9649323,IL_9378068,dermoscopic,BCC
ISIC_9650544,IL_2720879,dermoscopic,BCC
ISIC_9651478,IL_3065625,clinical: close-up,NV
ISIC_9658944,IL_1621058,dermoscopic,MEL
ISIC_9660882,IL_7206391,clinical: close-up,BCC
ISIC_9661422,IL_4143082,dermoscopic,SCCKA
ISIC_9661702,IL_5529051,dermoscopic,AKIEC
ISIC_9662237,IL_3239259,clinical: close-up,AKIEC
ISIC_9666538,IL_0228777,dermoscopic,BCC
ISIC_9668453,IL_9441829,clinical: close-up,BCC
ISIC_9668533,IL_6478777,dermoscopic,BCC
ISIC_9668892,IL_4420927,dermoscopic,NV
ISIC_9670100,IL_6004102,clinical: close-up,MEL
ISIC_9673021,IL_1623659,clinical: close-up,BCC
ISIC_9674469,IL_4610207,dermoscopic,BCC
ISIC_9676478,IL_9565203,clinical: close-up,BKL
ISIC_9676972,IL_2648810,clinical: close-up,BCC
ISIC_9677476,IL_0261809,dermoscopic,BCC
ISIC_9679124,IL_9428549,clinical: close-up,AKIEC
ISIC_9679564,IL_7675373,clinical: close-up,NV
ISIC_9680458,IL_3205474,dermoscopic,MEL
ISIC_9682195,IL_3316669,clinical: close-up,BCC
ISIC_9685758,IL_5264196,dermoscopic,NV
ISIC_9686538,IL_7208264,dermoscopic,SCCKA
ISIC_9688192,IL_7103139,dermoscopic,NV
ISIC_9690596,IL_6995611,clinical: close-up,BCC
ISIC_9691123,IL_9563085,clinical: close-up,BKL
ISIC_9693001,IL_9221055,dermoscopic,BCC
ISIC_9693802,IL_2429008,dermoscopic,MEL
ISIC_9696099,IL_0887241,dermoscopic,NV
ISIC_9697273,IL_1442151,dermoscopic,NV
ISIC_9700218,IL_1185786,dermoscopic,BKL
ISIC_9701048,IL_8601984,dermoscopic,NV
ISIC_9703128,IL_9755525,clinical: close-up,BKL
ISIC_9703510,IL_4507601,dermoscopic,BCC
ISIC_9704524,IL_0143212,dermoscopic,AKIEC
ISIC_9704742,IL_5897108,clinical: close-up,BCC
ISIC_9706057,IL_9770688,clinical: close-up,BCC
ISIC_9708941,IL_8548746,clinical: close-up,BCC
ISIC_9710618,IL_7718572,dermoscopic,BCC
ISIC_9710909,IL_7972003,dermoscopic,BCC
ISIC_9712861,IL_0596418,dermoscopic,BCC
ISIC_9713038,IL_3749738,dermoscopic,BKL
ISIC_9718735,IL_0200790,clinical: close-up,BCC
ISIC_9718756,IL_6322114,clinical: close-up,BCC
ISIC_9719495,IL_7570811,clinical: close-up,BCC
ISIC_9720285,IL_6585247,clinical: close-up,BCC
ISIC_9721840,IL_7769100,dermoscopic,BCC
ISIC_9725159,IL_7604860,clinical: close-up,BKL
ISIC_9725243,IL_9508962,clinical: close-up,BCC
ISIC_9726099,IL_9471621,clinical: close-up,NV
ISIC_9726153,IL_3423886,clinical: close-up,BCC
ISIC_9728651,IL_7197131,clinical: close-up,BCC
ISIC_9735329,IL_8160773,clinical: close-up,BEN_OTH
ISIC_9735403,IL_9119843,clinical: close-up,SCCKA
ISIC_9737054,IL_5575734,dermoscopic,MEL
ISIC_9738040,IL_4647036,dermoscopic,BCC
ISIC_9739600,IL_6783933,clinical: close-up,BCC
ISIC_9739946,IL_9486743,clinical: close-up,SCCKA
ISIC_9740592,IL_6692380,dermoscopic,AKIEC
ISIC_9742404,IL_0111269,dermoscopic,SCCKA
ISIC_9744084,IL_1322770,dermoscopic,SCCKA
ISIC_9745273,IL_2493163,clinical: close-up,NV
ISIC_9747479,IL_3518780,clinical: close-up,BCC
ISIC_9747544,IL_1263439,clinical: close-up,NV
ISIC_9755138,IL_6316014,dermoscopic,NV
ISIC_9755301,IL_9211790,clinical: close-up,BCC
ISIC_9756715,IL_2177210,clinical: close-up,SCCKA
ISIC_9756878,IL_6294894,dermoscopic,NV
ISIC_9757709,IL_0432288,dermoscopic,BCC
ISIC_9761409,IL_6629928,clinical: close-up,NV
ISIC_9762915,IL_6003342,clinical: close-up,BKL
ISIC_9766600,IL_2779245,dermoscopic,BCC
ISIC_9767663,IL_4337427,clinical: close-up,BKL
ISIC_9770798,IL_5996475,clinical: close-up,MEL
ISIC_9774070,IL_3256681,clinical: close-up,BCC
ISIC_9774801,IL_7244270,dermoscopic,BCC
ISIC_9776077,IL_4591781,clinical: close-up,BCC
ISIC_9776410,IL_1065158,clinical: close-up,MEL
ISIC_9776738,IL_7776023,clinical: close-up,MEL
ISIC_9777580,IL_5880830,dermoscopic,BCC
ISIC_9777954,IL_8535894,dermoscopic,MEL
ISIC_9780121,IL_2004753,clinical: close-up,BCC
ISIC_9784837,IL_6711797,clinical: close-up,BCC
ISIC_9785301,IL_0541600,clinical: close-up,AKIEC
ISIC_9786685,IL_5764596,clinical: close-up,BCC
ISIC_9788437,IL_7635168,clinical: close-up,BCC
ISIC_9790523,IL_4879979,clinical: close-up,BCC
ISIC_9790773,IL_9783662,dermoscopic,BCC
ISIC_9792479,IL_4339655,clinical: close-up,BCC
ISIC_9796777,IL_2926353,dermoscopic,BCC
ISIC_9798470,IL_7178513,clinical: close-up,BCC
ISIC_9800865,IL_6662747,clinical: close-up,BKL
ISIC_9802963,IL_2929786,clinical: close-up,SCCKA
ISIC_9803465,IL_0014412,dermoscopic,BCC
ISIC_9804365,IL_7601833,clinical: close-up,SCCKA
ISIC_9807651,IL_3527246,clinical: close-up,BCC
ISIC_9809278,IL_2588652,clinical: close-up,BCC
ISIC_9809557,IL_1696405,dermoscopic,NV
ISIC_9812459,IL_2082500,clinical: close-up,BCC
ISIC_9812504,IL_8976985,clinical: close-up,BCC
ISIC_9814001,IL_5752488,clinical: close-up,AKIEC
ISIC_9814156,IL_6985784,dermoscopic,BCC
ISIC_9814738,IL_5200526,dermoscopic,SCCKA
ISIC_9815182,IL_3580495,dermoscopic,BKL
ISIC_9816160,IL_8428753,dermoscopic,NV
ISIC_9816264,IL_3201374,dermoscopic,BCC
ISIC_9818689,IL_4073740,clinical: close-up,MEL
ISIC_9818964,IL_6066269,clinical: close-up,BKL
ISIC_9820266,IL_4702219,dermoscopic,MEL
ISIC_9820396,IL_9835654,clinical: close-up,BCC
ISIC_9820560,IL_7147534,clinical: close-up,BCC
ISIC_9822543,IL_5561688,dermoscopic,AKIEC
ISIC_9823894,IL_5696181,dermoscopic,NV
ISIC_9826023,IL_9890052,clinical: close-up,SCCKA
ISIC_9826365,IL_9421860,clinical: close-up,BCC
ISIC_9826615,IL_8760239,dermoscopic,BCC
ISIC_9828047,IL_4970478,clinical: close-up,BCC
ISIC_9828103,IL_5245045,clinical: close-up,BCC
ISIC_9829558,IL_2211543,clinical: close-up,BCC
ISIC_9831096,IL_2295141,clinical: close-up,BCC
ISIC_9831775,IL_7760064,clinical: close-up,AKIEC
ISIC_9832572,IL_9995614,clinical: close-up,MEL
ISIC_9845346,IL_6893390,dermoscopic,BCC
ISIC_9848425,IL_3888766,clinical: close-up,BCC
ISIC_9850235,IL_3154586,dermoscopic,BCC
ISIC_9850628,IL_0405680,clinical: close-up,MEL
ISIC_9857002,IL_2821398,dermoscopic,BCC
ISIC_9861310,IL_4263582,dermoscopic,BCC
ISIC_9862532,IL_9654222,dermoscopic,BCC
ISIC_9865547,IL_8850639,clinical: close-up,MEL
ISIC_9867644,IL_4421152,dermoscopic,NV
ISIC_9875123,IL_9901727,dermoscopic,BCC
ISIC_9875364,IL_1065158,dermoscopic,MEL
ISIC_9881436,IL_4628159,dermoscopic,BCC
ISIC_9886316,IL_3600941,clinical: close-up,BCC
ISIC_9886925,IL_9266140,clinical: close-up,BKL
ISIC_9890207,IL_2404701,clinical: close-up,NV
ISIC_9890254,IL_0909755,dermoscopic,NV
ISIC_9890732,IL_7985046,clinical: close-up,BCC
ISIC_9892179,IL_6021116,dermoscopic,BCC
ISIC_9892615,IL_9980694,dermoscopic,BCC
ISIC_9893445,IL_3566377,dermoscopic,BKL
ISIC_9896561,IL_0758142,dermoscopic,BCC
ISIC_9899180,IL_3956488,clinical: close-up,BKL
ISIC_9899763,IL_5577465,clinical: close-up,NV
ISIC_9901858,IL_9247349,clinical: close-up,BCC
ISIC_9903464,IL_5416595,clinical: close-up,NV
ISIC_9912332,IL_4974594,dermoscopic,DF
ISIC_9915322,IL_8736766,clinical: close-up,BCC
ISIC_9915349,IL_9552156,clinical: close-up,BCC
ISIC_9915675,IL_6768350,clinical: close-up,BCC
ISIC_9916568,IL_5604764,clinical: close-up,BCC
ISIC_9918302,IL_8890308,dermoscopic,SCCKA
ISIC_9918967,IL_4629787,clinical: close-up,BCC
ISIC_9922427,IL_9891948,clinical: close-up,BCC
ISIC_9923124,IL_0017483,clinical: close-up,BKL
ISIC_9925921,IL_3472357,clinical: close-up,BCC
ISIC_9927143,IL_1748759,clinical: close-up,BCC
ISIC_9927174,IL_1673815,dermoscopic,BCC
ISIC_9929712,IL_4915853,clinical: close-up,BKL
ISIC_9931617,IL_8401238,dermoscopic,SCCKA
ISIC_9931935,IL_8835996,dermoscopic,NV
ISIC_9932255,IL_6152356,clinical: close-up,AKIEC
ISIC_9932307,IL_5241211,clinical: close-up,NV
ISIC_9933283,IL_7062666,clinical: close-up,BCC
ISIC_9934612,IL_6156028,dermoscopic,AKIEC
ISIC_9938958,IL_2237412,dermoscopic,NV
ISIC_9939897,IL_9035179,dermoscopic,AKIEC
ISIC_9940495,IL_9809595,dermoscopic,BKL
ISIC_9940509,IL_0432288,clinical: close-up,BCC
ISIC_9944257,IL_4079886,dermoscopic,SCCKA
ISIC_9944485,IL_4918267,dermoscopic,BCC
ISIC_9945084,IL_2750081,dermoscopic,NV
ISIC_9945188,IL_5945369,dermoscopic,BCC
ISIC_9945604,IL_4457515,dermoscopic,BCC
ISIC_9945680,IL_7518108,dermoscopic,BKL
ISIC_9950919,IL_6592756,clinical: close-up,BCC
ISIC_9954496,IL_0102463,dermoscopic,SCCKA
ISIC_9956878,IL_9173239,clinical: close-up,BCC
ISIC_9961570,IL_4900947,dermoscopic,NV
ISIC_9966328,IL_8113008,clinical: close-up,NV
ISIC_9966733,IL_3144170,dermoscopic,NV
ISIC_9971064,IL_6649542,dermoscopic,BCC
ISIC_9973379,IL_0744189,dermoscopic,NV
ISIC_9973864,IL_5147950,dermoscopic,BCC
ISIC_9974916,IL_8610456,clinical: close-up,BCC
ISIC_9976872,IL_7447582,clinical: close-up,BCC
ISIC_9977374,IL_2929786,dermoscopic,SCCKA
ISIC_9978058,IL_9094394,dermoscopic,BCC
ISIC_9983655,IL_5422211,clinical: close-up,BCC
ISIC_9985358,IL_3631191,clinical: close-up,NV
ISIC_9986730,IL_3405101,dermoscopic,BCC
ISIC_9987344,IL_3236486,clinical: close-up,MEL
ISIC_9987696,IL_3787537,dermoscopic,BCC
ISIC_9991793,IL_7672692,clinical: close-up,BCC
ISIC_9994191,IL_6550099,dermoscopic,NV
ISIC_9995425,IL_2373762,dermoscopic,BKL
ISIC_9995871,IL_6412076,dermoscopic,BCC
ISIC_9997661,IL_9425710,dermoscopic,BKL
ISIC_9998198,IL_3766346,clinical: close-up,NV
ISIC_9998927,IL_3017961,clinical: close-up,BCC
ISIC_9999151,IL_5287926,clinical: close-up,NV
