isic_id,width,height,mean_pixel,std_pixel,file_size_bytes
ISIC_0051817,600,450,112.66494750976562,36.132789611816406,42546
ISIC_0073863,600,450,127.89013671875,44.56895446777344,26084
ISIC_0075884,600,450,119.16182708740234,42.88017272949219,39282
ISIC_0076255,600,450,154.25787353515625,30.003049850463867,23797
ISIC_0077054,600,450,125.08902740478516,23.0794677734375,26610
ISIC_0078190,600,450,113.75303649902344,34.04338455200195,20398
ISIC_0078197,600,450,132.43695068359375,23.619436264038086,35164
ISIC_0080019,600,450,120.13667297363281,37.62485122680664,41468
ISIC_0080219,600,450,162.942138671875,58.3223762512207,29966
ISIC_0081055,600,450,172.58535766601562,23.63538932800293,31436
ISIC_0082447,600,450,147.66314697265625,32.82929229736328,62266
ISIC_0082638,600,450,152.07818603515625,27.910274505615234,23435
ISIC_0082674,600,450,154.8636016845703,31.708423614501953,18599
ISIC_0084581,600,450,129.0113983154297,36.03493881225586,26645
ISIC_0084885,600,450,138.3995819091797,20.82598876953125,25475
ISIC_0084958,600,450,125.43441009521484,36.328704833984375,20865
ISIC_0089407,600,450,130.8828125,24.445606231689453,31350
ISIC_0090512,600,450,134.5513458251953,33.19746017456055,38902
ISIC_0091092,600,450,155.11729431152344,29.445030212402344,27872
ISIC_0091477,600,450,130.2454071044922,28.766708374023438,32699
ISIC_0091575,600,450,123.2694320678711,37.748199462890625,44106
ISIC_0093135,600,450,142.39515686035156,37.87109375,52738
ISIC_0093389,600,450,138.7932586669922,30.66661834716797,44016
ISIC_0093873,600,450,127.98014831542969,25.775388717651367,28513
ISIC_0094604,600,450,132.0533905029297,30.362022399902344,35808
ISIC_0095743,600,450,161.86392211914062,42.55671691894531,23138
ISIC_0096543,600,450,155.88145446777344,28.035202026367188,24109
ISIC_0097262,600,450,145.77859497070312,38.70193099975586,25133
ISIC_0097302,600,450,146.23109436035156,20.08632469177246,25253
ISIC_0097629,600,450,137.29937744140625,44.13090896606445,39005
ISIC_0097906,600,450,142.17196655273438,35.68404006958008,31448
ISIC_0100523,600,450,155.07693481445312,36.16408920288086,34980
ISIC_0101062,600,450,124.75501251220703,24.64914321899414,28028
ISIC_0101767,600,450,141.2276611328125,50.461639404296875,30297
ISIC_0101955,600,450,135.59657287597656,23.12018394470215,17489
ISIC_0103091,600,450,121.9853744506836,38.606788635253906,39723
ISIC_0103392,600,450,153.65725708007812,31.497896194458008,25620
ISIC_0105249,600,450,127.59170532226562,43.204959869384766,49366
ISIC_0106322,600,450,130.6880340576172,34.59138870239258,15242
ISIC_0107067,600,450,172.07545471191406,48.227413177490234,45725
ISIC_0108357,600,450,157.24549865722656,29.314041137695312,66322
ISIC_0114709,600,450,111.3033676147461,44.67740249633789,52149
ISIC_0115114,600,450,109.00286102294922,31.914220809936523,65594
ISIC_0115985,600,450,163.1887969970703,23.893495559692383,20214
ISIC_0116442,600,450,142.21066284179688,28.655990600585938,25341
ISIC_0116622,600,450,146.77407836914062,25.148807525634766,29898
ISIC_0118496,600,450,84.83417510986328,41.6063232421875,44820
ISIC_0118795,600,450,183.57815551757812,37.3856086730957,34710
ISIC_0119243,600,450,107.63921356201172,48.97677230834961,24250
ISIC_0121050,600,450,124.26729583740234,34.18966293334961,45915
ISIC_0123535,600,450,158.91635131835938,55.76670455932617,52934
ISIC_0124081,600,450,128.48297119140625,39.37770462036133,26000
ISIC_0124764,600,450,145.6095733642578,47.50157165527344,38219
ISIC_0124902,600,450,148.3386993408203,26.40852165222168,24554
ISIC_0125513,600,450,150.94503784179688,26.694013595581055,29334
ISIC_0125985,600,450,118.12858581542969,39.53682327270508,40186
ISIC_0127217,600,450,148.56895446777344,32.9619140625,34234
ISIC_0127934,600,450,132.9993133544922,37.885807037353516,20608
ISIC_0129379,600,450,120.18184661865234,26.841100692749023,31608
ISIC_0132555,600,450,146.1504364013672,37.59807205200195,44721
ISIC_0135161,600,450,164.1450653076172,46.60662841796875,27605
ISIC_0135826,600,450,173.67935180664062,13.555540084838867,28092
ISIC_0138768,600,450,155.90296936035156,33.11189270019531,36140
ISIC_0138914,600,450,121.74267578125,27.94638442993164,27977
ISIC_0140176,600,450,125.77488708496094,33.99679946899414,17048
ISIC_0141332,600,450,153.35511779785156,48.797794342041016,38016
ISIC_0141634,600,450,148.62603759765625,33.05225372314453,23746
ISIC_0143535,600,450,151.07713317871094,35.3376579284668,35366
ISIC_0144213,600,450,150.46884155273438,40.011741638183594,35557
ISIC_0146067,600,450,122.52122497558594,42.0604248046875,44383
ISIC_0146278,600,450,140.91192626953125,23.356904983520508,25350
ISIC_0147255,600,450,155.97915649414062,29.549957275390625,29489
ISIC_0148805,600,450,121.6394271850586,33.557804107666016,34142
ISIC_0149062,600,450,127.11795806884766,41.29001998901367,41193
ISIC_0150748,600,450,162.70748901367188,19.71741485595703,20580
ISIC_0151603,600,450,147.81980895996094,22.916473388671875,22474
ISIC_0151981,600,450,133.13284301757812,41.635047912597656,30462
ISIC_0153376,600,450,124.29680633544922,20.82252311706543,21366
ISIC_0153470,600,450,134.20205688476562,40.028411865234375,42205
ISIC_0154688,600,450,156.63156127929688,46.29423141479492,59155
ISIC_0154826,600,450,192.23814392089844,20.000234603881836,23353
ISIC_0155053,600,450,156.125,25.8403377532959,18373
ISIC_0155115,600,450,127.06585693359375,30.051685333251953,50272
ISIC_0156507,600,450,191.5052490234375,71.3578872680664,32695
ISIC_0158073,600,450,134.85272216796875,32.920013427734375,33720
ISIC_0159106,600,450,111.44396209716797,34.31412124633789,25416
ISIC_0159683,600,450,94.37081146240234,67.16824340820312,36152
ISIC_0159874,600,450,147.74569702148438,23.651506423950195,19525
ISIC_0161474,600,450,139.1638641357422,25.719507217407227,26775
ISIC_0163776,600,450,164.6920623779297,25.506977081298828,23053
ISIC_0165103,600,450,170.46514892578125,41.091243743896484,37129
ISIC_0165198,600,450,171.13807678222656,20.26630973815918,21268
ISIC_0167746,600,450,132.80966186523438,37.506622314453125,17951
ISIC_0167803,600,450,146.33766174316406,77.2217788696289,30247
ISIC_0169510,600,450,147.12721252441406,37.963687896728516,45476
ISIC_0169534,600,450,157.17213439941406,25.50388526916504,42530
ISIC_0169805,600,450,138.25819396972656,28.609310150146484,35996
ISIC_0174755,600,450,168.0315399169922,41.993919372558594,25836
ISIC_0174869,600,450,155.28125,44.2298698425293,30144
ISIC_0176893,600,450,140.5898895263672,32.043190002441406,34521
ISIC_0178503,600,450,188.02528381347656,21.80599594116211,26787
ISIC_0179367,600,450,166.75836181640625,56.14881896972656,28710
ISIC_0181316,600,450,159.46759033203125,30.46221160888672,26035
ISIC_0184224,600,450,145.3442840576172,62.711952209472656,34327
ISIC_0185358,600,450,146.38087463378906,22.97676658630371,29972
ISIC_0185719,600,450,159.92080688476562,28.731977462768555,38644
ISIC_0187127,600,450,129.30860900878906,44.52234649658203,42623
ISIC_0187220,600,450,121.44082641601562,27.145496368408203,26606
ISIC_0188950,600,450,146.53636169433594,46.1998405456543,28516
ISIC_0189659,600,450,144.46133422851562,28.975616455078125,43465
ISIC_0190959,600,450,195.53785705566406,22.341999053955078,26323
ISIC_0191714,600,450,125.38318634033203,35.311622619628906,29919
ISIC_0192391,600,450,131.866455078125,34.151241302490234,48928
ISIC_0194116,600,450,181.83938598632812,61.955780029296875,36956
ISIC_0195347,600,450,132.82041931152344,40.10639190673828,39888
ISIC_0195374,600,450,151.44602966308594,30.469457626342773,34495
ISIC_0195795,600,450,126.03021240234375,25.886083602905273,31462
ISIC_0197274,600,450,150.0787811279297,20.325660705566406,17731
ISIC_0197527,600,450,149.79698181152344,25.32110023498535,26917
ISIC_0197900,600,450,139.82431030273438,41.49530792236328,28813
ISIC_0198032,600,450,128.8207550048828,31.15877914428711,31221
ISIC_0199124,600,450,138.1965789794922,19.02289581298828,28110
ISIC_0200116,600,450,135.46014404296875,34.443389892578125,40888
ISIC_0202283,600,450,145.3140411376953,21.2292537689209,24887
ISIC_0202768,600,450,126.1048583984375,41.5285758972168,46671
ISIC_0204323,600,450,149.17330932617188,40.499332427978516,28910
ISIC_0204389,600,450,161.66561889648438,21.08677101135254,19770
ISIC_0204717,600,450,118.38407135009766,20.578798294067383,25160
ISIC_0208357,600,450,154.20228576660156,18.448774337768555,25026
ISIC_0210672,600,450,161.15557861328125,20.931915283203125,26490
ISIC_0210682,600,450,126.41852569580078,34.378047943115234,63138
ISIC_0210906,600,450,132.09609985351562,43.94098663330078,58730
ISIC_0211067,600,450,171.0617218017578,24.907344818115234,38671
ISIC_0211830,600,450,164.50836181640625,24.90711784362793,38998
ISIC_0212251,600,450,143.57611083984375,60.89310836791992,39625
ISIC_0215803,600,450,163.3926544189453,15.745914459228516,16266
ISIC_0216815,600,450,168.0866241455078,26.158384323120117,49398
ISIC_0217174,600,450,106.91790008544922,43.173831939697266,46002
ISIC_0217198,600,450,148.69955444335938,34.21569061279297,56769
ISIC_0218425,600,450,136.46688842773438,34.9742317199707,37087
ISIC_0220749,600,450,164.45423889160156,67.80310821533203,35516
ISIC_0220890,600,450,160.78611755371094,21.986473083496094,16694
ISIC_0225237,600,450,122.1874008178711,44.97859191894531,39489
ISIC_0225383,600,450,123.48493957519531,38.77837371826172,33520
ISIC_0225656,600,450,114.37657928466797,38.60702896118164,30089
ISIC_0226793,600,450,99.75394439697266,81.10243225097656,25258
ISIC_0226810,600,450,131.2519989013672,36.34432601928711,45738
ISIC_0228941,600,450,142.12493896484375,29.928983688354492,42378
ISIC_0229794,600,450,106.97052764892578,39.64769744873047,28887
ISIC_0230087,600,450,140.4029083251953,12.539779663085938,23255
ISIC_0230558,600,450,211.6632080078125,24.08116912841797,34827
ISIC_0230992,600,450,125.5940170288086,26.766712188720703,29654
ISIC_0231625,600,450,102.66655731201172,32.52635955810547,38677
ISIC_0233827,600,450,173.2122802734375,10.173083305358887,15118
ISIC_0233929,600,450,129.8568878173828,40.152503967285156,46240
ISIC_0234148,600,450,133.05186462402344,29.444501876831055,50253
ISIC_0234458,600,450,151.350341796875,38.28089141845703,29931
ISIC_0236002,600,450,150.11680603027344,30.56509780883789,48730
ISIC_0236351,600,450,132.1064910888672,46.000205993652344,39667
ISIC_0237641,600,450,124.8194351196289,38.58962631225586,35320
ISIC_0240393,600,450,128.38209533691406,37.58208084106445,26271
ISIC_0241896,600,450,140.87538146972656,43.68704605102539,46065
ISIC_0242383,600,450,150.3485870361328,49.37055969238281,29814
ISIC_0244875,600,450,141.60960388183594,38.22132110595703,30772
ISIC_0245594,600,450,187.6604461669922,40.916358947753906,33244
ISIC_0247645,600,450,128.35296630859375,36.84736633300781,40157
ISIC_0248336,600,450,129.27149963378906,47.260501861572266,53479
ISIC_0250211,600,450,167.88003540039062,36.799251556396484,39904
ISIC_0251142,600,450,137.64881896972656,27.90842056274414,28586
ISIC_0254794,600,450,143.46339416503906,36.919132232666016,35698
ISIC_0255886,600,450,123.53518676757812,35.946617126464844,34711
ISIC_0256695,600,450,124.99496459960938,26.685802459716797,25801
ISIC_0257297,600,450,131.3126678466797,43.31249237060547,41519
ISIC_0257338,600,450,96.34552001953125,55.04716491699219,23336
ISIC_0258020,600,450,100.3780746459961,35.75725173950195,58228
ISIC_0259020,600,450,130.96063232421875,38.31787109375,38817
ISIC_0260732,600,450,136.44398498535156,34.321346282958984,42972
ISIC_0261218,600,450,135.3131103515625,39.627689361572266,41549
ISIC_0263121,600,450,131.02513122558594,38.615623474121094,42860
ISIC_0263908,600,450,128.4569549560547,39.629608154296875,41884
ISIC_0264904,600,450,114.68901824951172,40.048805236816406,48450
ISIC_0265421,600,450,137.90753173828125,19.461143493652344,20775
ISIC_0265983,600,450,132.20550537109375,40.051021575927734,35014
ISIC_0266897,600,450,126.07115173339844,42.192848205566406,48030
ISIC_0267616,600,450,122.67403411865234,38.41624450683594,39369
ISIC_0268984,600,450,177.6304168701172,32.95942687988281,24966
ISIC_0270502,600,450,132.3030548095703,34.80207061767578,45917
ISIC_0271489,600,450,143.8980712890625,39.97653579711914,41884
ISIC_0273939,600,450,123.80597686767578,24.69978904724121,30089
ISIC_0274862,600,450,118.37710571289062,47.38981628417969,59982
ISIC_0275196,600,450,113.84339904785156,34.1115608215332,52579
ISIC_0277160,600,450,150.7056427001953,62.91822052001953,43395
ISIC_0278402,600,450,125.19342041015625,42.040122985839844,46719
ISIC_0278827,600,450,142.88624572753906,39.49114227294922,18530
ISIC_0280428,600,450,138.1207275390625,26.989845275878906,37675
ISIC_0281083,600,450,112.31269073486328,37.58955001831055,45511
ISIC_0282178,600,450,146.6229705810547,27.65207862854004,24618
ISIC_0282454,600,450,118.87052154541016,24.479949951171875,24381
ISIC_0282478,600,450,128.43544006347656,33.666805267333984,39240
ISIC_0283929,600,450,174.5732421875,39.12527847290039,25641
ISIC_0284963,600,450,143.99038696289062,27.090579986572266,25205
ISIC_0286860,600,450,144.26487731933594,30.10310935974121,38397
ISIC_0289289,600,450,192.7966766357422,34.44157791137695,26795
ISIC_0289550,600,450,138.674560546875,21.437419891357422,26781
ISIC_0289881,600,450,136.1173858642578,24.42333221435547,34911
ISIC_0290183,600,450,159.44387817382812,45.72012710571289,31223
ISIC_0290702,600,450,119.9644546508789,41.719032287597656,45172
ISIC_0292082,600,450,123.61997985839844,43.60491180419922,46920
ISIC_0292393,600,450,142.4217071533203,13.86966323852539,25862
ISIC_0294743,600,450,142.69786071777344,40.50548553466797,47226
ISIC_0297229,600,450,130.3828582763672,40.47848129272461,41001
ISIC_0298744,600,450,131.43919372558594,54.551151275634766,36115
ISIC_0301368,600,450,120.9080581665039,33.94312286376953,32439
ISIC_0302768,600,450,120.4114761352539,40.674808502197266,35679
ISIC_0303344,600,450,127.74819946289062,32.183311462402344,26519
ISIC_0303886,600,450,132.2341766357422,30.00043296813965,39506
ISIC_0304311,600,450,171.44618225097656,22.72073745727539,21339
ISIC_0304794,600,450,151.24151611328125,35.14339065551758,40743
ISIC_0305865,600,450,123.00052642822266,43.88595199584961,31051
ISIC_0307003,600,450,95.2554702758789,31.592069625854492,73050
ISIC_0307392,600,450,126.05902862548828,34.554447174072266,26130
ISIC_0307669,600,450,152.03948974609375,24.173307418823242,19678
ISIC_0308676,600,450,154.2993927001953,31.72045135498047,28466
ISIC_0310082,600,450,193.65286254882812,30.31268882751465,33300
ISIC_0310449,600,450,141.46441650390625,18.671493530273438,27666
ISIC_0310855,600,450,148.73129272460938,30.028844833374023,21293
ISIC_0311394,600,450,118.44255065917969,27.696117401123047,32036
ISIC_0311944,600,450,161.8472442626953,11.162714958190918,22867
ISIC_0313013,600,450,163.3914031982422,25.113941192626953,34874
ISIC_0314216,600,450,158.49253845214844,22.961374282836914,17711
ISIC_0314737,600,450,114.932861328125,43.820709228515625,42013
ISIC_0316259,600,450,126.61029815673828,41.10771179199219,45795
ISIC_0317094,600,450,168.86660766601562,22.7414608001709,17310
ISIC_0319894,600,450,167.10238647460938,24.522377014160156,22289
ISIC_0320008,600,450,151.95797729492188,40.38931655883789,28563
ISIC_0321371,600,450,153.11441040039062,19.480981826782227,25506
ISIC_0323748,600,450,161.8328094482422,25.063446044921875,20887
ISIC_0323945,600,450,143.39315795898438,34.682682037353516,35070
ISIC_0324439,600,450,120.79740905761719,35.31574249267578,41950
ISIC_0325053,600,450,124.4345474243164,41.79396057128906,47395
ISIC_0325706,600,450,140.7063751220703,35.30605697631836,40464
ISIC_0326524,600,450,120.72613525390625,40.44573974609375,32878
ISIC_0326699,600,450,86.94486999511719,55.672630310058594,36955
ISIC_0327776,600,450,129.35020446777344,41.32145309448242,42039
ISIC_0329283,600,450,161.1685791015625,40.10198211669922,54857
ISIC_0330089,600,450,159.79122924804688,40.98628234863281,29774
ISIC_0332299,600,450,165.95346069335938,25.151166915893555,28016
ISIC_0332749,600,450,113.99658203125,47.32301330566406,54843
ISIC_0333650,600,450,189.91107177734375,23.343156814575195,40226
ISIC_0336951,600,450,137.4526824951172,19.95735740661621,38155
ISIC_0338353,600,450,117.3870620727539,36.43362045288086,37816
ISIC_0338405,600,450,176.756103515625,33.67589569091797,36996
ISIC_0338923,600,450,131.12274169921875,36.023555755615234,45278
ISIC_0339191,600,450,143.82749938964844,20.038516998291016,30629
ISIC_0342710,600,450,150.4072723388672,49.325950622558594,40894
ISIC_0346032,600,450,143.44418334960938,25.250825881958008,32560
ISIC_0346075,600,450,91.7223129272461,36.578025817871094,20569
ISIC_0346352,600,450,164.74574279785156,11.39035415649414,16542
ISIC_0349437,600,450,159.2515411376953,39.28440856933594,36213
ISIC_0350119,600,450,157.70225524902344,23.62883949279785,25387
ISIC_0350483,600,450,164.54876708984375,30.1666316986084,28567
ISIC_0350747,600,450,169.00816345214844,54.132911682128906,29542
ISIC_0350911,600,450,155.10145568847656,23.3880615234375,36170
ISIC_0352367,600,450,128.883056640625,30.79615020751953,42610
ISIC_0353171,600,450,166.1048126220703,22.560211181640625,35402
ISIC_0354697,600,450,135.56777954101562,35.516536712646484,30187
ISIC_0356038,600,450,162.6021270751953,23.216081619262695,22474
ISIC_0360727,600,450,120.6184310913086,27.905040740966797,44876
ISIC_0361189,600,450,149.50914001464844,23.00715446472168,18726
ISIC_0361366,600,450,126.92062377929688,41.704673767089844,32554
ISIC_0362181,600,450,126.96522521972656,57.818077087402344,17825
ISIC_0363002,600,450,118.0912857055664,36.494834899902344,52071
ISIC_0364345,600,450,148.1326446533203,23.343353271484375,39973
ISIC_0365517,600,450,125.59258270263672,30.606287002563477,34564
ISIC_0366902,600,450,155.96722412109375,27.54266357421875,39179
ISIC_0367096,600,450,120.0186996459961,25.853500366210938,37060
ISIC_0368075,600,450,149.19088745117188,33.1099967956543,48342
ISIC_0368345,600,450,188.57876586914062,21.692319869995117,25762
ISIC_0368483,600,450,138.48867797851562,44.35737991333008,46355
ISIC_0368554,600,450,136.03392028808594,14.555611610412598,25519
ISIC_0369681,600,450,175.22511291503906,32.74515151977539,21590
ISIC_0370218,600,450,147.23362731933594,41.8888053894043,26229
ISIC_0370740,600,450,179.70068359375,28.66136360168457,39582
ISIC_0370911,600,450,125.71644592285156,41.773441314697266,42798
ISIC_0371409,600,450,177.3356170654297,25.208911895751953,40110
ISIC_0371990,600,450,121.01151275634766,35.6226921081543,33820
ISIC_0372945,600,450,133.6132049560547,29.567930221557617,49514
ISIC_0373147,600,450,129.57093811035156,34.60456085205078,36342
ISIC_0373667,600,450,140.50914001464844,33.676021575927734,29446
ISIC_0373682,600,450,155.02528381347656,53.71883010864258,24578
ISIC_0373826,600,450,154.27198791503906,29.226852416992188,24511
ISIC_0376198,600,450,139.5995330810547,43.39699172973633,42861
ISIC_0376743,600,450,155.87948608398438,54.35098648071289,26592
ISIC_0376752,600,450,130.71951293945312,25.3516845703125,26068
ISIC_0376931,600,450,152.96881103515625,19.599119186401367,24725
ISIC_0377418,600,450,121.7752914428711,38.86157989501953,39942
ISIC_0377749,600,450,136.45379638671875,35.12691879272461,33181
ISIC_0378725,600,450,157.95599365234375,27.858524322509766,23173
ISIC_0378928,600,450,151.0786590576172,18.0994815826416,30450
ISIC_0379139,600,450,159.50222778320312,32.69574737548828,41077
ISIC_0379615,600,450,90.7322998046875,39.98046875,34735
ISIC_0379668,600,450,162.13340759277344,30.536428451538086,25908
ISIC_0381085,600,450,120.29469299316406,36.06797409057617,26578
ISIC_0381744,600,450,120.83888244628906,33.872962951660156,30650
ISIC_0381913,600,450,127.37562561035156,36.25675582885742,37313
ISIC_0382621,600,450,157.1886444091797,43.15122604370117,31640
ISIC_0383910,600,450,147.22206115722656,16.411415100097656,19738
ISIC_0384010,600,450,134.77774047851562,38.4649543762207,44639
ISIC_0385678,600,450,149.93106079101562,29.71209716796875,45218
ISIC_0386589,600,450,134.45213317871094,31.421567916870117,24978
ISIC_0387025,600,450,147.3770294189453,34.84389114379883,36929
ISIC_0387034,600,450,185.6383056640625,47.482452392578125,58274
ISIC_0387211,600,450,153.36544799804688,26.866315841674805,21933
ISIC_0387282,600,450,148.287353515625,23.40271759033203,28216
ISIC_0387826,600,450,157.85348510742188,20.90361976623535,23689
ISIC_0388843,600,450,114.93815612792969,36.21934127807617,58240
ISIC_0389181,600,450,125.21373748779297,37.01939010620117,36651
ISIC_0390452,600,450,159.18612670898438,35.627845764160156,34970
ISIC_0391153,600,450,148.29112243652344,26.854944229125977,39142
ISIC_0391361,600,450,111.08150482177734,59.731117248535156,25925
ISIC_0392480,600,450,150.6377716064453,27.225677490234375,23137
ISIC_0393134,600,450,162.216064453125,26.601972579956055,21930
ISIC_0393927,600,450,136.1901092529297,30.86736297607422,41266
ISIC_0396597,600,450,132.11070251464844,32.46122741699219,41830
ISIC_0397332,600,450,154.70413208007812,28.260684967041016,20911
ISIC_0398312,600,450,129.56228637695312,35.453487396240234,35349
ISIC_0398501,600,450,138.1149444580078,74.69206237792969,27941
ISIC_0402070,600,450,136.7528533935547,32.618080139160156,51467
ISIC_0402893,600,450,120.70291137695312,30.35845375061035,30613
ISIC_0403826,600,450,186.2337188720703,41.49080276489258,34347
ISIC_0406149,600,450,149.2925567626953,57.29452133178711,35003
ISIC_0408084,600,450,146.24185180664062,29.652172088623047,21868
ISIC_0408436,600,450,149.07301330566406,39.04671096801758,34508
ISIC_0408941,600,450,134.5337677001953,38.77198791503906,42454
ISIC_0410404,600,450,109.71265411376953,41.90591812133789,32998
ISIC_0410802,600,450,197.11878967285156,56.74663543701172,31793
ISIC_0411043,600,450,153.86642456054688,36.9105110168457,33401
ISIC_0411208,600,450,120.4114761352539,67.83551788330078,43674
ISIC_0411343,600,450,148.85040283203125,27.06462287902832,36561
ISIC_0411397,600,450,155.67916870117188,21.952713012695312,21407
ISIC_0411803,600,450,155.5599365234375,14.746576309204102,24928
ISIC_0414153,600,450,140.46087646484375,58.688697814941406,55552
ISIC_0414164,600,450,157.8861083984375,52.681800842285156,32469
ISIC_0415024,600,450,162.75318908691406,40.41252517700195,30359
ISIC_0416055,600,450,135.25669860839844,31.45168113708496,33006
ISIC_0416329,600,450,129.46170043945312,27.90987205505371,31806
ISIC_0417486,600,450,158.00306701660156,24.81300163269043,29383
ISIC_0418807,600,450,150.31845092773438,36.31651306152344,38591
ISIC_0419492,600,450,154.14537048339844,41.91654586791992,39893
ISIC_0422017,600,450,149.40847778320312,38.29728698730469,22140
ISIC_0423080,600,450,164.77670288085938,31.899028778076172,43274
ISIC_0423217,600,450,151.13113403320312,33.91717529296875,28835
ISIC_0424213,600,450,178.22540283203125,38.15801239013672,27789
ISIC_0424515,600,450,133.35206604003906,32.618316650390625,37065
ISIC_0424607,600,450,120.38700103759766,35.88443374633789,30860
ISIC_0426102,600,450,153.95571899414062,34.5112190246582,39330
ISIC_0426130,600,450,126.93327331542969,29.379322052001953,21183
ISIC_0426131,600,450,158.82369995117188,23.562671661376953,22276
ISIC_0426781,600,450,156.908447265625,48.124755859375,41226
ISIC_0427331,600,450,162.023681640625,21.486507415771484,24945
ISIC_0427475,600,450,122.60894775390625,28.55865478515625,35459
ISIC_0428185,600,450,184.37222290039062,32.45000457763672,41405
ISIC_0428450,600,450,129.32962036132812,41.83401107788086,49515
ISIC_0433706,600,450,153.9674530029297,38.92621612548828,32901
ISIC_0435506,600,450,156.15269470214844,30.57257843017578,30854
ISIC_0438775,600,450,185.37855529785156,32.45119094848633,34937
ISIC_0440292,600,450,176.803955078125,40.9367561340332,39051
ISIC_0440550,600,450,153.70069885253906,27.755027770996094,32144
ISIC_0441214,600,450,128.6718292236328,47.68675994873047,47988
ISIC_0441425,600,450,140.38140869140625,40.13070297241211,44329
ISIC_0441714,600,450,167.65480041503906,27.460723876953125,34506
ISIC_0441765,600,450,101.91069793701172,38.65947723388672,37922
ISIC_0442192,600,450,131.20050048828125,39.49695587158203,34457
ISIC_0442849,600,450,139.5857391357422,26.226430892944336,20924
ISIC_0442866,600,450,138.6317901611328,25.961843490600586,22994
ISIC_0443245,600,450,159.7594451904297,30.044954299926758,33967
ISIC_0444685,600,450,113.1195068359375,46.69026565551758,46921
ISIC_0444953,600,450,150.44505310058594,19.806058883666992,24073
ISIC_0445960,600,450,141.0774383544922,26.680255889892578,24389
ISIC_0447190,600,450,168.95950317382812,27.920564651489258,33304
ISIC_0447553,600,450,112.21919250488281,37.51903533935547,24733
ISIC_0448586,600,450,147.04464721679688,44.177703857421875,38927
ISIC_0450405,600,450,145.0048828125,51.80756759643555,31113
ISIC_0450792,600,450,146.5579376220703,37.12906265258789,16392
ISIC_0454029,600,450,153.28433227539062,30.775897979736328,20326
ISIC_0454057,600,450,146.2012176513672,15.222123146057129,21200
ISIC_0456269,600,450,138.0358123779297,25.01700210571289,28639
ISIC_0457897,600,450,118.76181030273438,39.07534408569336,35315
ISIC_0458709,600,450,136.89056396484375,29.99367332458496,65266
ISIC_0460586,600,450,167.23544311523438,15.335126876831055,18625
ISIC_0460690,600,450,125.51696014404297,43.645729064941406,47612
ISIC_0461233,600,450,149.02801513671875,27.41494369506836,31167
ISIC_0461566,600,450,162.90472412109375,20.40147590637207,19649
ISIC_0463396,600,450,170.27047729492188,46.075782775878906,34976
ISIC_0463510,600,450,150.8411407470703,50.42892837524414,51426
ISIC_0464954,600,450,115.7374038696289,41.64288330078125,51468
ISIC_0467500,600,450,166.75205993652344,20.08502769470215,18744
ISIC_0467628,600,450,129.8621368408203,24.243993759155273,19574
ISIC_0467778,600,450,173.34751892089844,37.30733108520508,37832
ISIC_0468332,600,450,125.83002471923828,38.173606872558594,32781
ISIC_0468733,600,450,137.96292114257812,34.88422393798828,50941
ISIC_0470080,600,450,163.0338897705078,30.829700469970703,27814
ISIC_0471652,600,450,167.61155700683594,24.550451278686523,62911
ISIC_0472359,600,450,174.17498779296875,24.486003875732422,24232
ISIC_0473678,600,450,122.27734375,49.370208740234375,69704
ISIC_0474474,600,450,159.875244140625,45.06035614013672,32502
ISIC_0477999,600,450,148.88438415527344,24.251911163330078,25007
ISIC_0478016,600,450,131.7940673828125,41.523685455322266,43199
ISIC_0478881,600,450,116.21956634521484,20.945383071899414,20975
ISIC_0479656,600,450,144.67031860351562,31.121232986450195,24921
ISIC_0481541,600,450,178.9658660888672,34.051048278808594,34143
ISIC_0483066,600,450,205.77455139160156,41.706851959228516,36993
ISIC_0485396,600,450,131.48663330078125,23.63422393798828,28589
ISIC_0485633,600,450,119.84021759033203,39.898529052734375,35083
ISIC_0487104,600,450,89.0458984375,37.032047271728516,24843
ISIC_0488771,600,450,111.27067565917969,32.28974151611328,55574
ISIC_0489274,600,450,139.7718963623047,21.48631477355957,27694
ISIC_0489440,600,450,147.06996154785156,55.503562927246094,25155
ISIC_0489493,600,450,93.2960205078125,38.87944030761719,28760
ISIC_0490117,600,450,100.94717407226562,41.76162338256836,34446
ISIC_0490330,600,450,125.28247833251953,30.088422775268555,32963
ISIC_0490468,600,450,141.09637451171875,22.867477416992188,23747
ISIC_0495585,600,450,131.24002075195312,31.4752197265625,33666
ISIC_0495769,600,450,154.0814971923828,28.411163330078125,24910
ISIC_0496864,600,450,126.89437103271484,31.160558700561523,30871
ISIC_0497574,600,450,120.34678649902344,26.798831939697266,35040
ISIC_0497671,600,450,156.93624877929688,52.07077407836914,48042
ISIC_0497849,600,450,116.79129028320312,24.054916381835938,27711
ISIC_0497851,600,450,134.53179931640625,24.600570678710938,25454
ISIC_0497911,600,450,169.52915954589844,25.91449737548828,25647
ISIC_0497921,600,450,132.79502868652344,40.96614074707031,30120
ISIC_0498304,600,450,123.52413177490234,29.34576988220215,30833
ISIC_0499568,600,450,118.14381408691406,29.37002944946289,29678
ISIC_0499702,600,450,145.0698699951172,47.749507904052734,22404
ISIC_0499739,600,450,151.4939727783203,23.746841430664062,19076
ISIC_0500110,600,450,163.92807006835938,42.886287689208984,26850
ISIC_0501244,600,450,137.5485382080078,32.18545150756836,27428
ISIC_0502224,600,450,115.73845672607422,47.37823486328125,57225
ISIC_0502413,600,450,130.08302307128906,38.903568267822266,28744
ISIC_0502738,600,450,165.6901092529297,52.57363510131836,26883
ISIC_0504075,600,450,136.52064514160156,42.122737884521484,55978
ISIC_0506795,600,450,149.9915008544922,24.698532104492188,31251
ISIC_0506930,600,450,133.31393432617188,28.926067352294922,31311
ISIC_0506961,600,450,173.4821014404297,44.46793746948242,47485
ISIC_0507021,600,450,156.1813507080078,17.19379234313965,29447
ISIC_0507617,600,450,129.50729370117188,36.771305084228516,36684
ISIC_0507778,600,450,165.9387664794922,27.510698318481445,36021
ISIC_0508629,600,450,146.96261596679688,28.420215606689453,20800
ISIC_0508714,600,450,108.5254135131836,56.5286865234375,41388
ISIC_0510199,600,450,148.07603454589844,41.23927688598633,43424
ISIC_0510537,600,450,146.3048858642578,17.69274139404297,19574
ISIC_0512596,600,450,191.81488037109375,27.99448013305664,31303
ISIC_0512725,600,450,153.42970275878906,29.83921241760254,22182
ISIC_0512778,600,450,139.6120147705078,31.109561920166016,56247
ISIC_0513234,600,450,123.42332458496094,39.85675048828125,40240
ISIC_0513969,600,450,157.62200927734375,25.822336196899414,24127
ISIC_0514391,600,450,152.79861450195312,23.306262969970703,34362
ISIC_0515719,600,450,168.872802734375,29.741222381591797,44485
ISIC_0517219,600,450,100.89441680908203,45.803226470947266,40384
ISIC_0517354,600,450,119.45574951171875,45.94024658203125,51470
ISIC_0517766,600,450,158.90719604492188,25.391796112060547,36803
ISIC_0518723,600,450,158.7986297607422,16.138185501098633,18679
ISIC_0519768,600,450,128.8634490966797,26.370943069458008,26311
ISIC_0522356,600,450,134.95526123046875,40.9999885559082,47979
ISIC_0524110,600,450,156.6849365234375,36.19826126098633,32108
ISIC_0525463,600,450,156.33079528808594,39.17208480834961,24817
ISIC_0526168,600,450,153.65191650390625,41.36150360107422,45971
ISIC_0527788,600,450,149.32142639160156,37.0119514465332,17712
ISIC_0528026,600,450,124.4257583618164,28.919578552246094,41122
ISIC_0528832,600,450,89.61994934082031,36.15317916870117,34257
ISIC_0528949,600,450,170.3876190185547,18.656415939331055,15717
ISIC_0529050,600,450,151.02305603027344,32.107398986816406,31929
ISIC_0529633,600,450,134.43472290039062,43.36375045776367,32341
ISIC_0531382,600,450,139.5963592529297,46.377227783203125,28671
ISIC_0532349,600,450,156.45794677734375,27.7071533203125,23567
ISIC_0532506,600,450,129.54368591308594,29.788528442382812,39933
ISIC_0533507,600,450,132.17062377929688,22.79195785522461,29785
ISIC_0534510,600,450,164.42494201660156,30.87381935119629,39385
ISIC_0535290,600,450,155.93154907226562,25.809152603149414,25970
ISIC_0537394,600,450,140.0218048095703,26.664527893066406,35182
ISIC_0537911,600,450,125.13545989990234,38.708587646484375,45967
ISIC_0538851,600,450,133.36001586914062,35.10299301147461,35505
ISIC_0539206,600,450,141.93634033203125,26.29706573486328,26332
ISIC_0540953,600,450,154.4909210205078,42.82709884643555,38996
ISIC_0542450,600,450,112.67208099365234,45.70547866821289,46051
ISIC_0543368,600,450,136.4980010986328,28.96598243713379,44904
ISIC_0546382,600,450,128.15953063964844,44.548553466796875,30550
ISIC_0546389,600,450,146.09580993652344,64.51455688476562,29057
ISIC_0546402,600,450,140.6788787841797,21.8338680267334,26319
ISIC_0547517,600,450,153.01644897460938,37.62846374511719,25267
ISIC_0547765,600,450,168.50381469726562,48.3358039855957,36277
ISIC_0548842,600,450,129.59698486328125,30.29994773864746,31559
ISIC_0552716,600,450,135.8815155029297,35.91318893432617,28958
ISIC_0552734,600,450,161.4701385498047,48.357601165771484,29796
ISIC_0552851,600,450,124.17635345458984,64.2134780883789,35584
ISIC_0553265,600,450,140.56942749023438,32.60197067260742,23378
ISIC_0553752,600,450,118.81180572509766,42.02506637573242,55478
ISIC_0557709,600,450,93.25323486328125,20.978479385375977,32211
ISIC_0558331,600,450,106.71863555908203,35.61434555053711,32904
ISIC_0560217,600,450,182.32058715820312,43.62684631347656,46967
ISIC_0560810,600,450,117.60871124267578,34.526283264160156,23380
ISIC_0561102,600,450,145.36349487304688,20.811328887939453,22872
ISIC_0561480,600,450,123.66152954101562,38.804161071777344,50942
ISIC_0562738,600,450,162.6127166748047,46.69179153442383,28799
ISIC_0567766,600,450,130.33131408691406,33.459312438964844,23731
ISIC_0569067,600,450,149.63853454589844,23.912166595458984,33306
ISIC_0569529,600,450,125.8453140258789,26.869436264038086,28397
ISIC_0570358,600,450,192.32960510253906,67.210205078125,34329
ISIC_0570697,600,450,139.46005249023438,29.403244018554688,38435
ISIC_0571049,600,450,119.13201141357422,60.29220199584961,20294
ISIC_0571728,600,450,142.92007446289062,28.645244598388672,42441
ISIC_0572831,600,450,136.460693359375,25.80517578125,42788
ISIC_0572875,600,450,127.87313842773438,26.986223220825195,28179
ISIC_0573471,600,450,143.79733276367188,51.69454574584961,25740
ISIC_0575130,600,450,143.42359924316406,46.09973907470703,33494
ISIC_0575623,600,450,132.4575958251953,30.819013595581055,39268
ISIC_0575879,600,450,144.59934997558594,34.56175994873047,39211
ISIC_0576611,600,450,125.75086212158203,36.653045654296875,36779
ISIC_0576794,600,450,120.8919906616211,38.67045974731445,37867
ISIC_0579366,600,450,146.5309600830078,22.444852828979492,45034
ISIC_0581803,600,450,125.17164611816406,41.11055374145508,36164
ISIC_0582067,600,450,151.0018310546875,35.76074981689453,28884
ISIC_0583040,600,450,114.81480407714844,66.97828674316406,95016
ISIC_0583409,600,450,180.97967529296875,28.528703689575195,27249
ISIC_0583712,600,450,157.8249053955078,33.1102409362793,36078
ISIC_0584164,600,450,130.81338500976562,21.60081672668457,37989
ISIC_0585018,600,450,141.3576202392578,34.95320510864258,33258
ISIC_0586691,600,450,123.03498077392578,49.94396209716797,35666
ISIC_0587530,600,450,164.2271270751953,27.414400100708008,26178
ISIC_0588937,600,450,164.0843963623047,15.440242767333984,29358
ISIC_0589952,600,450,162.92691040039062,49.15550994873047,55250
ISIC_0590248,600,450,136.76962280273438,37.48536682128906,47813
ISIC_0590401,600,450,119.91297149658203,44.115943908691406,43114
ISIC_0591696,600,450,158.3776092529297,43.6284294128418,28275
ISIC_0592812,600,450,129.6967010498047,23.202423095703125,44674
ISIC_0593055,600,450,150.05494689941406,61.87453079223633,28502
ISIC_0593908,600,450,156.16786193847656,34.97407913208008,31830
ISIC_0594231,600,450,153.3123779296875,39.17306900024414,20166
ISIC_0595350,600,450,128.94407653808594,28.725189208984375,39446
ISIC_0597607,600,450,113.7440185546875,68.62706756591797,24121
ISIC_0598073,600,450,150.67259216308594,51.89672088623047,29275
ISIC_0598387,600,450,201.86480712890625,39.22871017456055,33755
ISIC_0598709,600,450,123.3654556274414,30.055389404296875,31064
ISIC_0601665,600,450,132.10415649414062,27.540267944335938,33902
ISIC_0601743,600,450,145.7549591064453,21.721473693847656,23395
ISIC_0603125,600,450,124.34205627441406,37.500579833984375,33973
ISIC_0603409,600,450,113.21612548828125,42.00974655151367,34448
ISIC_0603818,600,450,151.4458465576172,31.617591857910156,35002
ISIC_0605402,600,450,145.34178161621094,24.437618255615234,32396
ISIC_0605910,600,450,152.23634338378906,36.98197555541992,22182
ISIC_0606651,600,450,123.4255142211914,40.78425216674805,34279
ISIC_0608754,600,450,122.98946380615234,45.86075210571289,47128
ISIC_0608821,600,450,147.72940063476562,30.11554527282715,68932
ISIC_0608960,600,450,138.00225830078125,28.09984016418457,43310
ISIC_0610035,600,450,186.90711975097656,34.996219635009766,31772
ISIC_0612028,600,450,160.24392700195312,61.3903923034668,34515
ISIC_0612181,600,450,112.62478637695312,47.4925537109375,48401
ISIC_0612261,600,450,161.7815399169922,23.623624801635742,17375
ISIC_0612519,600,450,133.39883422851562,38.398319244384766,33983
ISIC_0612725,600,450,130.5541534423828,40.73737335205078,41715
ISIC_0612793,600,450,94.21218872070312,41.61899948120117,44390
ISIC_0613695,600,450,157.28309631347656,24.822891235351562,21413
ISIC_0614880,600,450,84.1364517211914,72.40140533447266,30820
ISIC_0615653,600,450,136.57264709472656,35.998023986816406,25822
ISIC_0616115,600,450,131.03189086914062,49.202362060546875,46749
ISIC_0617272,600,450,142.05043029785156,22.163394927978516,21971
ISIC_0620394,600,450,151.08314514160156,28.405193328857422,22266
ISIC_0622255,600,450,130.88632202148438,46.828243255615234,34089
ISIC_0625197,600,450,141.3001251220703,20.654104232788086,22541
ISIC_0627375,600,450,140.20159912109375,37.346927642822266,40751
ISIC_0627627,600,450,182.0195770263672,48.18959426879883,47541
ISIC_0627667,600,450,162.23544311523438,31.65627670288086,33142
ISIC_0627933,600,450,155.38356018066406,18.463727951049805,38622
ISIC_0628522,600,450,153.8972930908203,51.762535095214844,27041
ISIC_0628658,600,450,128.01138305664062,28.354387283325195,37044
ISIC_0629020,600,450,131.333251953125,43.99560546875,49258
ISIC_0630375,600,450,131.61529541015625,39.199249267578125,61577
ISIC_0632001,600,450,154.23240661621094,36.10115051269531,24186
ISIC_0633557,600,450,146.35792541503906,37.293514251708984,40988
ISIC_0634232,600,450,169.11691284179688,43.66714859008789,33648
ISIC_0635424,600,450,163.97030639648438,25.070737838745117,29386
ISIC_0637039,600,450,149.42506408691406,31.730243682861328,52348
ISIC_0637655,600,450,156.0865936279297,30.749147415161133,27552
ISIC_0638581,600,450,144.25697326660156,32.400367736816406,46790
ISIC_0640031,600,450,138.30255126953125,38.3782844543457,26009
ISIC_0642767,600,450,135.19369506835938,24.426599502563477,27667
ISIC_0643281,600,450,111.10505676269531,45.83131408691406,39285
ISIC_0644098,600,450,146.92669677734375,21.06336212158203,23074
ISIC_0644224,600,450,173.983642578125,47.440345764160156,24532
ISIC_0645934,600,450,141.23504638671875,15.801538467407227,20862
ISIC_0646278,600,450,125.12252807617188,37.575767517089844,42571
ISIC_0646544,600,450,160.370849609375,43.007938385009766,26737
ISIC_0647017,600,450,166.1753692626953,24.375347137451172,28852
ISIC_0649359,600,450,148.4636688232422,49.2590446472168,21522
ISIC_0649497,600,450,148.84095764160156,51.35917282104492,49230
ISIC_0650927,600,450,143.00662231445312,15.051711082458496,26503
ISIC_0651228,600,450,148.08392333984375,29.95362663269043,23443
ISIC_0652620,600,450,128.87332153320312,31.959726333618164,32997
ISIC_0654229,600,450,138.1886444091797,45.380252838134766,25011
ISIC_0655029,600,450,148.0783233642578,44.029144287109375,41529
ISIC_0656565,600,450,125.78559875488281,25.348690032958984,30098
ISIC_0656805,600,450,179.41566467285156,44.68362808227539,53019
ISIC_0657349,600,450,182.60440063476562,26.273202896118164,38266
ISIC_0657679,600,450,166.33580017089844,33.667022705078125,22361
ISIC_0657859,600,450,187.33554077148438,33.062747955322266,47370
ISIC_0658837,600,450,116.76997375488281,40.54023361206055,34972
ISIC_0659229,600,450,113.32646179199219,42.85087203979492,41264
ISIC_0659383,600,450,133.3128662109375,32.5644416809082,26287
ISIC_0660859,600,450,146.76197814941406,38.19810485839844,23780
ISIC_0661387,600,450,130.2234649658203,38.82849884033203,43881
ISIC_0661563,600,450,139.74099731445312,38.65542221069336,56677
ISIC_0661874,600,450,159.27235412597656,37.9544563293457,35074
ISIC_0662021,600,450,153.435546875,17.717222213745117,42286
ISIC_0662620,600,450,109.31883239746094,54.73908233642578,27689
ISIC_0664016,600,450,159.47689819335938,32.139976501464844,34502
ISIC_0664879,600,450,121.28691101074219,35.94123840332031,31851
ISIC_0666405,600,450,127.41744232177734,24.943058013916016,25531
ISIC_0666574,600,450,126.38421630859375,46.32674789428711,49665
ISIC_0666575,600,450,158.11148071289062,25.97284698486328,25733
ISIC_0669396,600,450,130.80471801757812,41.00972366333008,56040
ISIC_0669812,600,450,123.29541015625,41.39509582519531,44166
ISIC_0670265,600,450,116.3193359375,28.110214233398438,24108
ISIC_0671005,600,450,202.54052734375,43.12562942504883,35450
ISIC_0674586,600,450,118.20978546142578,24.28608512878418,26827
ISIC_0676527,600,450,180.28114318847656,30.996469497680664,26319
ISIC_0680433,600,450,134.8275909423828,52.511051177978516,51065
ISIC_0680993,600,450,131.2562713623047,28.81341552734375,33188
ISIC_0681143,600,450,154.9398193359375,32.60759735107422,27657
ISIC_0682339,600,450,142.52288818359375,35.454891204833984,26603
ISIC_0683612,600,450,175.38023376464844,28.431379318237305,34736
ISIC_0684071,600,450,143.34500122070312,21.8411922454834,23014
ISIC_0684627,600,450,142.09266662597656,49.09175109863281,31400
ISIC_0685008,600,450,159.64427185058594,46.58061981201172,30953
ISIC_0686239,600,450,184.3681640625,22.286617279052734,44617
ISIC_0686429,600,450,127.7887191772461,46.22587966918945,20919
ISIC_0686612,600,450,138.6923828125,46.934547424316406,27828
ISIC_0687223,600,450,110.17252349853516,24.84157943725586,33842
ISIC_0688926,600,450,111.13443756103516,45.92752456665039,47771
ISIC_0689386,600,450,150.00839233398438,70.12638854980469,26656
ISIC_0690154,600,450,169.14486694335938,17.023292541503906,36959
ISIC_0690986,600,450,137.20684814453125,20.699106216430664,22642
ISIC_0692759,600,450,163.10585021972656,28.107851028442383,37463
ISIC_0693344,600,450,120.98760223388672,41.9029426574707,40066
ISIC_0694740,600,450,134.3902130126953,18.723703384399414,25858
ISIC_0695322,600,450,159.9596710205078,26.032690048217773,21957
ISIC_0695415,600,450,117.0889663696289,44.63518524169922,46689
ISIC_0696597,600,450,189.49703979492188,18.511592864990234,34818
ISIC_0698052,600,450,166.2459716796875,23.24956703186035,23882
ISIC_0699088,600,450,131.32260131835938,19.27665901184082,21580
ISIC_0699287,600,450,200.3268280029297,31.079572677612305,39257
ISIC_0700335,600,450,157.58807373046875,19.48198127746582,19718
ISIC_0703597,600,450,112.47575378417969,29.318849563598633,56258
ISIC_0703618,600,450,168.785400390625,42.30891799926758,27946
ISIC_0707479,600,450,133.63885498046875,37.2677001953125,42746
ISIC_0709199,600,450,138.43177795410156,20.740583419799805,24290
ISIC_0713331,600,450,152.55422973632812,35.364837646484375,35394
ISIC_0715287,600,450,168.7015838623047,30.33437728881836,23607
ISIC_0715312,600,450,153.03919982910156,41.93046569824219,42039
ISIC_0715665,600,450,125.89681243896484,28.914974212646484,30260
ISIC_0717001,600,450,136.83018493652344,36.27291488647461,43628
ISIC_0718332,600,450,125.51192474365234,38.2303352355957,34524
ISIC_0719228,600,450,127.71720123291016,36.86711883544922,46112
ISIC_0720115,600,450,114.34789276123047,41.41993713378906,36075
ISIC_0720304,600,450,142.70391845703125,39.98582077026367,24036
ISIC_0720537,600,450,150.22146606445312,38.094993591308594,29300
ISIC_0722347,600,450,132.075439453125,18.293333053588867,24831
ISIC_0723926,600,450,135.8939666748047,22.424755096435547,40325
ISIC_0724875,600,450,148.22740173339844,38.85529327392578,42982
ISIC_0724943,600,450,125.6397705078125,30.623775482177734,32868
ISIC_0725065,600,450,176.75624084472656,37.76716995239258,37928
ISIC_0725098,600,450,123.43334197998047,48.462791442871094,38937
ISIC_0727105,600,450,114.70457458496094,51.199886322021484,34907
ISIC_0727761,600,450,163.2775115966797,28.931961059570312,26578
ISIC_0729575,600,450,126.00955963134766,44.452510833740234,39794
ISIC_0729799,600,450,113.55093383789062,36.504634857177734,40716
ISIC_0731364,600,450,162.26686096191406,30.02994728088379,22677
ISIC_0733275,600,450,109.63888549804688,27.79353904724121,31309
ISIC_0734414,600,450,148.66302490234375,58.238582611083984,29109
ISIC_0735025,600,450,150.6078643798828,41.89630126953125,21115
ISIC_0735096,600,450,123.0557632446289,32.3887825012207,44812
ISIC_0738113,600,450,153.7333221435547,56.44340515136719,27467
ISIC_0738371,600,450,158.4464569091797,59.82576370239258,47682
ISIC_0738994,600,450,153.1944580078125,32.445526123046875,32107
ISIC_0740405,600,450,153.0109100341797,15.823671340942383,32029
ISIC_0742972,600,450,171.7951202392578,43.73759460449219,26277
ISIC_0743555,600,450,154.26734924316406,29.461135864257812,25236
ISIC_0743648,600,450,175.22547912597656,38.37199401855469,20566
ISIC_0744283,600,450,126.13890075683594,35.14894485473633,39598
ISIC_0745250,600,450,149.02854919433594,34.96986389160156,35716
ISIC_0745953,600,450,158.01229858398438,34.031105041503906,24870
ISIC_0746280,600,450,218.73757934570312,26.55547523498535,35982
ISIC_0746532,600,450,119.91180419921875,40.44337463378906,43580
ISIC_0746908,600,450,144.7874298095703,41.45574951171875,31837
ISIC_0751829,600,450,131.72259521484375,33.25413513183594,35056
ISIC_0754291,600,450,97.22154998779297,55.97842025756836,68445
ISIC_0755062,600,450,191.25094604492188,24.040525436401367,30775
ISIC_0755088,600,450,165.1642303466797,42.94505310058594,22581
ISIC_0755454,600,450,169.5545654296875,39.286869049072266,43418
ISIC_0758142,600,450,155.8396759033203,36.43254470825195,30494
ISIC_0758242,600,450,155.63119506835938,18.182706832885742,17185
ISIC_0758332,600,450,132.16412353515625,39.95772171020508,51678
ISIC_0760456,600,450,110.87446594238281,42.89447784423828,41818
ISIC_0761359,600,450,135.9535369873047,22.611907958984375,24395
ISIC_0762973,600,450,111.89287567138672,42.91048812866211,37978
ISIC_0763559,600,450,136.31655883789062,30.562536239624023,43599
ISIC_0763911,600,450,128.1587677001953,43.493568420410156,35353
ISIC_0763962,600,450,157.4111785888672,36.72871017456055,31334
ISIC_0764650,600,450,134.77516174316406,30.78713035583496,25199
ISIC_0765311,600,450,146.22494506835938,27.209224700927734,53093
ISIC_0767613,600,450,153.32373046875,25.915348052978516,21191
ISIC_0768610,600,450,200.83349609375,51.01692581176758,33564
ISIC_0768895,600,450,138.9333038330078,29.109609603881836,26186
ISIC_0769255,600,450,149.31509399414062,57.561012268066406,28764
ISIC_0770132,600,450,148.38656616210938,17.677457809448242,21859
ISIC_0770326,600,450,146.02911376953125,31.70685577392578,31508
ISIC_0772256,600,450,175.62884521484375,34.13832473754883,24003
ISIC_0772345,600,450,121.56239318847656,56.876991271972656,66960
ISIC_0772652,600,450,126.35122680664062,23.007341384887695,22021
ISIC_0772947,600,450,129.57662963867188,32.0142707824707,32663
ISIC_0773145,600,450,156.0530242919922,32.93396759033203,26198
ISIC_0774870,600,450,138.4451141357422,48.603179931640625,52638
ISIC_0776010,600,450,140.741455078125,31.976991653442383,29138
ISIC_0777268,600,450,136.94334411621094,39.70795822143555,27975
ISIC_0777357,600,450,121.51559448242188,40.89066696166992,50533
ISIC_0777452,600,450,132.9276123046875,37.24296188354492,41585
ISIC_0780544,600,450,98.693115234375,23.596925735473633,34072
ISIC_0780574,600,450,139.60121154785156,32.25273132324219,34932
ISIC_0782621,600,450,73.5562973022461,48.77712631225586,40384
ISIC_0783369,600,450,156.34791564941406,23.261287689208984,24025
ISIC_0783408,600,450,142.4362335205078,29.274381637573242,21173
ISIC_0783971,600,450,127.09727478027344,28.671993255615234,32863
ISIC_0784089,600,450,126.67340087890625,42.176414489746094,48306
ISIC_0784305,600,450,118.43888092041016,37.506465911865234,38725
ISIC_0785356,600,450,130.6426239013672,27.134084701538086,43898
ISIC_0785366,600,450,139.1928253173828,23.490596771240234,40636
ISIC_0786326,600,450,139.67196655273438,22.414443969726562,22594
ISIC_0786490,600,450,171.52879333496094,25.545515060424805,58330
ISIC_0786863,600,450,99.00604248046875,26.679025650024414,38718
ISIC_0790292,600,450,110.76510620117188,38.7364616394043,47250
ISIC_0791494,600,450,147.60487365722656,29.56485366821289,35234
ISIC_0793894,600,450,123.46808624267578,37.46572494506836,45853
ISIC_0794160,600,450,147.33692932128906,21.709571838378906,26964
ISIC_0796805,600,450,180.89801025390625,43.173667907714844,25448
ISIC_0796884,600,450,151.7538604736328,26.34058380126953,26658
ISIC_0798109,600,450,155.91209411621094,67.08746337890625,31794
ISIC_0799155,600,450,158.55819702148438,29.571086883544922,27792
ISIC_0800437,600,450,121.12957763671875,43.600093841552734,49258
ISIC_0800961,600,450,142.23403930664062,39.43910598754883,41167
ISIC_0801041,600,450,132.37594604492188,33.822242736816406,37081
ISIC_0801838,600,450,184.55577087402344,60.59081268310547,28453
ISIC_0802543,600,450,161.0991973876953,29.338531494140625,26000
ISIC_0802648,600,450,123.84059143066406,22.40230369567871,24968
ISIC_0805815,600,450,128.24571228027344,41.40272521972656,34636
ISIC_0805951,600,450,128.62857055664062,19.222850799560547,21202
ISIC_0805994,600,450,147.23614501953125,21.321781158447266,26913
ISIC_0806039,600,450,126.8436050415039,40.45674514770508,43077
ISIC_0807573,600,450,95.2610855102539,49.82910919189453,28561
ISIC_0807781,600,450,126.45075225830078,40.05650329589844,41014
ISIC_0809407,600,450,153.98915100097656,28.206844329833984,20972
ISIC_0809896,600,450,127.92219543457031,36.926212310791016,35988
ISIC_0809957,600,450,150.2022247314453,18.904462814331055,30307
ISIC_0811123,600,450,130.5680389404297,30.830829620361328,31882
ISIC_0811266,600,450,171.9403076171875,24.191967010498047,31173
ISIC_0811514,600,450,145.1444549560547,50.21175003051758,22313
ISIC_0811596,600,450,154.8668670654297,37.936519622802734,41903
ISIC_0811703,600,450,158.92007446289062,16.262357711791992,29923
ISIC_0812574,600,450,185.8209991455078,48.47434997558594,35916
ISIC_0812646,600,450,122.47454833984375,39.172725677490234,45769
ISIC_0812659,600,450,93.35742950439453,29.886568069458008,17079
ISIC_0813000,600,450,147.40066528320312,16.40606689453125,22245
ISIC_0813313,600,450,154.82276916503906,39.31117630004883,39387
ISIC_0813563,600,450,186.74777221679688,44.150753021240234,49105
ISIC_0815023,600,450,160.82899475097656,23.26868438720703,23580
ISIC_0817051,600,450,144.02503967285156,18.709802627563477,24206
ISIC_0817963,600,450,121.40328216552734,38.524349212646484,31759
ISIC_0818540,600,450,153.91000366210938,34.583396911621094,26218
ISIC_0819008,600,450,124.2984390258789,24.255464553833008,35003
ISIC_0820547,600,450,139.51719665527344,30.116127014160156,25207
ISIC_0821297,600,450,178.9940948486328,34.80879211425781,30040
ISIC_0822220,600,450,122.42526245117188,24.7320499420166,27258
ISIC_0823112,600,450,142.25157165527344,14.726758003234863,21642
ISIC_0823269,600,450,114.77365112304688,30.992124557495117,20678
ISIC_0823916,600,450,179.70504760742188,35.98023986816406,42987
ISIC_0824121,600,450,136.5664825439453,38.829105377197266,43477
ISIC_0825152,600,450,145.49612426757812,44.59099197387695,23568
ISIC_0826007,600,450,153.16946411132812,43.09476089477539,38072
ISIC_0826708,600,450,130.3828582763672,40.38450622558594,38867
ISIC_0828276,600,450,126.58365631103516,26.149551391601562,31737
ISIC_0829180,600,450,136.8955841064453,25.72730255126953,27614
ISIC_0829445,600,450,141.3867645263672,37.77207946777344,39058
ISIC_0830502,600,450,142.0874481201172,25.436716079711914,47569
ISIC_0831021,600,450,124.409423828125,43.15461730957031,38985
ISIC_0831157,600,450,160.137939453125,31.776662826538086,26661
ISIC_0831409,600,450,167.6853790283203,24.443925857543945,24624
ISIC_0831512,600,450,171.6671600341797,36.21677780151367,29299
ISIC_0831898,600,450,142.52017211914062,39.837982177734375,26320
ISIC_0833402,600,450,135.8760528564453,47.75920486450195,54793
ISIC_0835030,600,450,161.38731384277344,29.86397933959961,22714
ISIC_0835458,600,450,133.77981567382812,24.05433464050293,16305
ISIC_0835682,600,450,119.44276428222656,18.93201446533203,27188
ISIC_0836114,600,450,121.17999267578125,44.114749908447266,44257
ISIC_0836815,600,450,173.36912536621094,13.909845352172852,14799
ISIC_0838227,600,450,164.25413513183594,16.566083908081055,25314
ISIC_0840284,600,450,133.20761108398438,40.43926239013672,26450
ISIC_0841169,600,450,172.83010864257812,32.93300247192383,30892
ISIC_0842059,600,450,122.23536682128906,50.702423095703125,52617
ISIC_0844469,600,450,153.80050659179688,22.476625442504883,21516
ISIC_0845014,600,450,142.2332763671875,36.688106536865234,42045
ISIC_0846122,600,450,139.79141235351562,20.946903228759766,25310
ISIC_0846856,600,450,163.5573272705078,25.40699005126953,18420
ISIC_0846896,600,450,165.57180786132812,19.625537872314453,33947
ISIC_0848694,600,450,143.16552734375,37.13319778442383,39845
ISIC_0849075,600,450,145.0796661376953,28.505666732788086,25274
ISIC_0849646,600,450,171.32586669921875,32.4421272277832,31715
ISIC_0850383,600,450,102.9064712524414,45.423606872558594,30317
ISIC_0851659,600,450,167.37860107421875,34.01448440551758,36646
ISIC_0852575,600,450,158.78114318847656,27.817899703979492,22450
ISIC_0853298,600,450,130.10922241210938,32.971435546875,46145
ISIC_0853302,600,450,166.61865234375,52.266944885253906,37253
ISIC_0854749,600,450,126.93102264404297,47.82759475708008,46694
ISIC_0855130,600,450,129.59339904785156,44.1781005859375,68799
ISIC_0855384,600,450,156.6558837890625,21.204042434692383,27600
ISIC_0855454,600,450,136.36395263671875,18.225284576416016,27397
ISIC_0856370,600,450,135.09173583984375,34.69715118408203,33840
ISIC_0857448,600,450,147.6631317138672,13.968401908874512,17482
ISIC_0858555,600,450,150.4386444091797,25.603790283203125,21694
ISIC_0858765,600,450,172.61923217773438,33.016597747802734,36895
ISIC_0859627,600,450,183.00234985351562,37.817134857177734,49438
ISIC_0860468,600,450,174.17129516601562,28.78851318359375,31479
ISIC_0862809,600,450,124.09899139404297,38.03839874267578,34312
ISIC_0863389,600,450,135.28382873535156,49.77064895629883,31287
ISIC_0863711,600,450,128.9512481689453,41.21565628051758,41503
ISIC_0865713,600,450,170.32266235351562,20.576231002807617,18933
ISIC_0866079,600,450,137.29843139648438,27.346576690673828,26455
ISIC_0866872,600,450,131.93569946289062,74.9521484375,36819
ISIC_0866932,600,450,114.40995788574219,47.800567626953125,20398
ISIC_0867027,600,450,157.058837890625,18.44303321838379,22128
ISIC_0867059,600,450,173.286376953125,52.00498962402344,37862
ISIC_0867368,600,450,160.06553649902344,11.241202354431152,19216
ISIC_0869141,600,450,135.22760009765625,26.19917106628418,28080
ISIC_0870426,600,450,119.01622009277344,41.494503021240234,57411
ISIC_0871073,600,450,129.6455841064453,16.758495330810547,22781
ISIC_0871337,600,450,125.18961334228516,35.37372589111328,57171
ISIC_0871438,600,450,119.68994903564453,36.230079650878906,37358
ISIC_0872036,600,450,157.39268493652344,35.43544006347656,21265
ISIC_0872261,600,450,145.86602783203125,39.02515411376953,29303
ISIC_0872284,600,450,144.92637634277344,34.08317947387695,66857
ISIC_0873387,600,450,131.4069061279297,31.069454193115234,33177
ISIC_0874081,600,450,98.26705932617188,36.072208404541016,21093
ISIC_0875516,600,450,106.48877716064453,30.64535140991211,57082
ISIC_0879335,600,450,141.83843994140625,28.37333869934082,53264
ISIC_0880053,600,450,133.41444396972656,27.86125373840332,30820
ISIC_0880783,600,450,170.58065795898438,22.577505111694336,23627
ISIC_0881081,600,450,113.5077133178711,42.896854400634766,42701
ISIC_0881138,600,450,189.59043884277344,29.793197631835938,48306
ISIC_0881507,600,450,165.82786560058594,20.22543716430664,27847
ISIC_0883146,600,450,146.69662475585938,37.104488372802734,33616
ISIC_0885646,600,450,141.21917724609375,40.08992004394531,33214
ISIC_0885674,600,450,166.98269653320312,44.497554779052734,32161
ISIC_0886120,600,450,136.7797393798828,41.18026351928711,41625
ISIC_0886687,600,450,143.0497589111328,23.448713302612305,26761
ISIC_0887242,600,450,136.19973754882812,22.308635711669922,40904
ISIC_0887284,600,450,189.3629608154297,49.52638626098633,32047
ISIC_0888116,600,450,138.78065490722656,30.790245056152344,31041
ISIC_0888295,600,450,132.81910705566406,35.53458023071289,38230
ISIC_0889674,600,450,121.14027404785156,43.3808708190918,36345
ISIC_0890975,600,450,151.50839233398438,24.05173110961914,16969
ISIC_0891581,600,450,187.82139587402344,39.82453155517578,35246
ISIC_0891621,600,450,120.85013580322266,39.11286926269531,39663
ISIC_0892888,600,450,152.62994384765625,31.32482147216797,25378
ISIC_0893414,600,450,116.69505310058594,27.602006912231445,30447
ISIC_0893723,600,450,138.8914031982422,50.90444564819336,28968
ISIC_0895262,600,450,147.24270629882812,46.079654693603516,34745
ISIC_0895631,600,450,141.00682067871094,44.210601806640625,36282
ISIC_0895842,600,450,107.89131927490234,37.63685607910156,46927
ISIC_0896718,600,450,143.70838928222656,23.26234245300293,29758
ISIC_0897372,600,450,149.08070373535156,36.269981384277344,25347
ISIC_0898369,600,450,140.6298065185547,30.196557998657227,41550
ISIC_0899069,600,450,127.16019439697266,16.85152244567871,25128
ISIC_0899253,600,450,150.0095977783203,27.938995361328125,27967
ISIC_0904295,600,450,117.9056396484375,40.056922912597656,47377
ISIC_0906065,600,450,117.27335357666016,35.70551300048828,37404
ISIC_0906598,600,450,101.19404602050781,34.87978744506836,30031
ISIC_0907266,600,450,141.5316925048828,48.652530670166016,31636
ISIC_0907354,600,450,209.4663543701172,28.916702270507812,39389
ISIC_0907555,600,450,125.14154815673828,26.388622283935547,26709
ISIC_0907716,600,450,105.90360260009766,27.077863693237305,47480
ISIC_0908255,600,450,116.38429260253906,28.65787696838379,26726
ISIC_0909697,600,450,113.83834075927734,36.78242492675781,23417
ISIC_0911271,600,450,126.6130599975586,63.440399169921875,27771
ISIC_0912531,600,450,153.7871551513672,27.334672927856445,36197
ISIC_0912606,600,450,128.22781372070312,32.820804595947266,36963
ISIC_0913438,600,450,135.8883514404297,29.573122024536133,26617
ISIC_0913648,600,450,140.7337646484375,36.182373046875,22306
ISIC_0914299,600,450,128.58323669433594,38.3059196472168,37530
ISIC_0914647,600,450,140.26220703125,50.473060607910156,27650
ISIC_0918357,600,450,121.90092468261719,14.858325958251953,22707
ISIC_0919015,600,450,129.04981994628906,40.59828186035156,52301
ISIC_0919412,600,450,158.9423370361328,25.45572280883789,33285
ISIC_0919950,600,450,118.5682601928711,40.166107177734375,42429
ISIC_0920424,600,450,117.54266357421875,40.53581619262695,28012
ISIC_0920625,600,450,118.7169418334961,30.3563289642334,34122
ISIC_0921779,600,450,115.65049743652344,27.37637710571289,29910
ISIC_0922807,600,450,123.09078216552734,31.4563045501709,36793
ISIC_0923483,600,450,124.72105407714844,43.528995513916016,43854
ISIC_0924335,600,450,146.7119140625,22.341520309448242,23699
ISIC_0924690,600,450,124.8261947631836,41.434383392333984,37702
ISIC_0926891,600,450,132.8885955810547,38.02683639526367,35224
ISIC_0928029,600,450,136.61923217773438,35.63405227661133,40593
ISIC_0929356,600,450,157.76922607421875,28.775985717773438,27189
ISIC_0930244,600,450,121.08094787597656,37.803043365478516,34441
ISIC_0931470,600,450,127.30755615234375,39.175296783447266,49863
ISIC_0931746,600,450,159.32479858398438,46.330284118652344,33142
ISIC_0933237,600,450,164.2560272216797,22.3580265045166,18488
ISIC_0933479,600,450,149.34344482421875,37.699607849121094,41686
ISIC_0933741,600,450,139.7539825439453,39.112953186035156,37994
ISIC_0934261,600,450,130.23121643066406,26.58930015563965,41333
ISIC_0934708,600,450,148.64930725097656,42.63962173461914,34973
ISIC_0935658,600,450,151.44667053222656,20.528945922851562,19786
ISIC_0936650,600,450,193.08029174804688,26.36247444152832,28694
ISIC_0937259,600,450,161.03411865234375,29.59716033935547,53187
ISIC_0937410,600,450,114.32147979736328,45.003108978271484,44025
ISIC_0938409,600,450,139.47459411621094,35.104679107666016,40995
ISIC_0938645,600,450,122.63750457763672,45.011329650878906,52531
ISIC_0939581,600,450,160.50587463378906,12.212424278259277,22801
ISIC_0939687,600,450,130.58920288085938,36.38282012939453,24675
ISIC_0940771,600,450,151.03431701660156,21.846269607543945,25510
ISIC_0944241,600,450,147.64549255371094,35.783653259277344,48565
ISIC_0946795,600,450,106.94446563720703,43.66631317138672,32700
ISIC_0948347,600,450,122.7922592163086,43.50362777709961,47915
ISIC_0949145,600,450,98.03994750976562,27.19209098815918,42204
ISIC_0949430,600,450,184.12942504882812,32.893741607666016,37418
ISIC_0950495,600,450,143.17300415039062,21.399749755859375,25287
ISIC_0950510,600,450,147.68914794921875,27.155447006225586,24310
ISIC_0950931,600,450,88.70252227783203,35.14942932128906,44152
ISIC_0951274,600,450,152.96209716796875,24.362443923950195,22142
ISIC_0951585,600,450,110.77479553222656,31.864107131958008,34847
ISIC_0953324,600,450,117.70372009277344,41.642086029052734,40378
ISIC_0955574,600,450,146.26580810546875,38.0501708984375,36637
ISIC_0955754,600,450,133.36412048339844,25.22722816467285,22668
ISIC_0956399,600,450,156.4020233154297,31.388702392578125,32768
ISIC_0957094,600,450,128.85977172851562,44.044273376464844,26876
ISIC_0958356,600,450,146.74668884277344,37.90593719482422,40487
ISIC_0958977,600,450,146.75856018066406,32.785823822021484,26257
ISIC_0960754,600,450,160.5729522705078,19.334819793701172,18068
ISIC_0962054,600,450,146.14645385742188,33.13692855834961,34865
ISIC_0962183,600,450,166.11058044433594,35.6337890625,32668
ISIC_0963794,600,450,130.04287719726562,26.885494232177734,33896
ISIC_0963883,600,450,162.19293212890625,52.89519119262695,42144
ISIC_0964556,600,450,122.81098175048828,29.506298065185547,30640
ISIC_0964646,600,450,143.02186584472656,33.18414306640625,27446
ISIC_0965546,600,450,152.56329345703125,51.03218460083008,34799
ISIC_0965611,600,450,163.5216827392578,31.280498504638672,40758
ISIC_0966559,600,450,177.3203582763672,23.035842895507812,27181
ISIC_0968530,600,450,139.5464630126953,16.72235870361328,21266
ISIC_0970615,600,450,145.59547424316406,20.748008728027344,21311
ISIC_0971123,600,450,130.70448303222656,19.84607696533203,27560
ISIC_0972110,600,450,121.49214935302734,43.36842346191406,31307
ISIC_0973204,600,450,145.0098114013672,37.54576110839844,33793
ISIC_0973981,600,450,102.72416687011719,32.331016540527344,34645
ISIC_0974797,600,450,163.9459686279297,43.023170471191406,30793
ISIC_0974866,600,450,162.3683319091797,24.593172073364258,22612
ISIC_0975299,600,450,148.7001190185547,40.06257629394531,42668
ISIC_0975720,600,450,117.15306854248047,36.38945770263672,34230
ISIC_0976079,600,450,78.00820922851562,29.788753509521484,38724
ISIC_0977792,600,450,177.65977478027344,64.18726348876953,34257
ISIC_0979570,600,450,142.5769805908203,12.501944541931152,19269
ISIC_0979678,600,450,136.0980987548828,22.712984085083008,23024
ISIC_0980403,600,450,145.24465942382812,72.15128326416016,43622
ISIC_0981335,600,450,146.23977661132812,20.788516998291016,18489
ISIC_0981634,600,450,142.55145263671875,33.098323822021484,42465
ISIC_0982924,600,450,121.01465606689453,32.18115234375,31208
ISIC_0983974,600,450,117.47486114501953,33.85426330566406,28488
ISIC_0984507,600,450,137.6322479248047,28.96830940246582,35065
ISIC_0986356,600,450,128.95709228515625,30.092681884765625,44032
ISIC_0987080,600,450,134.64576721191406,35.141353607177734,37351
ISIC_0987929,600,450,131.85508728027344,36.56033706665039,42028
ISIC_0988479,600,450,140.7946319580078,27.714216232299805,29443
ISIC_0989126,600,450,202.13645935058594,26.58083152770996,24614
ISIC_0990658,600,450,144.84622192382812,35.90167999267578,34511
ISIC_0990706,600,450,126.41657257080078,50.42414855957031,55289
ISIC_0990979,600,450,130.98690795898438,27.192785263061523,33731
ISIC_0991005,600,450,132.81381225585938,35.469032287597656,31841
ISIC_0991616,600,450,170.31056213378906,40.1285514831543,23525
ISIC_0991989,600,450,125.58229064941406,45.41349411010742,43009
ISIC_0993424,600,450,82.05865478515625,36.50303268432617,56018
ISIC_0993471,600,450,156.70223999023438,32.02490997314453,27960
ISIC_0994154,600,450,132.8609161376953,27.20579719543457,33836
ISIC_0997976,600,450,152.2308349609375,29.56617546081543,25938
ISIC_1000386,600,450,139.69845581054688,49.36125564575195,54981
ISIC_1000918,600,450,168.22293090820312,50.73707580566406,32565
ISIC_1001492,600,450,151.54432678222656,37.40970993041992,37881
ISIC_1002134,600,450,139.38369750976562,20.839454650878906,26543
ISIC_1002562,600,450,120.91263580322266,44.56477737426758,54448
ISIC_1006010,600,450,139.56668090820312,32.56808090209961,33203
ISIC_1006415,600,450,154.94345092773438,29.00105094909668,25421
ISIC_1006756,600,450,158.1226348876953,45.43735885620117,31592
ISIC_1009291,600,450,144.6219024658203,48.682273864746094,43116
ISIC_1009475,600,450,108.79850006103516,51.8270378112793,25940
ISIC_1009860,600,450,154.12828063964844,42.160701751708984,36734
ISIC_1010358,600,450,106.94132232666016,36.43687438964844,27447
ISIC_1010434,600,450,162.18275451660156,21.82887077331543,52925
ISIC_1010567,600,450,144.20777893066406,26.349735260009766,30486
ISIC_1011069,600,450,108.61773681640625,30.45502471923828,35706
ISIC_1012530,600,450,155.95579528808594,34.32439041137695,27289
ISIC_1012687,600,450,176.26611328125,36.035926818847656,46738
ISIC_1014403,600,450,138.36143493652344,33.12582015991211,30483
ISIC_1014424,600,450,122.46895599365234,32.12306594848633,33082
ISIC_1018753,600,450,146.1342010498047,33.90237045288086,26157
ISIC_1019247,600,450,147.5528564453125,33.04717254638672,23409
ISIC_1019384,600,450,145.64608764648438,37.542518615722656,25182
ISIC_1020628,600,450,145.5648193359375,24.39760971069336,30065
ISIC_1021842,600,450,132.2109832763672,37.553218841552734,28444
ISIC_1023707,600,450,133.3103485107422,26.31053352355957,31866
ISIC_1025034,600,450,136.7046661376953,42.41993713378906,47484
ISIC_1025100,600,450,154.0834197998047,32.65586853027344,17568
ISIC_1028434,600,450,151.9799041748047,42.90208053588867,44187
ISIC_1028789,600,450,143.6763153076172,15.738911628723145,22555
ISIC_1029056,600,450,154.74072265625,33.765865325927734,30112
ISIC_1029279,600,450,179.35128784179688,35.99757385253906,34503
ISIC_1029957,600,450,135.69189453125,53.29275894165039,26217
ISIC_1030228,600,450,162.09376525878906,33.44101333618164,28596
ISIC_1032764,600,450,120.39356231689453,33.38447952270508,35616
ISIC_1033249,600,450,176.64999389648438,33.81573486328125,35367
ISIC_1033453,600,450,120.34212493896484,28.526338577270508,31769
ISIC_1035863,600,450,127.04667663574219,33.93265914916992,31580
ISIC_1037712,600,450,115.63729095458984,35.252254486083984,53803
ISIC_1038282,600,450,124.14218139648438,24.639846801757812,31399
ISIC_1042270,600,450,124.43952941894531,23.613693237304688,29505
ISIC_1044266,600,450,161.73374938964844,20.55772590637207,16442
ISIC_1045607,600,450,150.72760009765625,24.767385482788086,35916
ISIC_1046103,600,450,136.83445739746094,61.40110397338867,34234
ISIC_1048297,600,450,206.1222381591797,37.12343978881836,42236
ISIC_1048496,600,450,156.91189575195312,39.36642837524414,25541
ISIC_1049145,600,450,184.97683715820312,35.42356491088867,34351
ISIC_1050489,600,450,152.85580444335938,35.60704040527344,29199
ISIC_1052154,600,450,156.35768127441406,33.34357452392578,31112
ISIC_1052176,600,450,161.699462890625,24.490596771240234,44206
ISIC_1053256,600,450,127.90829467773438,34.55663299560547,38050
ISIC_1054751,600,450,111.6116943359375,47.41200256347656,49603
ISIC_1054971,600,450,126.22020721435547,46.0570182800293,44565
ISIC_1055162,600,450,165.16383361816406,37.41307067871094,27678
ISIC_1056095,600,450,145.7857208251953,25.533374786376953,24984
ISIC_1058069,600,450,176.8594970703125,32.428524017333984,24374
ISIC_1058258,600,450,123.456787109375,40.26282501220703,37908
ISIC_1058357,600,450,139.70046997070312,40.80226135253906,41955
ISIC_1058813,600,450,125.09748077392578,40.54707717895508,45303
ISIC_1058937,600,450,125.2157211303711,35.22523498535156,41630
ISIC_1059467,600,450,118.53042602539062,43.586063385009766,50432
ISIC_1061716,600,450,145.7240753173828,47.12629318237305,27455
ISIC_1062335,600,450,132.40890502929688,28.580842971801758,28889
ISIC_1063001,600,450,136.81109619140625,23.800857543945312,20612
ISIC_1063241,600,450,99.84561157226562,33.773170471191406,30803
ISIC_1064441,600,450,135.67283630371094,25.85671043395996,20503
ISIC_1064824,600,450,116.85993194580078,34.34906768798828,20715
ISIC_1066229,600,450,157.06008911132812,47.105098724365234,33505
ISIC_1066639,600,450,125.50096130371094,40.89643096923828,40735
ISIC_1066863,600,450,148.0812225341797,35.00189208984375,47065
ISIC_1069165,600,450,153.3144073486328,14.010324478149414,23334
ISIC_1069584,600,450,129.67831420898438,30.13327980041504,19968
ISIC_1069722,600,450,158.90017700195312,23.179452896118164,22593
ISIC_1070485,600,450,155.01307678222656,28.41977882385254,24943
ISIC_1070964,600,450,124.39523315429688,52.75558090209961,37402
ISIC_1073412,600,450,157.8605194091797,24.845073699951172,19579
ISIC_1074795,600,450,166.36508178710938,48.586448669433594,38318
ISIC_1075770,600,450,162.27606201171875,41.41654968261719,38598
ISIC_1076265,600,450,146.84130859375,20.454345703125,23977
ISIC_1078763,600,450,122.14928436279297,54.748939514160156,25884
ISIC_1079378,600,450,170.12962341308594,26.669475555419922,43118
ISIC_1080345,600,450,140.77407836914062,28.140050888061523,25649
ISIC_1081140,600,450,160.23243713378906,25.570703506469727,24074
ISIC_1083704,600,450,121.75434875488281,32.31269073486328,35003
ISIC_1084026,600,450,133.332763671875,45.65114974975586,42431
ISIC_1085320,600,450,147.26052856445312,17.210651397705078,32690
ISIC_1085321,600,450,157.74957275390625,40.597198486328125,34429
ISIC_1085608,600,450,131.19776916503906,51.80299758911133,31610
ISIC_1085792,600,450,153.05332946777344,36.91228103637695,26071
ISIC_1086483,600,450,141.19081115722656,41.70951843261719,49004
ISIC_1089519,600,450,102.43958282470703,50.07423400878906,65378
ISIC_1089656,600,450,121.28479766845703,42.23165512084961,42733
ISIC_1090102,600,450,118.5428237915039,35.20108413696289,37436
ISIC_1090300,600,450,159.7105255126953,21.093996047973633,23231
ISIC_1090781,600,450,129.35508728027344,30.866727828979492,31437
ISIC_1090794,600,450,146.33721923828125,30.048341751098633,39531
ISIC_1091183,600,450,119.85783386230469,40.44708251953125,69396
ISIC_1091566,600,450,161.21461486816406,31.71856689453125,22591
ISIC_1094830,600,450,154.3428955078125,23.237548828125,18515
ISIC_1097732,600,450,159.64389038085938,36.079925537109375,37448
ISIC_1099345,600,450,166.28732299804688,39.10145568847656,28975
ISIC_1099402,600,450,162.66624450683594,29.832731246948242,26810
ISIC_1099492,600,450,140.9313507080078,34.13270568847656,61585
ISIC_1101076,600,450,141.02032470703125,27.29113006591797,37956
ISIC_1102101,600,450,150.5214080810547,32.73514175415039,22262
ISIC_1102915,600,450,182.06195068359375,47.353336334228516,33757
ISIC_1103609,600,450,115.558837890625,29.723154067993164,27132
ISIC_1103956,600,450,126.07972717285156,54.19157791137695,27927
ISIC_1105494,600,450,143.876220703125,21.943702697753906,25775
ISIC_1105520,600,450,128.8863983154297,42.19993591308594,40998
ISIC_1106208,600,450,146.3999786376953,21.395179748535156,24723
ISIC_1107390,600,450,130.63900756835938,41.81684875488281,18259
ISIC_1107534,600,450,147.3237762451172,31.1527042388916,39265
ISIC_1110074,600,450,126.66362762451172,35.082366943359375,36715
ISIC_1110722,600,450,142.5229034423828,27.409873962402344,36788
ISIC_1111101,600,450,167.67921447753906,43.29099655151367,26313
ISIC_1111291,600,450,131.343017578125,28.106338500976562,32113
ISIC_1111477,600,450,153.79815673828125,25.025447845458984,25126
ISIC_1111646,600,450,129.3407440185547,34.59428024291992,41400
ISIC_1112216,600,450,128.8203582763672,31.208017349243164,43315
ISIC_1113064,600,450,162.05169677734375,43.047264099121094,40102
ISIC_1115156,600,450,142.46900939941406,15.714079856872559,26289
ISIC_1116303,600,450,146.8534698486328,20.914505004882812,26302
ISIC_1118925,600,450,107.19682312011719,37.88772201538086,22325
ISIC_1119141,600,450,123.97081756591797,36.35153579711914,30854
ISIC_1119486,600,450,146.34518432617188,40.29057312011719,37462
ISIC_1119886,600,450,135.92124938964844,24.579652786254883,19863
ISIC_1121645,600,450,182.28094482421875,55.170318603515625,25073
ISIC_1121888,600,450,133.7694091796875,65.81359100341797,24059
ISIC_1123171,600,450,130.91683959960938,42.25326156616211,54405
ISIC_1124077,600,450,147.41575622558594,19.682313919067383,24871
ISIC_1124387,600,450,146.76092529296875,22.014995574951172,34708
ISIC_1124994,600,450,182.07962036132812,51.394737243652344,34436
ISIC_1126401,600,450,218.0071563720703,38.23896026611328,19260
ISIC_1126704,600,450,121.55767059326172,25.296571731567383,32592
ISIC_1128113,600,450,130.6000518798828,40.96708297729492,41955
ISIC_1128748,600,450,131.44664001464844,27.51343536376953,24564
ISIC_1129242,600,450,143.0050506591797,35.79718017578125,47232
ISIC_1129613,600,450,164.67637634277344,40.83164596557617,33081
ISIC_1130153,600,450,122.95513153076172,42.640995025634766,52161
ISIC_1130368,600,450,134.02516174316406,36.74287414550781,34926
ISIC_1132361,600,450,129.17877197265625,22.329566955566406,23799
ISIC_1133187,600,450,154.36744689941406,18.54430389404297,21404
ISIC_1134088,600,450,144.82421875,42.12299728393555,40980
ISIC_1134411,600,450,161.19883728027344,36.040382385253906,36550
ISIC_1135159,600,450,163.19065856933594,40.79329299926758,26188
ISIC_1135277,600,450,130.98426818847656,41.8323974609375,44813
ISIC_1135697,600,450,156.5919952392578,28.73257064819336,24160
ISIC_1136259,600,450,168.6507110595703,35.1761589050293,31767
ISIC_1136271,600,450,179.6053924560547,23.026512145996094,18851
ISIC_1136498,600,450,141.34519958496094,24.199417114257812,50649
ISIC_1137894,600,450,149.9735565185547,41.2015495300293,35742
ISIC_1138088,600,450,129.75709533691406,19.775196075439453,38869
ISIC_1138771,600,450,140.0109100341797,40.87664031982422,44199
ISIC_1138976,600,450,156.04640197753906,53.21266555786133,45519
ISIC_1139673,600,450,139.82830810546875,31.21638298034668,36342
ISIC_1140407,600,450,117.08306121826172,38.302459716796875,42120
ISIC_1141942,600,450,165.73443603515625,62.30392837524414,30316
ISIC_1142211,600,450,138.0691680908203,23.268009185791016,22465
ISIC_1143783,600,450,130.13743591308594,41.524131774902344,42697
ISIC_1145018,600,450,130.51754760742188,40.141563415527344,40246
ISIC_1146500,600,450,124.04415893554688,40.759178161621094,50211
ISIC_1146594,600,450,142.07455444335938,20.413894653320312,24720
ISIC_1146954,600,450,133.7971954345703,25.659385681152344,21432
ISIC_1148803,600,450,116.32298278808594,38.584503173828125,26734
ISIC_1149850,600,450,145.56044006347656,30.95366859436035,20790
ISIC_1150454,600,450,154.02609252929688,24.55183219909668,27444
ISIC_1151008,600,450,156.68333435058594,30.34299659729004,21786
ISIC_1151059,600,450,158.9121551513672,66.27264404296875,35720
ISIC_1152260,600,450,128.30226135253906,44.3751335144043,43961
ISIC_1154162,600,450,160.13497924804688,40.838966369628906,27729
ISIC_1154207,600,450,133.647705078125,22.937942504882812,43225
ISIC_1154405,600,450,175.11131286621094,51.66902160644531,45572
ISIC_1156133,600,450,145.84957885742188,19.18599510192871,18573
ISIC_1156729,600,450,137.14785766601562,27.158756256103516,26311
ISIC_1157338,600,450,119.29481506347656,42.32830047607422,44272
ISIC_1157692,600,450,146.623779296875,33.28367614746094,75365
ISIC_1159427,600,450,159.12802124023438,26.765222549438477,27922
ISIC_1160092,600,450,126.52454376220703,40.41883850097656,34616
ISIC_1160288,600,450,160.7559814453125,31.25251007080078,21151
ISIC_1161165,600,450,136.3214874267578,34.66604995727539,38918
ISIC_1161990,600,450,122.99932861328125,44.91844177246094,40782
ISIC_1163119,600,450,138.98851013183594,54.7585563659668,38336
ISIC_1163815,600,450,160.14688110351562,33.09486389160156,26198
ISIC_1166088,600,450,158.81002807617188,25.82136344909668,22348
ISIC_1166255,600,450,146.4792022705078,30.735990524291992,36038
ISIC_1167183,600,450,103.8451919555664,36.921363830566406,46206
ISIC_1168286,600,450,184.3038787841797,21.96776008605957,30415
ISIC_1169219,600,450,167.43637084960938,29.50634002685547,19761
ISIC_1170330,600,450,141.43002319335938,21.43039894104004,26062
ISIC_1170720,600,450,140.81344604492188,28.561670303344727,29013
ISIC_1170971,600,450,130.3007049560547,39.93783187866211,45460
ISIC_1171368,600,450,134.8062286376953,11.269832611083984,24121
ISIC_1171609,600,450,139.58596801757812,20.894067764282227,41567
ISIC_1171731,600,450,140.0289306640625,30.422466278076172,25935
ISIC_1171759,600,450,137.23175048828125,41.64503860473633,27643
ISIC_1172471,600,450,120.46891784667969,46.58970642089844,47933
ISIC_1173037,600,450,123.89210510253906,37.96519088745117,35360
ISIC_1174739,600,450,142.65301513671875,30.289466857910156,24789
ISIC_1175016,600,450,117.66681671142578,45.20492172241211,42708
ISIC_1176025,600,450,161.85841369628906,25.756118774414062,19536
ISIC_1176222,600,450,122.43688201904297,32.92618942260742,23522
ISIC_1176236,600,450,143.95578002929688,33.24884796142578,29840
ISIC_1176359,600,450,130.12417602539062,43.557373046875,46254
ISIC_1176432,600,450,134.21755981445312,36.91524887084961,30870
ISIC_1176980,600,450,166.18324279785156,18.19023323059082,20468
ISIC_1177251,600,450,152.61094665527344,29.072330474853516,24458
ISIC_1177346,600,450,114.18406677246094,42.309207916259766,45325
ISIC_1179663,600,450,144.41993713378906,31.605636596679688,24962
ISIC_1179992,600,450,150.93418884277344,22.851470947265625,26902
ISIC_1181087,600,450,175.9650421142578,55.9682731628418,31609
ISIC_1181197,600,450,99.748779296875,46.17172622680664,25709
ISIC_1181436,600,450,177.42941284179688,52.36268997192383,28117
ISIC_1182214,600,450,159.2003631591797,20.2492618560791,28005
ISIC_1182747,600,450,124.10733795166016,25.749544143676758,23632
ISIC_1184775,600,450,151.59423828125,29.1459903717041,30830
ISIC_1186941,600,450,132.90843200683594,47.418731689453125,48657
ISIC_1189166,600,450,125.50281524658203,43.12283706665039,39788
ISIC_1189485,600,450,177.95240783691406,27.944000244140625,32005
ISIC_1190372,600,450,137.55072021484375,40.771514892578125,41938
ISIC_1191914,600,450,146.94284057617188,37.67133331298828,46048
ISIC_1191996,600,450,141.6875762939453,21.943889617919922,23279
ISIC_1192068,600,450,124.4451675415039,33.80314254760742,27081
ISIC_1192517,600,450,126.27571105957031,35.611419677734375,40620
ISIC_1192919,600,450,111.93453216552734,44.99106216430664,30646
ISIC_1194209,600,450,176.68148803710938,37.008365631103516,42682
ISIC_1195811,600,450,170.99571228027344,26.283498764038086,24222
ISIC_1198104,600,450,134.48358154296875,35.426883697509766,34087
ISIC_1199167,600,450,137.63775634765625,22.39006233215332,24474
ISIC_1199576,600,450,157.4760284423828,46.276554107666016,34544
ISIC_1200835,600,450,134.84019470214844,36.652286529541016,30784
ISIC_1201025,600,450,132.63253784179688,52.98398971557617,26646
ISIC_1201852,600,450,149.13502502441406,32.37884521484375,41276
ISIC_1205427,600,450,160.94622802734375,31.43352508544922,25613
ISIC_1206880,600,450,194.23324584960938,33.84282302856445,26977
ISIC_1207350,600,450,130.714111328125,27.501741409301758,28006
ISIC_1208071,600,450,101.630126953125,22.635303497314453,28973
ISIC_1209022,600,450,139.30726623535156,20.368417739868164,32316
ISIC_1210101,600,450,141.0254364013672,42.608245849609375,31070
ISIC_1210329,600,450,169.9190673828125,11.061110496520996,20843
ISIC_1210456,600,450,119.68804168701172,29.18056297302246,44505
ISIC_1212172,600,450,166.40406799316406,48.195762634277344,48021
ISIC_1212608,600,450,155.9045867919922,31.440719604492188,39757
ISIC_1215920,600,450,156.8108673095703,31.955705642700195,25428
ISIC_1217127,600,450,165.33062744140625,38.755348205566406,25703
ISIC_1217694,600,450,167.82997131347656,32.52667999267578,25560
ISIC_1218245,600,450,138.6523895263672,34.452518463134766,41473
ISIC_1218465,600,450,114.31614685058594,41.66232681274414,40494
ISIC_1219190,600,450,129.7628631591797,23.123123168945312,29761
ISIC_1219741,600,450,123.6458740234375,43.63405227661133,46959
ISIC_1220536,600,450,149.543701171875,24.75143814086914,28311
ISIC_1221689,600,450,146.48500061035156,42.27294921875,32712
ISIC_1221863,600,450,115.05803680419922,26.510831832885742,46605
ISIC_1222561,600,450,144.37538146972656,41.504581451416016,22185
ISIC_1222720,600,450,160.7587890625,37.55496597290039,25208
ISIC_1223850,600,450,147.96327209472656,33.873870849609375,63567
ISIC_1224887,600,450,124.07235717773438,53.495365142822266,41489
ISIC_1225203,600,450,111.30818939208984,45.653316497802734,51201
ISIC_1225678,600,450,201.05111694335938,39.659400939941406,18770
ISIC_1225707,600,450,109.85730743408203,45.21498107910156,45968
ISIC_1226932,600,450,125.5273666381836,33.32566833496094,35748
ISIC_1230479,600,450,142.8816375732422,33.221763610839844,29183
ISIC_1230865,600,450,124.9268569946289,27.811723709106445,34995
ISIC_1231719,600,450,158.5196075439453,46.734466552734375,27653
ISIC_1232023,600,450,150.49256896972656,40.30244445800781,38945
ISIC_1232869,600,450,131.49717712402344,30.382923126220703,32055
ISIC_1234193,600,450,163.96554565429688,37.909854888916016,25957
ISIC_1236473,600,450,171.94741821289062,24.662405014038086,54981
ISIC_1237574,600,450,125.2507553100586,42.77110290527344,31051
ISIC_1237876,600,450,152.0347900390625,70.88308715820312,32224
ISIC_1237960,600,450,151.4451904296875,35.83598709106445,33339
ISIC_1239264,600,450,140.90072631835938,35.444610595703125,31119
ISIC_1240854,600,450,128.64340209960938,42.56513977050781,59584
ISIC_1241018,600,450,114.09783935546875,54.68906784057617,22547
ISIC_1241916,600,450,155.07644653320312,21.419294357299805,18199
ISIC_1242474,600,450,162.37832641601562,20.07938003540039,17687
ISIC_1242913,600,450,128.00558471679688,36.65937042236328,33559
ISIC_1243858,600,450,146.92320251464844,39.058902740478516,52779
ISIC_1243982,600,450,159.39193725585938,42.788291931152344,38379
ISIC_1244447,600,450,150.9722900390625,20.379314422607422,25007
ISIC_1244450,600,450,117.96116638183594,54.22651672363281,55974
ISIC_1245273,600,450,116.47904968261719,40.284671783447266,42007
ISIC_1249178,600,450,167.24966430664062,27.999021530151367,49175
ISIC_1249375,600,450,129.26495361328125,44.85390090942383,41698
ISIC_1252883,600,450,162.94178771972656,23.567556381225586,25312
ISIC_1253452,600,450,126.30536651611328,30.018226623535156,49523
ISIC_1255149,600,450,142.00572204589844,10.916150093078613,17130
ISIC_1255346,600,450,135.79383850097656,28.524019241333008,40556
ISIC_1255617,600,450,167.7311248779297,27.51627540588379,36670
ISIC_1255858,600,450,154.0145263671875,47.86384963989258,26485
ISIC_1258360,600,450,140.88677978515625,21.80523681640625,22906
ISIC_1260636,600,450,151.67491149902344,39.83683776855469,22556
ISIC_1261497,600,450,124.82687377929688,47.85657501220703,30826
ISIC_1261731,600,450,157.8274383544922,28.389986038208008,26193
ISIC_1262493,600,450,132.21482849121094,31.33118438720703,39972
ISIC_1262809,600,450,122.80684661865234,36.272308349609375,40589
ISIC_1264034,600,450,143.8076629638672,39.521793365478516,26865
ISIC_1266614,600,450,134.2427978515625,22.255592346191406,31159
ISIC_1268914,600,450,143.81362915039062,42.07136917114258,42730
ISIC_1272082,600,450,139.57400512695312,39.783897399902344,39630
ISIC_1272616,600,450,142.35743713378906,12.755697250366211,17988
ISIC_1275047,600,450,127.49995422363281,42.054744720458984,44780
ISIC_1275089,600,450,143.8227996826172,28.827604293823242,34318
ISIC_1275437,600,450,164.34727478027344,25.834632873535156,38695
ISIC_1276558,600,450,153.14366149902344,17.04557228088379,26268
ISIC_1276590,600,450,143.07815551757812,28.19944953918457,20315
ISIC_1279315,600,450,164.95040893554688,20.697864532470703,19747
ISIC_1279652,600,450,139.40219116210938,20.677045822143555,24990
ISIC_1280046,600,450,154.01918029785156,34.78992462158203,33562
ISIC_1281398,600,450,125.59723663330078,28.274782180786133,26611
ISIC_1281967,600,450,108.73783874511719,35.11589431762695,26707
ISIC_1282117,600,450,171.80331420898438,63.89186096191406,30328
ISIC_1283766,600,450,182.96461486816406,50.563209533691406,25922
ISIC_1284470,600,450,140.55694580078125,30.246496200561523,28063
ISIC_1285374,600,450,163.68902587890625,13.393630027770996,33525
ISIC_1285744,600,450,160.2067108154297,30.330747604370117,36142
ISIC_1285798,600,450,165.4010772705078,44.53105163574219,30369
ISIC_1285909,600,450,164.17990112304688,28.604217529296875,22117
ISIC_1285977,600,450,150.81512451171875,24.740137100219727,40827
ISIC_1286685,600,450,136.72003173828125,39.16918182373047,35875
ISIC_1287935,600,450,141.93788146972656,50.39104461669922,38513
ISIC_1290781,600,450,122.68573760986328,36.89805221557617,33608
ISIC_1291218,600,450,127.38512420654297,33.04612350463867,59376
ISIC_1291833,600,450,163.6598663330078,32.73188781738281,30889
ISIC_1293046,600,450,128.23294067382812,57.13072204589844,31033
ISIC_1295245,600,450,123.1434555053711,34.223915100097656,38361
ISIC_1298204,600,450,151.21499633789062,42.22925567626953,50694
ISIC_1300480,600,450,139.90444946289062,37.66039276123047,45352
ISIC_1301371,600,450,124.51724243164062,41.633853912353516,37419
ISIC_1301817,600,450,95.66291046142578,48.2288818359375,25541
ISIC_1302258,600,450,138.63804626464844,55.47628402709961,30924
ISIC_1303477,600,450,148.96206665039062,19.95288848876953,20799
ISIC_1305247,600,450,163.77432250976562,26.60198211669922,23723
ISIC_1306180,600,450,144.28736877441406,43.32220458984375,35711
ISIC_1307470,600,450,160.48672485351562,31.30301856994629,19229
ISIC_1308671,600,450,153.77622985839844,31.41768455505371,36881
ISIC_1308871,600,450,140.91685485839844,24.722698211669922,30413
ISIC_1309001,600,450,135.90859985351562,22.967548370361328,24163
ISIC_1309626,600,450,170.59474182128906,20.363292694091797,25065
ISIC_1310746,600,450,166.03848266601562,26.398569107055664,20873
ISIC_1311673,600,450,116.92027282714844,41.044429779052734,52756
ISIC_1313208,600,450,184.7904052734375,37.002742767333984,30594
ISIC_1315894,600,450,183.45680236816406,13.959967613220215,30769
ISIC_1316170,600,450,114.03689575195312,46.905818939208984,59750
ISIC_1316256,600,450,149.06228637695312,50.683815002441406,45140
ISIC_1317686,600,450,163.27708435058594,25.76405143737793,24029
ISIC_1318325,600,450,162.7170867919922,26.696317672729492,26191
ISIC_1319737,600,450,140.06118774414062,16.538368225097656,21604
ISIC_1320525,600,450,160.5880889892578,41.79674530029297,22595
ISIC_1320739,600,450,119.11399841308594,34.638145446777344,36108
ISIC_1322016,600,450,127.89041137695312,47.022857666015625,66824
ISIC_1322802,600,450,152.86280822753906,29.70576286315918,24070
ISIC_1323177,600,450,149.98577880859375,22.993127822875977,25944
ISIC_1325383,600,450,134.0624237060547,22.794689178466797,26230
ISIC_1325809,600,450,164.36216735839844,22.580102920532227,44093
ISIC_1326092,600,450,191.5992889404297,55.13911819458008,32363
ISIC_1326309,600,450,113.83867645263672,24.693819046020508,26366
ISIC_1327102,600,450,161.24810791015625,38.390655517578125,44065
ISIC_1327315,600,450,151.11355590820312,14.576930046081543,18998
ISIC_1329019,600,450,193.0603485107422,28.292373657226562,17897
ISIC_1329438,600,450,111.80501556396484,28.920860290527344,29585
ISIC_1330625,600,450,121.46894836425781,43.69334411621094,27504
ISIC_1330675,600,450,111.55876922607422,52.47734069824219,39574
ISIC_1331527,600,450,91.76640319824219,32.19949722290039,40812
ISIC_1332174,600,450,122.91284942626953,31.5001277923584,28581
ISIC_1332797,600,450,129.9183349609375,41.789588928222656,35531
ISIC_1334612,600,450,129.063720703125,17.24518394470215,21236
ISIC_1335240,600,450,167.94891357421875,33.82412338256836,18979
ISIC_1335894,600,450,145.6349334716797,13.993228912353516,23329
ISIC_1338257,600,450,120.3028335571289,42.2877311706543,48502
ISIC_1338697,600,450,145.82872009277344,46.75743865966797,50872
ISIC_1338973,600,450,136.9848175048828,34.802459716796875,37146
ISIC_1339166,600,450,155.15147399902344,38.56492233276367,35350
ISIC_1339797,600,450,183.4325714111328,27.036157608032227,44790
ISIC_1341677,600,450,134.00515747070312,22.278587341308594,19636
ISIC_1342857,600,450,143.59674072265625,24.228300094604492,27549
ISIC_1343499,600,450,130.256591796875,36.91016387939453,30901
ISIC_1344355,600,450,130.05967712402344,25.88687515258789,28532
ISIC_1344587,600,450,171.3822479248047,38.87997055053711,37823
ISIC_1344833,600,450,166.35659790039062,17.77180290222168,20740
ISIC_1345175,600,450,159.4465789794922,32.770477294921875,40571
ISIC_1346199,600,450,122.3529281616211,41.586021423339844,38082
ISIC_1346867,600,450,142.2117462158203,10.494601249694824,18539
ISIC_1347520,600,450,119.22152709960938,45.44398498535156,45847
ISIC_1347581,600,450,148.73863220214844,18.823802947998047,25733
ISIC_1347975,600,450,120.35013580322266,23.50945281982422,39974
ISIC_1348618,600,450,111.15225982666016,20.84815216064453,29736
ISIC_1350051,600,450,166.63970947265625,49.76407241821289,27532
ISIC_1350578,600,450,135.23866271972656,31.549863815307617,31311
ISIC_1352448,600,450,128.57289123535156,32.03889083862305,32005
ISIC_1353980,600,450,130.0322723388672,43.716880798339844,44950
ISIC_1354875,600,450,126.2713394165039,29.440330505371094,51774
ISIC_1355075,600,450,132.75637817382812,41.10860061645508,48387
ISIC_1355713,600,450,126.19385528564453,43.274837493896484,40474
ISIC_1357348,600,450,125.11075592041016,47.3487548828125,47467
ISIC_1359419,600,450,155.90879821777344,30.32899284362793,58482
ISIC_1360383,600,450,155.91250610351562,32.54521560668945,41329
ISIC_1362408,600,450,158.16632080078125,40.16989517211914,35858
ISIC_1362488,600,450,161.85853576660156,22.486183166503906,27412
ISIC_1364390,600,450,137.0451202392578,48.56893539428711,24135
ISIC_1364491,600,450,139.33627319335938,24.954574584960938,35376
ISIC_1364908,600,450,126.3372802734375,49.72074890136719,56548
ISIC_1364975,600,450,176.61668395996094,20.2420597076416,25868
ISIC_1365576,600,450,132.7704620361328,29.34925079345703,37011
ISIC_1365903,600,450,133.7952880859375,51.55078125,66274
ISIC_1366649,600,450,125.28097534179688,29.32429313659668,37275
ISIC_1367228,600,450,143.77194213867188,35.092864990234375,48618
ISIC_1370640,600,450,161.99110412597656,27.75912094116211,26166
ISIC_1373525,600,450,129.22816467285156,33.90849304199219,36088
ISIC_1373637,600,450,150.6340789794922,29.916046142578125,22557
ISIC_1374683,600,450,171.16244506835938,34.88572311401367,34276
ISIC_1375082,600,450,147.61471557617188,52.39677429199219,26827
ISIC_1375994,600,450,150.95339965820312,37.43952178955078,31714
ISIC_1376355,600,450,95.6485366821289,30.509334564208984,33752
ISIC_1376581,600,450,163.5992431640625,25.954971313476562,26398
ISIC_1376673,600,450,152.2271270751953,46.465309143066406,18116
ISIC_1376922,600,450,162.34864807128906,22.40331268310547,47596
ISIC_1377073,600,450,137.684326171875,23.624094009399414,34168
ISIC_1379351,600,450,133.9974365234375,20.17684555053711,25893
ISIC_1379718,600,450,132.59185791015625,43.36872482299805,49285
ISIC_1382049,600,450,145.12815856933594,29.1937313079834,44568
ISIC_1382648,600,450,126.68262481689453,33.422943115234375,24359
ISIC_1384590,600,450,187.75596618652344,34.259891510009766,25252
ISIC_1385452,600,450,129.99603271484375,22.198522567749023,27473
ISIC_1385649,600,450,112.13289642333984,32.35456848144531,15705
ISIC_1386079,600,450,171.0806884765625,53.704307556152344,54925
ISIC_1386264,600,450,133.0661163330078,22.729515075683594,28924
ISIC_1386430,600,450,155.3639678955078,29.970535278320312,27294
ISIC_1386630,600,450,119.34843444824219,26.718868255615234,34474
ISIC_1389612,600,450,173.283203125,39.5137825012207,69853
ISIC_1390589,600,450,172.444091796875,40.016441345214844,27700
ISIC_1391601,600,450,182.70989990234375,32.899078369140625,23945
ISIC_1393233,600,450,193.43150329589844,58.05281448364258,45340
ISIC_1393721,600,450,155.06312561035156,30.099119186401367,26231
ISIC_1395572,600,450,165.11558532714844,33.12456130981445,27619
ISIC_1396159,600,450,181.32574462890625,60.20117950439453,31752
ISIC_1396973,600,450,138.88836669921875,42.02485275268555,42251
ISIC_1398132,600,450,123.80765533447266,19.98116683959961,27862
ISIC_1398271,600,450,79.18546295166016,54.8962516784668,58223
ISIC_1399132,600,450,112.69327545166016,40.280433654785156,34581
ISIC_1403022,600,450,159.4899139404297,31.67432403564453,32420
ISIC_1403739,600,450,138.941162109375,28.503421783447266,31575
ISIC_1405142,600,450,138.15882873535156,34.28769302368164,31135
ISIC_1405571,600,450,117.1649398803711,30.022146224975586,28747
ISIC_1408694,600,450,124.6290054321289,31.439767837524414,30268
ISIC_1408695,600,450,156.49102783203125,21.583024978637695,23228
ISIC_1409004,600,450,142.65513610839844,10.121967315673828,20071
ISIC_1409513,600,450,131.0027618408203,42.361839294433594,49905
ISIC_1411585,600,450,138.68313598632812,31.547534942626953,50052
ISIC_1411639,600,450,135.47389221191406,36.44855880737305,39687
ISIC_1412212,600,450,155.72833251953125,32.091129302978516,44634
ISIC_1412567,600,450,132.5138397216797,38.591888427734375,37409
ISIC_1414380,600,450,143.96351623535156,41.92312240600586,28135
ISIC_1415038,600,450,104.72837829589844,40.58833694458008,29617
ISIC_1416314,600,450,148.6228485107422,20.67683219909668,24046
ISIC_1417674,600,450,150.501953125,28.12567138671875,30123
ISIC_1419820,600,450,152.88951110839844,27.58133316040039,22922
ISIC_1420747,600,450,157.5736846923828,29.228593826293945,25844
ISIC_1420953,600,450,167.61439514160156,30.05713653564453,20047
ISIC_1421371,600,450,143.0961456298828,27.963411331176758,25884
ISIC_1424240,600,450,120.93871307373047,27.350210189819336,29658
ISIC_1424339,600,450,134.20266723632812,44.52077865600586,31311
ISIC_1424527,600,450,135.36720275878906,45.77509307861328,28304
ISIC_1424951,600,450,124.4968490600586,28.924381256103516,38281
ISIC_1424974,600,450,137.79034423828125,18.20108985900879,23447
ISIC_1425517,600,450,101.26617431640625,32.29608917236328,27144
ISIC_1427974,600,450,153.27891540527344,40.15575408935547,21571
ISIC_1428490,600,450,165.40313720703125,26.428714752197266,18298
ISIC_1428662,600,450,112.68667602539062,44.86380386352539,43148
ISIC_1430231,600,450,140.50393676757812,20.14071273803711,28009
ISIC_1430481,600,450,159.6254119873047,43.71607208251953,26913
ISIC_1431170,600,450,113.91162109375,32.431640625,53631
ISIC_1431910,600,450,152.58384704589844,40.495079040527344,33090
ISIC_1432182,600,450,112.7705307006836,34.51670455932617,41581
ISIC_1432273,600,450,131.27442932128906,34.843814849853516,40279
ISIC_1432476,600,450,163.43406677246094,57.36085891723633,54100
ISIC_1433868,600,450,122.18439483642578,46.90753936767578,45303
ISIC_1435330,600,450,106.10355377197266,26.287019729614258,39248
ISIC_1435734,600,450,140.30210876464844,26.072668075561523,39349
ISIC_1435896,600,450,159.70616149902344,16.00307846069336,24884
ISIC_1435977,600,450,149.74253845214844,34.01955795288086,28316
ISIC_1436009,600,450,164.69174194335938,32.24899673461914,24340
ISIC_1441039,600,450,147.19105529785156,47.91065216064453,31431
ISIC_1441135,600,450,139.85365295410156,32.411930084228516,20772
ISIC_1441409,600,450,131.06161499023438,58.11123275756836,47706
ISIC_1441997,600,450,141.4145050048828,39.90432357788086,74801
ISIC_1442874,600,450,103.55774688720703,28.346607208251953,41196
ISIC_1445820,600,450,145.35269165039062,30.475677490234375,36748
ISIC_1445991,600,450,133.9292755126953,43.34127426147461,23667
ISIC_1446269,600,450,196.9394989013672,34.19918441772461,24756
ISIC_1446565,600,450,93.39743041992188,30.581893920898438,39956
ISIC_1447403,600,450,172.057861328125,27.176109313964844,31673
ISIC_1447471,600,450,134.67263793945312,39.885231018066406,43498
ISIC_1447974,600,450,106.31566619873047,44.8985710144043,46051
ISIC_1448081,600,450,129.43345642089844,37.709693908691406,32014
ISIC_1448927,600,450,170.6367645263672,53.07760238647461,54980
ISIC_1453805,600,450,148.39227294921875,24.077600479125977,22213
ISIC_1454751,600,450,162.91934204101562,41.14672088623047,28597
ISIC_1455195,600,450,152.8970489501953,34.85989761352539,60091
ISIC_1455660,600,450,159.98570251464844,25.18230628967285,21291
ISIC_1457973,600,450,159.5040740966797,29.90879249572754,24161
ISIC_1460132,600,450,155.50279235839844,52.246646881103516,25046
ISIC_1460320,600,450,141.06515502929688,20.273624420166016,25183
ISIC_1460872,600,450,166.6407928466797,28.392868041992188,28417
ISIC_1462182,600,450,145.93667602539062,34.26521682739258,30709
ISIC_1462492,600,450,158.53773498535156,24.501441955566406,26564
ISIC_1462656,600,450,120.00007629394531,46.65027618408203,49199
ISIC_1464471,600,450,139.15185546875,21.14789581298828,23581
ISIC_1464557,600,450,150.6382293701172,15.332413673400879,22303
ISIC_1465068,600,450,142.23170471191406,28.697385787963867,34885
ISIC_1465204,600,450,160.4618377685547,13.423524856567383,20898
ISIC_1468180,600,450,127.89065551757812,47.52801513671875,49568
ISIC_1468332,600,450,180.38771057128906,41.087894439697266,31764
ISIC_1468532,600,450,186.0257568359375,27.308422088623047,46638
ISIC_1471558,600,450,157.6743621826172,47.51237869262695,41077
ISIC_1472142,600,450,147.86233520507812,19.037508010864258,19222
ISIC_1472934,600,450,136.9362030029297,38.141605377197266,21798
ISIC_1472958,600,450,152.84605407714844,30.515581130981445,24715
ISIC_1473683,600,450,143.85946655273438,31.921648025512695,29245
ISIC_1473845,600,450,137.43251037597656,30.586151123046875,28917
ISIC_1474193,600,450,124.88652038574219,40.3060417175293,41504
ISIC_1476780,600,450,140.94256591796875,24.82008171081543,54987
ISIC_1476847,600,450,154.80535888671875,22.080394744873047,43979
ISIC_1476980,600,450,131.60238647460938,23.662498474121094,52149
ISIC_1477042,600,450,114.7654800415039,36.364105224609375,31932
ISIC_1477798,600,450,153.23306274414062,26.07499885559082,19367
ISIC_1479765,600,450,158.4950408935547,59.328697204589844,48627
ISIC_1480200,600,450,160.9739990234375,55.83614730834961,34377
ISIC_1481015,600,450,107.35276794433594,26.44610595703125,25911
ISIC_1482437,600,450,173.2977752685547,7.724862575531006,16010
ISIC_1482636,600,450,143.93368530273438,33.29834747314453,33464
ISIC_1482756,600,450,110.39290618896484,37.88071823120117,45976
ISIC_1484276,600,450,138.5108184814453,21.63121223449707,26683
ISIC_1484722,600,450,139.32742309570312,18.038354873657227,24808
ISIC_1485174,600,450,136.5399169921875,37.99059295654297,29290
ISIC_1485788,600,450,116.88793182373047,40.2593994140625,37164
ISIC_1487636,600,450,143.17568969726562,28.926149368286133,40751
ISIC_1490894,600,450,115.13185119628906,32.817874908447266,24711
ISIC_1490956,600,450,158.20755004882812,26.83273696899414,25038
ISIC_1491798,600,450,144.46484375,33.225276947021484,31601
ISIC_1492266,600,450,118.4303207397461,43.330657958984375,69949
ISIC_1492834,600,450,138.98231506347656,32.493736267089844,48092
ISIC_1492844,600,450,130.68260192871094,33.06222152709961,48037
ISIC_1494360,600,450,135.1873321533203,47.754642486572266,26172
ISIC_1494890,600,450,120.54004669189453,42.32206726074219,52766
ISIC_1495576,600,450,163.24862670898438,15.606062889099121,15555
ISIC_1496714,600,450,123.30543518066406,39.265132904052734,40073
ISIC_1496736,600,450,141.72293090820312,38.31880187988281,38714
ISIC_1498519,600,450,130.66067504882812,45.57025146484375,46275
ISIC_1498924,600,450,159.82676696777344,32.841087341308594,30108
ISIC_1499717,600,450,150.19097900390625,28.923738479614258,29850
ISIC_1500076,600,450,153.2838592529297,46.3834342956543,34559
ISIC_1500894,600,450,109.03771209716797,36.9987678527832,31790
ISIC_1501988,600,450,150.24603271484375,39.07444381713867,23628
ISIC_1502467,600,450,163.31777954101562,30.415199279785156,25219
ISIC_1502836,600,450,153.78228759765625,29.885028839111328,27147
ISIC_1503289,600,450,151.7155303955078,25.726228713989258,43252
ISIC_1504106,600,450,121.3338851928711,23.85993194580078,32844
ISIC_1504731,600,450,123.12896728515625,31.9154052734375,35974
ISIC_1504993,600,450,133.69894409179688,40.26365661621094,50546
ISIC_1505022,600,450,139.2578887939453,19.257402420043945,26858
ISIC_1505378,600,450,153.24874877929688,27.840116500854492,23481
ISIC_1506683,600,450,119.22547912597656,38.123085021972656,40360
ISIC_1508418,600,450,111.83682250976562,42.49932098388672,39786
ISIC_1509602,600,450,132.1899871826172,21.643409729003906,41361
ISIC_1509648,600,450,160.10919189453125,30.284706115722656,23656
ISIC_1510512,600,450,204.81353759765625,61.49464797973633,22791
ISIC_1512530,600,450,148.307373046875,33.42549133300781,27697
ISIC_1513850,600,450,149.60939025878906,43.3350944519043,33870
ISIC_1517003,600,450,160.27931213378906,27.921863555908203,21940
ISIC_1518748,600,450,124.05989074707031,46.36121368408203,40775
ISIC_1520820,600,450,214.1739501953125,31.593952178955078,25481
ISIC_1521786,600,450,168.01222229003906,47.44864273071289,47720
ISIC_1525827,600,450,121.4526596069336,41.95553207397461,54944
ISIC_1526527,600,450,194.09893798828125,57.20118713378906,30579
ISIC_1528651,600,450,165.20761108398438,21.544036865234375,26856
ISIC_1529132,600,450,153.83262634277344,33.422523498535156,32059
ISIC_1529815,600,450,166.33108520507812,40.42763900756836,28225
ISIC_1531730,600,450,149.64442443847656,25.776512145996094,64700
ISIC_1532506,600,450,174.2256622314453,59.73786163330078,27588
ISIC_1532756,600,450,120.21932220458984,33.58663558959961,31759
ISIC_1533060,600,450,169.2303466796875,36.25962448120117,32957
ISIC_1533241,600,450,127.51692199707031,38.53678894042969,39001
ISIC_1534516,600,450,171.57943725585938,31.14513397216797,40738
ISIC_1535158,600,450,128.87234497070312,31.918411254882812,32328
ISIC_1536147,600,450,123.3978271484375,38.00826644897461,28863
ISIC_1536379,600,450,129.00662231445312,26.142608642578125,41317
ISIC_1536385,600,450,171.11227416992188,37.88845443725586,22653
ISIC_1536397,600,450,144.85235595703125,51.862667083740234,26502
ISIC_1537733,600,450,116.57366180419922,46.35505294799805,49189
ISIC_1537765,600,450,148.8131866455078,48.55572509765625,27991
ISIC_1537920,600,450,146.40750122070312,67.2941665649414,25368
ISIC_1538266,600,450,159.49398803710938,29.82383155822754,30867
ISIC_1538553,600,450,149.0135955810547,46.38202667236328,36535
ISIC_1539068,600,450,176.39344787597656,23.422304153442383,34465
ISIC_1541840,600,450,138.26039123535156,21.425338745117188,24239
ISIC_1544622,600,450,120.36035919189453,34.8050422668457,16179
ISIC_1545290,600,450,139.02003479003906,35.17113494873047,28880
ISIC_1546433,600,450,122.19889068603516,53.40250778198242,48018
ISIC_1547758,600,450,124.6743392944336,41.53335189819336,39125
ISIC_1548274,600,450,147.81251525878906,30.3552188873291,25926
ISIC_1549163,600,450,174.19483947753906,13.229166984558105,17572
ISIC_1550198,600,450,134.258056640625,33.275367736816406,26933
ISIC_1552060,600,450,156.14306640625,51.29258728027344,39304
ISIC_1552276,600,450,161.1951141357422,32.46410369873047,27147
ISIC_1552944,600,450,146.5264892578125,22.657495498657227,40637
ISIC_1556154,600,450,132.5977020263672,21.34953498840332,23766
ISIC_1556864,600,450,160.98822021484375,38.665138244628906,42016
ISIC_1557842,600,450,130.8355255126953,26.77847671508789,30940
ISIC_1557986,600,450,153.22259521484375,23.44606590270996,29651
ISIC_1558061,600,450,145.32855224609375,44.94944381713867,46043
ISIC_1559307,600,450,172.31842041015625,21.443944931030273,40253
ISIC_1560650,600,450,138.80055236816406,34.56755828857422,43721
ISIC_1561841,600,450,97.67005157470703,28.975488662719727,36420
ISIC_1562789,600,450,117.87547302246094,31.09739112854004,38599
ISIC_1564298,600,450,125.6966552734375,30.20449447631836,31610
ISIC_1566328,600,450,122.10269927978516,42.35981369018555,34859
ISIC_1567381,600,450,141.12380981445312,22.20347023010254,28027
ISIC_1568395,600,450,165.3026580810547,34.47703170776367,44855
ISIC_1568985,600,450,134.20950317382812,43.04997253417969,41642
ISIC_1569303,600,450,153.76852416992188,34.936614990234375,39730
ISIC_1569850,600,450,139.6626434326172,27.221202850341797,26447
ISIC_1570827,600,450,153.9512939453125,14.673834800720215,25421
ISIC_1571056,600,450,163.84396362304688,33.71165466308594,46038
ISIC_1571470,600,450,184.96173095703125,32.9200553894043,26918
ISIC_1573011,600,450,123.1508560180664,40.82894515991211,46075
ISIC_1574997,600,450,166.12063598632812,21.73650550842285,19866
ISIC_1575643,600,450,120.94789123535156,40.199642181396484,42539
ISIC_1576697,600,450,155.29061889648438,28.250011444091797,33781
ISIC_1577177,600,450,136.88294982910156,32.83015441894531,38405
ISIC_1579405,600,450,175.71087646484375,46.09310531616211,26927
ISIC_1580681,600,450,163.7354736328125,34.83378219604492,24794
ISIC_1580971,600,450,130.85098266601562,31.640588760375977,36391
ISIC_1581919,600,450,123.85809326171875,33.927825927734375,30394
ISIC_1582241,600,450,146.4485626220703,30.643360137939453,25321
ISIC_1583880,600,450,134.54251098632812,39.70327377319336,33802
ISIC_1584796,600,450,116.8361587524414,53.98844909667969,35933
ISIC_1585394,600,450,131.96353149414062,29.06570053100586,49200
ISIC_1587160,600,450,158.07479858398438,37.613521575927734,23944
ISIC_1587418,600,450,179.21923828125,37.241737365722656,20849
ISIC_1589705,600,450,143.87400817871094,24.27814483642578,54604
ISIC_1589936,600,450,148.51251220703125,54.26129150390625,31666
ISIC_1590931,600,450,140.25303649902344,47.55516052246094,25354
ISIC_1591432,600,450,128.18240356445312,30.006763458251953,32805
ISIC_1592625,600,450,113.9130859375,38.42449188232422,42169
ISIC_1592988,600,450,137.55267333984375,22.562519073486328,25569
ISIC_1593018,600,450,148.55970764160156,30.187721252441406,36150
ISIC_1593041,600,450,132.37435913085938,37.75239181518555,39443
ISIC_1593079,600,450,145.41773986816406,36.339393615722656,50185
ISIC_1594005,600,450,162.18557739257812,24.293624877929688,21595
ISIC_1594200,600,450,158.17466735839844,47.24214553833008,42341
ISIC_1594291,600,450,139.6295166015625,22.969602584838867,23410
ISIC_1595205,600,450,147.07469177246094,22.473194122314453,23330
ISIC_1595455,600,450,162.02627563476562,25.466062545776367,23123
ISIC_1597370,600,450,123.53170013427734,32.86771774291992,52250
ISIC_1597659,600,450,126.9943618774414,20.87863540649414,28579
ISIC_1597752,600,450,150.6865997314453,15.480500221252441,19969
ISIC_1598653,600,450,120.901123046875,34.314388275146484,37649
ISIC_1598694,600,450,128.93301391601562,28.414264678955078,31219
ISIC_1598799,600,450,150.12428283691406,50.261837005615234,31767
ISIC_1599277,600,450,123.66788482666016,38.03421401977539,33349
ISIC_1600135,600,450,163.00296020507812,33.987632751464844,25600
ISIC_1602215,600,450,166.72921752929688,35.695404052734375,40097
ISIC_1602614,600,450,134.18951416015625,11.398869514465332,19949
ISIC_1603122,600,450,112.8601303100586,23.05201530456543,41984
ISIC_1603737,600,450,117.47747039794922,41.661128997802734,34144
ISIC_1603958,600,450,219.9520721435547,17.073596954345703,25223
ISIC_1604088,600,450,155.1024169921875,56.966556549072266,30676
ISIC_1606234,600,450,114.5362548828125,30.596622467041016,38287
ISIC_1606726,600,450,150.20721435546875,21.070999145507812,22137
ISIC_1607224,600,450,151.77780151367188,34.39522171020508,26610
ISIC_1607500,600,450,152.5878448486328,45.106895446777344,33291
ISIC_1607939,600,450,108.0909423828125,39.818687438964844,31446
ISIC_1609351,600,450,158.8858642578125,20.658607482910156,22850
ISIC_1610084,600,450,137.82012939453125,36.83818817138672,51039
ISIC_1610798,600,450,128.43017578125,32.6771240234375,30100
ISIC_1612482,600,450,113.34295654296875,26.076982498168945,16341
ISIC_1614480,600,450,126.83391571044922,22.907453536987305,27685
ISIC_1615543,600,450,123.54410552978516,40.72399139404297,43891
ISIC_1616470,600,450,145.0511474609375,21.492820739746094,32349
ISIC_1617856,600,450,125.27385711669922,42.35154342651367,45347
ISIC_1618649,600,450,136.70156860351562,49.60238265991211,46810
ISIC_1620077,600,450,150.92543029785156,24.19039535522461,19350
ISIC_1621625,600,450,163.8460235595703,40.24712371826172,28709
ISIC_1621985,600,450,145.92288208007812,30.81751251220703,39574
ISIC_1622952,600,450,82.96465301513672,45.854331970214844,25611
ISIC_1623104,600,450,160.56707763671875,19.854352951049805,19799
ISIC_1623626,600,450,187.47215270996094,41.69458770751953,47171
ISIC_1624532,600,450,140.17361450195312,29.095142364501953,41678
ISIC_1625882,600,450,167.343017578125,28.50389289855957,21562
ISIC_1627498,600,450,144.72537231445312,13.07666301727295,21315
ISIC_1630601,600,450,157.22593688964844,42.82814025878906,35673
ISIC_1631620,600,450,166.17398071289062,12.961773872375488,17646
ISIC_1631867,600,450,140.7653045654297,34.782508850097656,40156
ISIC_1634592,600,450,117.41734313964844,24.621192932128906,46049
ISIC_1635697,600,450,163.3439178466797,39.8563346862793,24047
ISIC_1636355,600,450,166.75448608398438,63.24150466918945,26468
ISIC_1636685,600,450,153.2496795654297,31.491701126098633,44473
ISIC_1637550,600,450,129.78738403320312,35.384376525878906,38279
ISIC_1639468,600,450,155.91094970703125,26.082763671875,24977
ISIC_1642723,600,450,129.01548767089844,25.865196228027344,25064
ISIC_1643848,600,450,151.7796173095703,32.953128814697266,24176
ISIC_1644500,600,450,142.18350219726562,30.953889846801758,32865
ISIC_1644843,600,450,173.53599548339844,24.74970817565918,24956
ISIC_1645642,600,450,185.03721618652344,36.8622932434082,37140
ISIC_1646339,600,450,129.662109375,55.12678527832031,46792
ISIC_1646416,600,450,129.8974609375,22.92568588256836,34153
ISIC_1647421,600,450,99.5235366821289,32.19369888305664,37070
ISIC_1647954,600,450,146.27554321289062,46.37870788574219,49453
ISIC_1649393,600,450,125.31788635253906,36.9725341796875,45483
ISIC_1649481,600,450,171.88088989257812,28.792301177978516,34507
ISIC_1649554,600,450,196.45950317382812,40.12403869628906,28393
ISIC_1652393,600,450,165.9720458984375,18.627832412719727,17080
ISIC_1652809,600,450,140.4962615966797,50.99661636352539,57084
ISIC_1653372,600,450,159.6009521484375,45.52322006225586,33957
ISIC_1653953,600,450,120.25129699707031,66.77262878417969,35589
ISIC_1655136,600,450,131.2176971435547,62.115135192871094,23797
ISIC_1656238,600,450,167.77923583984375,39.23990249633789,26642
ISIC_1656295,600,450,140.8695831298828,34.926422119140625,20760
ISIC_1656419,600,450,192.6541290283203,38.758609771728516,35832
ISIC_1657319,600,450,162.6993408203125,21.54532241821289,18645
ISIC_1657968,600,450,162.2303466796875,23.090274810791016,34130
ISIC_1658137,600,450,163.24908447265625,21.162334442138672,17921
ISIC_1658514,600,450,176.71981811523438,61.52566146850586,27300
ISIC_1658566,600,450,154.76913452148438,30.00538444519043,25978
ISIC_1659815,600,450,161.43359375,52.94980239868164,33598
ISIC_1660154,600,450,153.97251892089844,32.555294036865234,38112
ISIC_1660394,600,450,178.09906005859375,27.681482315063477,33677
ISIC_1662993,600,450,126.7561264038086,30.317853927612305,33848
ISIC_1663532,600,450,142.8109130859375,14.941320419311523,23602
ISIC_1664514,600,450,140.9185791015625,17.216136932373047,20591
ISIC_1665727,600,450,194.5931854248047,28.55943489074707,33024
ISIC_1666328,600,450,149.60159301757812,36.69913864135742,30178
ISIC_1666674,600,450,149.6476593017578,32.095924377441406,51085
ISIC_1667014,600,450,170.03614807128906,22.073511123657227,19644
ISIC_1668550,600,450,155.5849609375,25.366395950317383,23754
ISIC_1670166,600,450,143.2149658203125,21.59622573852539,25574
ISIC_1672301,600,450,171.87571716308594,38.16557693481445,39646
ISIC_1673396,600,450,148.03672790527344,24.7176513671875,20726
ISIC_1675235,600,450,156.19642639160156,31.671770095825195,26431
ISIC_1675475,600,450,158.11610412597656,23.765674591064453,24780
ISIC_1675975,600,450,141.84701538085938,30.597206115722656,19180
ISIC_1677408,600,450,135.21206665039062,41.476436614990234,46128
ISIC_1679185,600,450,157.43312072753906,28.04863166809082,28190
ISIC_1679242,600,450,177.77197265625,32.111995697021484,37322
ISIC_1681382,600,450,141.31362915039062,32.77509307861328,24513
ISIC_1683911,600,450,151.3841552734375,31.29799461364746,24312
ISIC_1683950,600,450,178.57058715820312,20.123567581176758,23584
ISIC_1684388,600,450,122.44681549072266,41.84341049194336,46510
ISIC_1685767,600,450,132.2171173095703,22.554323196411133,28944
ISIC_1686930,600,450,136.33721923828125,33.707191467285156,37156
ISIC_1688152,600,450,176.28903198242188,42.49588394165039,39776
ISIC_1689464,600,450,147.9681854248047,36.10292053222656,36715
ISIC_1689523,600,450,144.3631134033203,19.657339096069336,21947
ISIC_1690729,600,450,125.98094177246094,45.1766357421875,48324
ISIC_1692214,600,450,168.78286743164062,36.29989242553711,22180
ISIC_1693712,600,450,153.081787109375,34.081031799316406,34656
ISIC_1694966,600,450,175.46392822265625,54.67658996582031,32943
ISIC_1695711,600,450,156.20391845703125,22.568157196044922,20735
ISIC_1698570,600,450,108.052734375,40.482635498046875,43107
ISIC_1699010,600,450,174.17886352539062,52.57395553588867,28104
ISIC_1700566,600,450,133.82034301757812,42.94868087768555,45320
ISIC_1700723,600,450,116.8787841796875,40.92233657836914,37372
ISIC_1700871,600,450,161.67446899414062,19.498489379882812,24358
ISIC_1701846,600,450,144.90834045410156,21.057353973388672,20679
ISIC_1701968,600,450,154.62750244140625,23.58409309387207,14991
ISIC_1706772,600,450,131.50186157226562,41.7813835144043,39229
ISIC_1707452,600,450,130.56781005859375,44.24787902832031,42883
ISIC_1708907,600,450,195.01773071289062,31.770517349243164,25763
ISIC_1709796,600,450,131.4256591796875,44.50306701660156,42933
ISIC_1710948,600,450,147.41217041015625,24.648590087890625,30650
ISIC_1711017,600,450,140.47274780273438,34.09699249267578,51619
ISIC_1711494,600,450,123.4181900024414,40.29597091674805,41079
ISIC_1712861,600,450,154.41612243652344,30.83810043334961,33225
ISIC_1714056,600,450,124.0048828125,40.73564147949219,47944
ISIC_1714093,600,450,132.87606811523438,44.92433547973633,30903
ISIC_1714713,600,450,143.69900512695312,42.18772888183594,41593
ISIC_1714879,600,450,134.97828674316406,24.94369888305664,27768
ISIC_1715773,600,450,205.89088439941406,31.2412166595459,26111
ISIC_1716731,600,450,136.41323852539062,27.937057495117188,26585
ISIC_1718325,600,450,95.42058563232422,38.2519645690918,41859
ISIC_1718501,600,450,153.7634735107422,33.1294059753418,22626
ISIC_1718630,600,450,163.22816467285156,37.810401916503906,23479
ISIC_1718779,600,450,131.5563201904297,24.808673858642578,26905
ISIC_1720500,600,450,129.0233154296875,35.0374641418457,24937
ISIC_1720538,600,450,109.60050201416016,43.103057861328125,26692
ISIC_1721377,600,450,128.04873657226562,35.993995666503906,39168
ISIC_1721507,600,450,158.43516540527344,35.60034942626953,24426
ISIC_1721747,600,450,158.3583526611328,66.52767181396484,32792
ISIC_1722763,600,450,139.34617614746094,35.738243103027344,42525
ISIC_1724838,600,450,151.8662872314453,28.13955307006836,28618
ISIC_1727258,600,450,126.80463409423828,31.81401824951172,30399
ISIC_1727539,600,450,129.81639099121094,42.56060791015625,47549
ISIC_1727938,600,450,136.12147521972656,33.09461975097656,36309
ISIC_1728615,600,450,84.95466613769531,37.612892150878906,28477
ISIC_1729396,600,450,118.07413482666016,41.708770751953125,26421
ISIC_1731382,600,450,170.4161376953125,26.457332611083984,27507
ISIC_1733416,600,450,152.2150421142578,30.582111358642578,30026
ISIC_1733540,600,450,131.2504425048828,21.819828033447266,30608
ISIC_1734487,600,450,167.24342346191406,28.274925231933594,23997
ISIC_1738259,600,450,142.08363342285156,48.44683837890625,78352
ISIC_1738383,600,450,162.78390502929688,22.46033477783203,21424
ISIC_1738482,600,450,122.05465698242188,31.586944580078125,25034
ISIC_1739633,600,450,146.91571044921875,37.89142990112305,28383
ISIC_1739677,600,450,126.96430969238281,37.58856964111328,38329
ISIC_1739775,600,450,135.680419921875,37.155941009521484,44392
ISIC_1740662,600,450,156.688232421875,33.40013122558594,25206
ISIC_1740962,600,450,125.83375549316406,28.03609275817871,26108
ISIC_1741107,600,450,138.45565795898438,37.31719207763672,31051
ISIC_1741197,600,450,115.49639129638672,19.417104721069336,20268
ISIC_1741453,600,450,122.74324035644531,27.810564041137695,32543
ISIC_1741885,600,450,125.50395202636719,80.6390151977539,35305
ISIC_1746893,600,450,151.31825256347656,39.134708404541016,26693
ISIC_1747657,600,450,149.39271545410156,31.95220375061035,27245
ISIC_1748084,600,450,149.2659912109375,42.12712478637695,35534
ISIC_1749046,600,450,154.98040771484375,75.14408874511719,29217
ISIC_1749481,600,450,130.25003051757812,32.23749542236328,30464
ISIC_1749634,600,450,114.28639221191406,43.41984939575195,53952
ISIC_1751483,600,450,164.48548889160156,28.03221893310547,39022
ISIC_1751525,600,450,131.5769500732422,41.05039596557617,47772
ISIC_1753112,600,450,114.19062805175781,45.2448616027832,46903
ISIC_1753599,600,450,136.8329620361328,33.752071380615234,27069
ISIC_1756486,600,450,148.78489685058594,65.2611083984375,30532
ISIC_1756915,600,450,162.7196807861328,35.98118591308594,28760
ISIC_1757189,600,450,141.6847381591797,11.469276428222656,20470
ISIC_1757520,600,450,141.06057739257812,29.788509368896484,49621
ISIC_1759311,600,450,137.52676391601562,23.0603084564209,30851
ISIC_1761597,600,450,165.75613403320312,29.05988121032715,25498
ISIC_1762147,600,450,164.79727172851562,56.813804626464844,33320
ISIC_1763722,600,450,170.58761596679688,54.13773727416992,34042
ISIC_1763947,600,450,145.67311096191406,50.6008186340332,21662
ISIC_1764656,600,450,128.49444580078125,37.273441314697266,45835
ISIC_1770277,600,450,149.93630981445312,32.41437911987305,25898
ISIC_1771077,600,450,129.8585662841797,36.977413177490234,53346
ISIC_1771078,600,450,121.98136138916016,37.850948333740234,51702
ISIC_1772212,600,450,115.19865417480469,33.64347457885742,25488
ISIC_1772876,600,450,159.1997528076172,40.96868896484375,35831
ISIC_1773412,600,450,133.81201171875,43.41339874267578,41664
ISIC_1774371,600,450,205.75111389160156,35.1162109375,31405
ISIC_1775540,600,450,145.30491638183594,19.787302017211914,30778
ISIC_1779747,600,450,80.33938598632812,60.33919143676758,22991
ISIC_1780120,600,450,131.3166961669922,39.968204498291016,47911
ISIC_1780213,600,450,159.9912109375,26.024497985839844,26480
ISIC_1784132,600,450,138.67129516601562,39.692970275878906,43246
ISIC_1784261,600,450,137.20098876953125,37.192623138427734,35932
ISIC_1789556,600,450,144.81944274902344,64.11473083496094,34972
ISIC_1791571,600,450,155.7271270751953,34.35770797729492,54318
ISIC_1792162,600,450,111.19126892089844,25.669702529907227,22314
ISIC_1793316,600,450,139.46084594726562,14.852338790893555,21604
ISIC_1794713,600,450,160.07855224609375,23.0579891204834,19647
ISIC_1795097,600,450,116.2905502319336,36.00400161743164,26019
ISIC_1796015,600,450,165.6664276123047,29.529434204101562,25151
ISIC_1797900,600,450,157.41856384277344,29.623769760131836,30273
ISIC_1798918,600,450,132.4299774169922,34.54344177246094,40800
ISIC_1799338,600,450,136.63816833496094,14.450373649597168,25005
ISIC_1799713,600,450,143.30690002441406,36.09558868408203,39575
ISIC_1800713,600,450,144.4348602294922,32.32698059082031,24935
ISIC_1801591,600,450,140.09523010253906,58.05774688720703,40969
ISIC_1801884,600,450,156.22837829589844,36.24704360961914,49110
ISIC_1803069,600,450,147.3948974609375,22.733537673950195,22453
ISIC_1804844,600,450,182.1092987060547,28.56840705871582,24549
ISIC_1805429,600,450,143.50949096679688,19.329519271850586,25666
ISIC_1806373,600,450,164.6265411376953,23.285991668701172,24436
ISIC_1806435,600,450,143.89488220214844,40.496337890625,31648
ISIC_1807046,600,450,128.99826049804688,27.979249954223633,44531
ISIC_1807060,600,450,158.2834014892578,28.826440811157227,29290
ISIC_1807722,600,450,155.96438598632812,36.062286376953125,35972
ISIC_1808755,600,450,138.16314697265625,30.418371200561523,28010
ISIC_1809128,600,450,149.24440002441406,42.67414474487305,39187
ISIC_1810342,600,450,142.03590393066406,24.279651641845703,29013
ISIC_1812439,600,450,118.67162322998047,41.45844268798828,40349
ISIC_1813785,600,450,133.14926147460938,54.9515380859375,29609
ISIC_1814482,600,450,140.5985565185547,24.054908752441406,26287
ISIC_1815891,600,450,183.4119110107422,56.584197998046875,29130
ISIC_1816373,600,450,145.148193359375,24.753673553466797,23245
ISIC_1816648,600,450,109.45257568359375,43.10940170288086,44328
ISIC_1816917,600,450,149.91050720214844,19.49201202392578,21833
ISIC_1816990,600,450,176.95327758789062,20.513444900512695,34470
ISIC_1817453,600,450,176.1404571533203,37.209571838378906,27013
ISIC_1817508,600,450,122.45719146728516,47.8834228515625,23529
ISIC_1818006,600,450,178.28448486328125,51.82398986816406,40020
ISIC_1818377,600,450,95.73381042480469,24.72490692138672,32795
ISIC_1818416,600,450,140.28195190429688,48.13595962524414,20411
ISIC_1820134,600,450,139.31011962890625,38.28351974487305,24812
ISIC_1820380,600,450,120.93779754638672,38.13776779174805,43615
ISIC_1821539,600,450,142.6920166015625,39.97880172729492,31481
ISIC_1822355,600,450,118.12647247314453,23.906089782714844,33972
ISIC_1823276,600,450,138.11666870117188,35.67279815673828,27920
ISIC_1825802,600,450,145.830810546875,47.92691421508789,45913
ISIC_1826131,600,450,140.21566772460938,36.137916564941406,40153
ISIC_1826258,600,450,128.44906616210938,35.780033111572266,33083
ISIC_1826564,600,450,141.8051300048828,17.10826301574707,32181
ISIC_1826997,600,450,162.99440002441406,40.032073974609375,34889
ISIC_1827820,600,450,135.04010009765625,43.904605865478516,45225
ISIC_1828118,600,450,141.92771911621094,32.33259963989258,37256
ISIC_1828288,600,450,125.20886993408203,44.85733413696289,49694
ISIC_1828351,600,450,122.61493682861328,43.98790740966797,36979
ISIC_1828562,600,450,151.87306213378906,16.712053298950195,30893
ISIC_1830722,600,450,169.1842803955078,43.00349426269531,27313
ISIC_1830925,600,450,113.76261901855469,49.530052185058594,84988
ISIC_1831934,600,450,154.17120361328125,38.838680267333984,25197
ISIC_1831940,600,450,162.843017578125,34.537452697753906,51883
ISIC_1832093,600,450,165.7467803955078,23.439176559448242,21069
ISIC_1832787,600,450,128.65869140625,22.41327667236328,25282
ISIC_1833069,600,450,142.3787078857422,21.450542449951172,19378
ISIC_1833277,600,450,140.35231018066406,36.923946380615234,60115
ISIC_1837879,600,450,139.12351989746094,25.278738021850586,32303
ISIC_1840506,600,450,144.2149658203125,16.80712890625,21247
ISIC_1841456,600,450,142.82122802734375,47.153831481933594,41450
ISIC_1841990,600,450,148.82102966308594,39.35391616821289,43086
ISIC_1843036,600,450,145.17990112304688,40.58855056762695,45856
ISIC_1843399,600,450,174.6028594970703,56.218223571777344,37281
ISIC_1844015,600,450,171.52728271484375,40.23912811279297,23165
ISIC_1844080,600,450,129.02474975585938,32.961875915527344,48384
ISIC_1844525,600,450,178.41546630859375,36.74625778198242,22657
ISIC_1844559,600,450,122.72171783447266,21.479995727539062,28067
ISIC_1845181,600,450,156.69436645507812,48.51765441894531,38792
ISIC_1845537,600,450,154.20216369628906,23.769725799560547,20732
ISIC_1845748,600,450,122.67969512939453,39.747955322265625,49855
ISIC_1845922,600,450,172.85665893554688,39.49436569213867,38964
ISIC_1848204,600,450,116.48783874511719,41.522037506103516,53933
ISIC_1849076,600,450,165.89044189453125,23.93016242980957,34235
ISIC_1849199,600,450,131.1701202392578,29.910472869873047,46522
ISIC_1850255,600,450,97.4636459350586,24.895204544067383,55493
ISIC_1853511,600,450,129.7928924560547,44.882484436035156,49345
ISIC_1855151,600,450,139.09703063964844,38.36101531982422,61166
ISIC_1856136,600,450,160.0364227294922,35.86970901489258,22236
ISIC_1858368,600,450,131.3046875,41.8893928527832,48578
ISIC_1858790,600,450,142.4589385986328,41.69882583618164,45651
ISIC_1858857,600,450,123.90754699707031,43.480430603027344,46061
ISIC_1859149,600,450,78.42286682128906,26.999752044677734,42949
ISIC_1859150,600,450,123.51612854003906,25.86000633239746,32013
ISIC_1859155,600,450,119.3073959350586,38.90866470336914,39817
ISIC_1859626,600,450,157.21615600585938,40.88493347167969,29486
ISIC_1860202,600,450,144.13119506835938,21.05917739868164,23151
ISIC_1860926,600,450,137.28018188476562,41.883445739746094,41978
ISIC_1861788,600,450,144.6388397216797,55.62652587890625,36328
ISIC_1862003,600,450,117.86052703857422,48.3443717956543,56173
ISIC_1862304,600,450,104.7584457397461,47.803077697753906,29036
ISIC_1862412,600,450,146.74514770507812,29.881011962890625,56244
ISIC_1863906,600,450,130.4583740234375,41.78422927856445,41047
ISIC_1866476,600,450,147.99362182617188,32.732933044433594,26665
ISIC_1867477,600,450,126.06951141357422,37.63996505737305,42439
ISIC_1868456,600,450,130.23599243164062,30.128684997558594,40650
ISIC_1869252,600,450,141.2691650390625,46.625038146972656,59798
ISIC_1874006,600,450,148.37196350097656,31.685195922851562,34255
ISIC_1874410,600,450,157.553955078125,18.15984535217285,21283
ISIC_1877271,600,450,111.41973114013672,40.12608337402344,48169
ISIC_1881240,600,450,176.92381286621094,50.27169418334961,32592
ISIC_1883149,600,450,125.1473617553711,39.498085021972656,44402
ISIC_1883913,600,450,136.0537109375,42.52193832397461,42939
ISIC_1884126,600,450,142.7487030029297,33.538700103759766,25096
ISIC_1884813,600,450,131.3538360595703,56.60067367553711,25836
ISIC_1886909,600,450,157.00656127929688,65.14311981201172,30501
ISIC_1887239,600,450,180.2732696533203,42.454002380371094,31219
ISIC_1887299,600,450,158.495361328125,28.234621047973633,25565
ISIC_1888829,600,450,119.08760833740234,32.23116683959961,37991
ISIC_1889858,600,450,121.8239974975586,27.913890838623047,38629
ISIC_1890330,600,450,153.2375030517578,29.64057731628418,23948
ISIC_1890998,600,450,140.7559356689453,20.35103416442871,29848
ISIC_1891312,600,450,145.4163818359375,27.062442779541016,29123
ISIC_1892349,600,450,115.94609069824219,31.684629440307617,28331
ISIC_1894495,600,450,132.068115234375,41.20091247558594,40795
ISIC_1894633,600,450,167.4522247314453,22.547740936279297,19369
ISIC_1895014,600,450,126.8330078125,31.89179801940918,42272
ISIC_1895300,600,450,132.87547302246094,36.329505920410156,40963
ISIC_1895471,600,450,151.3824005126953,34.08674621582031,26767
ISIC_1895532,600,450,119.50485229492188,32.34296417236328,46186
ISIC_1897052,600,450,132.36566162109375,30.730192184448242,34808
ISIC_1897373,600,450,125.67184448242188,36.57575607299805,43959
ISIC_1897411,600,450,150.8627166748047,42.023040771484375,32551
ISIC_1897923,600,450,149.82493591308594,28.111223220825195,24507
ISIC_1899709,600,450,136.4970245361328,32.82146453857422,28452
ISIC_1900694,600,450,129.80882263183594,43.1041374206543,49853
ISIC_1901212,600,450,170.5705108642578,24.00237464904785,16518
ISIC_1901457,600,450,122.23141479492188,18.624465942382812,22945
ISIC_1902287,600,450,161.20697021484375,29.47725486755371,42764
ISIC_1903516,600,450,160.43614196777344,20.63196563720703,26340
ISIC_1904660,600,450,196.6297607421875,20.164051055908203,30720
ISIC_1904822,600,450,119.57997131347656,42.59247970581055,38606
ISIC_1906798,600,450,143.5882110595703,23.847749710083008,23548
ISIC_1906835,600,450,136.05453491210938,34.46982955932617,30551
ISIC_1907325,600,450,105.02079772949219,32.34734344482422,53064
ISIC_1907930,600,450,134.44375610351562,39.900997161865234,38281
ISIC_1908460,600,450,168.364501953125,25.20301628112793,30791
ISIC_1909053,600,450,147.9159393310547,33.23600769042969,24089
ISIC_1909122,600,450,124.04869079589844,44.20012283325195,48667
ISIC_1909868,600,450,159.17726135253906,18.366252899169922,28961
ISIC_1915189,600,450,155.98121643066406,26.25510025024414,37763
ISIC_1916169,600,450,152.5060577392578,35.3731689453125,27124
ISIC_1916171,600,450,126.58685302734375,45.40882110595703,35968
ISIC_1916468,600,450,127.53783416748047,37.82245635986328,39880
ISIC_1917329,600,450,149.07542419433594,46.37549591064453,32232
ISIC_1919712,600,450,129.1907958984375,27.46222686767578,42463
ISIC_1922750,600,450,128.37503051757812,37.09988021850586,35626
ISIC_1923268,600,450,131.52511596679688,36.19869613647461,83928
ISIC_1923354,600,450,154.82762145996094,62.03591537475586,26402
ISIC_1923944,600,450,122.42726135253906,60.706146240234375,25390
ISIC_1926542,600,450,132.88369750976562,37.416446685791016,43303
ISIC_1926555,600,450,122.92157745361328,28.557598114013672,42338
ISIC_1926637,600,450,125.56474304199219,23.530349731445312,45675
ISIC_1927934,600,450,157.32052612304688,26.90065574645996,24891
ISIC_1928560,600,450,127.5804443359375,35.14331817626953,32423
ISIC_1929529,600,450,129.55711364746094,19.98540496826172,24893
ISIC_1932617,600,450,125.56883239746094,31.5754451751709,38782
ISIC_1932860,600,450,152.55899047851562,36.579742431640625,30606
ISIC_1933691,600,450,140.7938690185547,23.17145538330078,46440
ISIC_1934403,600,450,151.1739501953125,31.724273681640625,45660
ISIC_1936494,600,450,124.92628479003906,35.80296325683594,36489
ISIC_1936960,600,450,117.46154022216797,37.0318717956543,46147
ISIC_1937581,600,450,153.46372985839844,39.68556213378906,33100
ISIC_1938725,600,450,147.77481079101562,24.048564910888672,30791
ISIC_1938835,600,450,155.29483032226562,21.430086135864258,25568
ISIC_1940214,600,450,155.09495544433594,24.37828826904297,19006
ISIC_1940714,600,450,99.67926025390625,25.284236907958984,41362
ISIC_1942928,600,450,154.5748291015625,45.8064079284668,50045
ISIC_1942943,600,450,158.0618133544922,52.692176818847656,53590
ISIC_1943368,600,450,125.49618530273438,36.66539764404297,44183
ISIC_1943932,600,450,134.71701049804688,33.194297790527344,44209
ISIC_1947192,600,450,157.34791564941406,29.40692710876465,19591
ISIC_1947250,600,450,122.64592742919922,32.68173599243164,31775
ISIC_1948728,600,450,114.693603515625,40.68110275268555,45474
ISIC_1948930,600,450,112.89746856689453,45.74891662597656,52608
ISIC_1949396,600,450,152.15420532226562,33.213714599609375,27011
ISIC_1949643,600,450,133.12721252441406,35.52817153930664,39338
ISIC_1950578,600,450,140.06590270996094,30.87613868713379,35138
ISIC_1950997,600,450,170.8107452392578,35.7626838684082,54648
ISIC_1951029,600,450,166.00723266601562,38.87348937988281,33092
ISIC_1952689,600,450,152.4766082763672,61.515296936035156,29784
ISIC_1953687,600,450,161.13145446777344,25.36129379272461,21601
ISIC_1954444,600,450,154.03924560546875,19.27971649169922,23840
ISIC_1954450,600,450,174.77285766601562,43.82047653198242,27635
ISIC_1955839,600,450,143.28355407714844,42.99168014526367,48625
ISIC_1955962,600,450,157.03878784179688,23.93155860900879,39826
ISIC_1957687,600,450,138.877197265625,34.200660705566406,45172
ISIC_1958596,600,450,137.88150024414062,17.32262420654297,40530
ISIC_1958652,600,450,168.19174194335938,41.79697799682617,35508
ISIC_1958859,600,450,140.181396484375,22.34133529663086,30467
ISIC_1958975,600,450,178.102294921875,41.78630828857422,41384
ISIC_1959902,600,450,151.7543182373047,25.76508903503418,24691
ISIC_1960660,600,450,136.58737182617188,35.70508575439453,29522
ISIC_1961429,600,450,117.91456604003906,49.2158317565918,52016
ISIC_1961823,600,450,115.77136993408203,40.32350540161133,38492
ISIC_1962329,600,450,150.56246948242188,16.598783493041992,25086
ISIC_1963504,600,450,173.25511169433594,19.504846572875977,34999
ISIC_1963610,600,450,161.78350830078125,34.4510498046875,29064
ISIC_1964200,600,450,137.24050903320312,42.71529006958008,25810
ISIC_1966383,600,450,162.79847717285156,21.49147605895996,19501
ISIC_1967763,600,450,106.83885192871094,40.44035720825195,37954
ISIC_1967830,600,450,123.25894165039062,29.864063262939453,33220
ISIC_1969306,600,450,148.36180114746094,28.521364212036133,21432
ISIC_1970255,600,450,152.70651245117188,24.738574981689453,20986
ISIC_1970706,600,450,152.0109100341797,20.865421295166016,21333
ISIC_1970988,600,450,151.37657165527344,41.716670989990234,29640
ISIC_1971219,600,450,126.28626251220703,41.70998001098633,40713
ISIC_1972798,600,450,129.2921905517578,28.25727081298828,27333
ISIC_1973292,600,450,129.0586700439453,40.60103225708008,50725
ISIC_1974672,600,450,130.0837860107422,40.747406005859375,38456
ISIC_1975493,600,450,120.64007568359375,18.674646377563477,29141
ISIC_1977334,600,450,137.671630859375,39.80389404296875,39202
ISIC_1978418,600,450,148.80711364746094,29.434114456176758,31297
ISIC_1979828,600,450,123.7320327758789,31.290205001831055,31048
ISIC_1980584,600,450,123.81495666503906,30.13599395751953,28472
ISIC_1982635,600,450,153.04632568359375,19.35047149658203,21983
ISIC_1983761,600,450,99.96766662597656,18.003528594970703,30931
ISIC_1984602,600,450,140.84434509277344,25.928224563598633,27375
ISIC_1985350,600,450,179.0684051513672,37.4232292175293,49424
ISIC_1986655,600,450,169.73609924316406,54.728084564208984,29646
ISIC_1987185,600,450,140.83578491210938,14.666007041931152,24970
ISIC_1989317,600,450,100.33536529541016,38.92266082763672,22965
ISIC_1990181,600,450,129.72682189941406,38.1622428894043,35014
ISIC_1990401,600,450,172.90834045410156,45.640899658203125,36583
ISIC_1990436,600,450,148.8658905029297,19.9190673828125,30867
ISIC_1990622,600,450,156.4492645263672,30.32965660095215,28806
ISIC_1991989,600,450,156.6236114501953,40.83539962768555,30503
ISIC_1992710,600,450,138.09133911132812,24.412656784057617,27353
ISIC_1992759,600,450,122.7611083984375,15.759140014648438,21998
ISIC_1992999,600,450,183.32005310058594,34.135459899902344,60647
ISIC_1993005,600,450,138.8448028564453,33.056602478027344,32703
ISIC_1994166,600,450,176.9000701904297,50.19902801513672,23517
ISIC_1994938,600,450,150.41090393066406,41.375633239746094,37802
ISIC_1996268,600,450,130.57083129882812,44.30288314819336,48648
ISIC_1996485,600,450,132.31924438476562,30.260757446289062,34435
ISIC_1997944,600,450,126.45761108398438,34.29439926147461,37576
ISIC_1997951,600,450,133.0297393798828,20.855039596557617,22287
ISIC_1998166,600,450,129.462158203125,22.88678741455078,21960
ISIC_1999040,600,450,134.58126831054688,34.45454406738281,46877
ISIC_1999475,600,450,135.64337158203125,21.197824478149414,22954
ISIC_1999632,600,450,122.88119506835938,37.131534576416016,28376
ISIC_1999829,600,450,134.71412658691406,24.520282745361328,33142
ISIC_2000821,600,450,157.8956756591797,37.013423919677734,23287
ISIC_2001011,600,450,135.9000244140625,34.22171401977539,37422
ISIC_2001195,600,450,162.0923614501953,58.60765075683594,34907
ISIC_2001379,600,450,140.92724609375,11.514678001403809,22179
ISIC_2005096,600,450,189.48634338378906,42.19806671142578,39898
ISIC_2005939,600,450,131.62759399414062,40.1028938293457,36778
ISIC_2006744,600,450,107.79928588867188,65.57242584228516,30347
ISIC_2006791,600,450,115.70401000976562,41.18863296508789,39025
ISIC_2011159,600,450,155.47134399414062,47.183380126953125,33828
ISIC_2011736,600,450,143.33798217773438,37.439598083496094,33766
ISIC_2012204,600,450,198.3485107421875,22.642980575561523,42111
ISIC_2013192,600,450,160.8770751953125,33.38822555541992,18010
ISIC_2013889,600,450,119.33112335205078,38.471946716308594,41904
ISIC_2014762,600,450,121.24954986572266,29.666696548461914,29291
ISIC_2014865,600,450,124.3237533569336,16.905176162719727,20908
ISIC_2014930,600,450,148.5412139892578,33.79173278808594,36552
ISIC_2015391,600,450,149.4381103515625,36.50823974609375,57490
ISIC_2015432,600,450,159.13694763183594,47.02867126464844,46467
ISIC_2016658,600,450,140.37051391601562,36.51079177856445,51978
ISIC_2019971,600,450,157.59693908691406,42.827125549316406,35061
ISIC_2020122,600,450,158.49998474121094,19.084245681762695,23258
ISIC_2020398,600,450,120.53131103515625,21.720455169677734,27268
ISIC_2020975,600,450,153.16615295410156,31.955467224121094,26589
ISIC_2021070,600,450,164.2002410888672,34.158935546875,26525
ISIC_2021937,600,450,150.89352416992188,46.97468948364258,42750
ISIC_2022315,600,450,146.57789611816406,34.02833557128906,29347
ISIC_2022573,600,450,153.41806030273438,41.73974609375,42355
ISIC_2023313,600,450,137.839111328125,44.527862548828125,36380
ISIC_2023729,600,450,132.15992736816406,51.63873291015625,42579
ISIC_2024217,600,450,160.5640106201172,23.00711441040039,19675
ISIC_2025072,600,450,143.98399353027344,39.18666458129883,33490
ISIC_2025477,600,450,129.39393615722656,30.535619735717773,52441
ISIC_2025971,600,450,130.5137939453125,36.85819625854492,19859
ISIC_2026805,600,450,158.40701293945312,37.50358581542969,38246
ISIC_2026823,600,450,113.40630340576172,39.520660400390625,41734
ISIC_2027374,600,450,124.77809143066406,57.056419372558594,33322
ISIC_2028614,600,450,109.05719757080078,33.150882720947266,35274
ISIC_2029702,600,450,159.62265014648438,30.284435272216797,22586
ISIC_2030005,600,450,161.2006378173828,43.349464416503906,25814
ISIC_2030190,600,450,115.3467025756836,47.20663070678711,46135
ISIC_2031105,600,450,103.34229278564453,22.53435707092285,25871
ISIC_2031186,600,450,110.58023834228516,40.15213394165039,29586
ISIC_2031349,600,450,159.79818725585938,34.89830017089844,26900
ISIC_2033119,600,450,145.0366668701172,26.07601547241211,38702
ISIC_2033309,600,450,135.8207550048828,30.99736976623535,27723
ISIC_2035169,600,450,158.623046875,15.24714469909668,19219
ISIC_2036187,600,450,118.76717376708984,47.16228485107422,48347
ISIC_2036689,600,450,145.6609649658203,34.81175994873047,31959
ISIC_2036804,600,450,126.02449035644531,27.58466339111328,25134
ISIC_2036909,600,450,122.64117431640625,27.81787109375,27234
ISIC_2038683,600,450,117.6619644165039,30.422969818115234,39586
ISIC_2038875,600,450,142.84500122070312,17.735179901123047,24322
ISIC_2039556,600,450,141.62139892578125,34.11489486694336,35542
ISIC_2040238,600,450,136.92214965820312,34.177486419677734,36702
ISIC_2041668,600,450,137.43209838867188,40.30218505859375,42475
ISIC_2044054,600,450,139.32484436035156,31.697179794311523,35257
ISIC_2046323,600,450,136.82582092285156,30.624286651611328,18798
ISIC_2048164,600,450,122.96166229248047,27.553112030029297,30484
ISIC_2048857,600,450,156.61585998535156,28.06398582458496,21637
ISIC_2049002,600,450,128.4600830078125,29.346254348754883,30688
ISIC_2049806,600,450,131.7357177734375,42.94737243652344,29879
ISIC_2052135,600,450,160.894287109375,19.228561401367188,29764
ISIC_2054135,600,450,129.92184448242188,24.356977462768555,25932
ISIC_2054940,600,450,157.87452697753906,28.99167823791504,23315
ISIC_2054960,600,450,158.4232635498047,44.394248962402344,24309
ISIC_2055021,600,450,144.17396545410156,22.0527286529541,35759
ISIC_2056292,600,450,183.47254943847656,31.16737174987793,38642
ISIC_2056374,600,450,151.3445281982422,20.93247413635254,14132
ISIC_2057570,600,450,140.5952911376953,46.12000274658203,40757
ISIC_2059259,600,450,134.32766723632812,31.8975830078125,25498
ISIC_2059897,600,450,150.56027221679688,32.10051345825195,17692
ISIC_2060638,600,450,154.95437622070312,39.834434509277344,43699
ISIC_2061756,600,450,198.1839599609375,39.72349548339844,27679
ISIC_2062148,600,450,156.15518188476562,32.13772964477539,31308
ISIC_2062505,600,450,158.32540893554688,66.89883422851562,28233
ISIC_2062545,600,450,119.82486724853516,40.221275329589844,36621
ISIC_2064223,600,450,161.67958068847656,32.787384033203125,21172
ISIC_2068038,600,450,167.3602294921875,17.162918090820312,17714
ISIC_2070258,600,450,127.60723114013672,38.461814880371094,44715
ISIC_2070457,600,450,169.9986114501953,55.956356048583984,34693
ISIC_2072027,600,450,135.0341796875,35.47179412841797,39765
ISIC_2075270,600,450,145.7819366455078,32.029212951660156,31704
ISIC_2076601,600,450,155.6428985595703,33.62064743041992,33542
ISIC_2077819,600,450,122.82221984863281,35.49203109741211,46616
ISIC_2078396,600,450,131.1702880859375,39.017147064208984,33584
ISIC_2078548,600,450,173.93382263183594,21.348907470703125,26506
ISIC_2078663,600,450,157.3419647216797,24.774320602416992,42452
ISIC_2080317,600,450,170.12696838378906,32.61022186279297,43706
ISIC_2080755,600,450,120.48440551757812,25.903223037719727,30130
ISIC_2083558,600,450,128.3961944580078,49.321632385253906,53952
ISIC_2083813,600,450,131.8450927734375,34.966796875,23413
ISIC_2084154,600,450,189.73046875,30.632978439331055,32622
ISIC_2084190,600,450,143.05740356445312,12.536178588867188,18110
ISIC_2084498,600,450,129.347412109375,34.510986328125,32383
ISIC_2085484,600,450,140.24855041503906,44.200721740722656,50660
ISIC_2086625,600,450,122.94135284423828,29.192968368530273,29817
ISIC_2087207,600,450,160.82199096679688,40.07825469970703,24148
ISIC_2087722,600,450,149.5652618408203,31.98777198791504,25394
ISIC_2088161,600,450,124.030517578125,44.23469543457031,46225
ISIC_2088540,600,450,154.2772216796875,21.31052017211914,20856
ISIC_2088803,600,450,144.99270629882812,57.061702728271484,32044
ISIC_2089740,600,450,155.845947265625,48.27614974975586,44933
ISIC_2090799,600,450,138.310302734375,18.81903076171875,23672
ISIC_2090929,600,450,128.76173400878906,34.78804397583008,27077
ISIC_2091010,600,450,131.09242248535156,34.90864562988281,44730
ISIC_2091809,600,450,132.43124389648438,39.080902099609375,38751
ISIC_2093474,600,450,144.05657958984375,16.640108108520508,21861
ISIC_2093581,600,450,140.10922241210938,41.7293586730957,46758
ISIC_2093906,600,450,120.39314270019531,31.274335861206055,23418
ISIC_2094021,600,450,150.75823974609375,31.589683532714844,23853
ISIC_2094159,600,450,147.47677612304688,26.59807014465332,31848
ISIC_2094944,600,450,167.53001403808594,47.468536376953125,48148
ISIC_2097701,600,450,139.9109344482422,46.79172897338867,33134
ISIC_2098382,600,450,110.42524719238281,39.46052551269531,26047
ISIC_2099638,600,450,145.2950897216797,41.252967834472656,21488
ISIC_2100652,600,450,135.92539978027344,25.95746421813965,21109
ISIC_2100757,600,450,188.67247009277344,43.89605712890625,36028
ISIC_2100961,600,450,151.07566833496094,34.349266052246094,20456
ISIC_2102002,600,450,130.25332641601562,29.454681396484375,27330
ISIC_2104270,600,450,148.70892333984375,33.92326354980469,33113
ISIC_2105399,600,450,182.46868896484375,22.989356994628906,25354
ISIC_2106139,600,450,149.35838317871094,50.146240234375,21926
ISIC_2106664,600,450,150.3015899658203,33.558170318603516,60333
ISIC_2106983,600,450,194.50662231445312,22.2017879486084,21512
ISIC_2108278,600,450,119.3042984008789,34.99449157714844,16464
ISIC_2110451,600,450,159.50827026367188,20.947242736816406,23224
ISIC_2110641,600,450,115.60287475585938,25.221731185913086,36074
ISIC_2111264,600,450,110.11385345458984,42.240657806396484,44421
ISIC_2113163,600,450,120.68643951416016,18.73092269897461,42143
ISIC_2114322,600,450,140.21096801757812,32.19072341918945,40270
ISIC_2114789,600,450,126.92694091796875,47.85556411743164,50478
ISIC_2116783,600,450,146.3418426513672,22.505624771118164,23076
ISIC_2118149,600,450,134.31527709960938,47.08219528198242,48037
ISIC_2118620,600,450,133.50848388671875,21.322675704956055,26253
ISIC_2118898,600,450,134.72604370117188,39.93035888671875,35548
ISIC_2119364,600,450,145.65850830078125,27.839351654052734,24921
ISIC_2119936,600,450,195.83486938476562,35.653961181640625,21357
ISIC_2120680,600,450,147.2743377685547,23.147470474243164,37374
ISIC_2120971,600,450,125.6748275756836,43.82762908935547,40675
ISIC_2121573,600,450,157.03659057617188,38.19696807861328,39815
ISIC_2122406,600,450,124.79247283935547,40.91378402709961,32454
ISIC_2122704,600,450,160.74876403808594,53.45693588256836,33152
ISIC_2122841,600,450,158.72061157226562,26.018356323242188,26919
ISIC_2123542,600,450,151.72012329101562,37.12496566772461,30786
ISIC_2124339,600,450,150.9084930419922,37.816829681396484,37870
ISIC_2126637,600,450,190.0624237060547,28.472328186035156,19661
ISIC_2127182,600,450,141.55140686035156,37.3094367980957,26082
ISIC_2127883,600,450,172.2644500732422,22.630903244018555,18255
ISIC_2128019,600,450,141.7706298828125,86.69927215576172,30343
ISIC_2128070,600,450,125.29560852050781,24.332063674926758,26467
ISIC_2129613,600,450,156.04183959960938,30.573823928833008,30855
ISIC_2131769,600,450,150.59141540527344,20.067493438720703,24333
ISIC_2132224,600,450,122.62336730957031,38.180877685546875,37134
ISIC_2132766,600,450,174.85252380371094,41.37969970703125,25019
ISIC_2133291,600,450,133.2930145263672,41.66214370727539,30245
ISIC_2134211,600,450,155.0334014892578,31.956056594848633,25308
ISIC_2134793,600,450,134.37644958496094,29.8079776763916,42078
ISIC_2137894,600,450,145.65196228027344,32.44709014892578,48627
ISIC_2144270,600,450,113.99051666259766,45.659114837646484,38499
ISIC_2146381,600,450,159.9441680908203,28.090438842773438,21812
ISIC_2146757,600,450,145.66209411621094,42.18375015258789,21642
ISIC_2148280,600,450,134.86062622070312,38.908416748046875,34906
ISIC_2148749,600,450,119.0557861328125,41.028648376464844,59585
ISIC_2148940,600,450,124.14512634277344,38.895267486572266,46887
ISIC_2149064,600,450,156.74517822265625,31.584991455078125,28993
ISIC_2149284,600,450,169.6001434326172,34.565940856933594,38765
ISIC_2150126,600,450,180.04928588867188,27.210256576538086,32768
ISIC_2150484,600,450,147.2494659423828,41.72675704956055,48000
ISIC_2153011,600,450,169.8965301513672,12.291749954223633,16303
ISIC_2153022,600,450,117.04179382324219,36.417335510253906,44425
ISIC_2153383,600,450,125.98236083984375,41.308589935302734,73961
ISIC_2156383,600,450,126.3632583618164,26.5201416015625,31468
ISIC_2156824,600,450,126.31031799316406,38.36777114868164,41559
ISIC_2160112,600,450,115.87028503417969,37.330284118652344,29979
ISIC_2160854,600,450,164.5118408203125,21.348825454711914,19149
ISIC_2161258,600,450,139.7052764892578,33.35919952392578,40667
ISIC_2161394,600,450,135.6857147216797,55.525108337402344,44083
ISIC_2162606,600,450,109.54051971435547,53.25959396362305,39835
ISIC_2163581,600,450,125.27474212646484,38.39008331298828,37591
ISIC_2164186,600,450,153.74087524414062,26.574403762817383,32835
ISIC_2164257,600,450,138.7308807373047,33.11473846435547,70962
ISIC_2164571,600,450,136.4355926513672,25.2488956451416,31022
ISIC_2167116,600,450,125.59312438964844,39.7293701171875,40313
ISIC_2167653,600,450,165.18836975097656,29.768136978149414,24990
ISIC_2167765,600,450,136.07205200195312,40.77956771850586,33629
ISIC_2168892,600,450,137.4351806640625,12.87691879272461,17577
ISIC_2170617,600,450,165.4447479248047,19.45362663269043,23990
ISIC_2171027,600,450,154.89804077148438,46.50531768798828,33381
ISIC_2174727,600,450,145.9755096435547,28.610946655273438,24023
ISIC_2175735,600,450,170.66046142578125,34.8135871887207,30304
ISIC_2175811,600,450,165.9521942138672,22.198514938354492,18370
ISIC_2176321,600,450,146.96578979492188,32.90470886230469,27967
ISIC_2177016,600,450,158.80426025390625,45.49155807495117,45960
ISIC_2178421,600,450,143.9745330810547,34.476322174072266,30941
ISIC_2179705,600,450,134.94912719726562,49.065120697021484,24865
ISIC_2180502,600,450,121.29360961914062,42.770870208740234,44346
ISIC_2181342,600,450,157.4693603515625,28.54219627380371,16757
ISIC_2181594,600,450,184.29678344726562,30.29302215576172,35299
ISIC_2183361,600,450,168.19972229003906,48.266014099121094,72976
ISIC_2183795,600,450,154.00389099121094,26.2265625,26844
ISIC_2183840,600,450,175.9019317626953,33.51698684692383,37076
ISIC_2184033,600,450,166.36256408691406,37.41072082519531,52380
ISIC_2184268,600,450,107.54850006103516,63.85936737060547,40976
ISIC_2184629,600,450,153.91517639160156,24.315380096435547,36471
ISIC_2185560,600,450,128.3316192626953,35.26380157470703,32667
ISIC_2187177,600,450,74.95331573486328,31.638160705566406,22380
ISIC_2187348,600,450,143.17161560058594,19.925716400146484,26429
ISIC_2187542,600,450,148.7719268798828,30.292539596557617,33160
ISIC_2188105,600,450,131.656982421875,39.20366287231445,46814
ISIC_2188127,600,450,134.91172790527344,38.93073272705078,45177
ISIC_2188650,600,450,110.01123046875,49.87382125854492,58101
ISIC_2190119,600,450,139.2753448486328,36.905860900878906,23211
ISIC_2193524,600,450,136.8067626953125,31.426036834716797,27275
ISIC_2194194,600,450,117.34632873535156,30.607431411743164,48738
ISIC_2194211,600,450,175.40499877929688,39.85133361816406,32275
ISIC_2195775,600,450,147.26309204101562,53.24604034423828,34436
ISIC_2196622,600,450,158.38172912597656,26.760623931884766,58671
ISIC_2199762,600,450,141.6651611328125,35.51284408569336,27544
ISIC_2199778,600,450,126.5743408203125,30.613611221313477,33401
ISIC_2200184,600,450,127.13188934326172,30.516075134277344,32495
ISIC_2202352,600,450,159.67776489257812,26.610198974609375,21679
ISIC_2202519,600,450,125.84264373779297,29.98932456970215,30633
ISIC_2202736,600,450,161.62672424316406,24.062780380249023,15703
ISIC_2204119,600,450,143.0943145751953,31.569133758544922,18886
ISIC_2204145,600,450,114.94702911376953,43.96631622314453,62662
ISIC_2205154,600,450,162.01902770996094,31.202926635742188,25545
ISIC_2205187,600,450,134.43536376953125,40.53954315185547,29327
ISIC_2205902,600,450,146.22567749023438,21.837162017822266,15971
ISIC_2209183,600,450,125.12731170654297,24.58415412902832,27196
ISIC_2211437,600,450,129.51832580566406,40.14943313598633,43970
ISIC_2211674,600,450,155.4304962158203,33.883785247802734,34703
ISIC_2212095,600,450,121.66219329833984,44.35078811645508,24911
ISIC_2212859,600,450,126.52323913574219,46.02536392211914,53353
ISIC_2212922,600,450,148.5506134033203,39.21949005126953,26153
ISIC_2213095,600,450,127.0984115600586,41.20563888549805,35741
ISIC_2214376,600,450,127.28472137451172,33.7667121887207,24072
ISIC_2214683,600,450,122.94534301757812,37.511817932128906,37238
ISIC_2214696,600,450,167.5828094482422,34.85805130004883,31182
ISIC_2214827,600,450,158.05789184570312,27.351346969604492,33909
ISIC_2215299,600,450,121.04926300048828,37.92847442626953,22734
ISIC_2215472,600,450,140.60362243652344,33.133304595947266,39064
ISIC_2215653,600,450,131.82589721679688,28.767179489135742,29248
ISIC_2216126,600,450,152.3480224609375,38.553504943847656,23346
ISIC_2217722,600,450,119.06787109375,29.797651290893555,27539
ISIC_2220505,600,450,146.47647094726562,21.459474563598633,25456
ISIC_2221157,600,450,129.38893127441406,41.477901458740234,41548
ISIC_2222084,600,450,149.1194610595703,36.75542449951172,25705
ISIC_2222551,600,450,110.08259582519531,28.8798828125,56371
ISIC_2223344,600,450,144.44387817382812,35.49396514892578,31224
ISIC_2224879,600,450,154.906494140625,41.954010009765625,44044
ISIC_2225323,600,450,134.90333557128906,46.92055892944336,24126
ISIC_2226952,600,450,114.62885284423828,50.174171447753906,43052
ISIC_2226996,600,450,117.571533203125,47.95775604248047,17507
ISIC_2228341,600,450,172.88551330566406,27.618213653564453,27194
ISIC_2228525,600,450,135.10169982910156,38.4898681640625,42718
ISIC_2230113,600,450,149.46359252929688,31.644752502441406,33026
ISIC_2230159,600,450,154.6650848388672,8.102174758911133,17054
ISIC_2231359,600,450,126.25450134277344,25.0660343170166,30030
ISIC_2231864,600,450,149.14097595214844,16.50422477722168,18171
ISIC_2232926,600,450,148.06121826171875,20.29247283935547,26173
ISIC_2233726,600,450,126.92512512207031,41.093788146972656,34730
ISIC_2233787,600,450,149.99288940429688,27.253692626953125,29454
ISIC_2233970,600,450,101.32322692871094,43.18579864501953,47964
ISIC_2235918,600,450,201.60733032226562,27.502079010009766,26200
ISIC_2235964,600,450,103.2760009765625,33.604522705078125,23730
ISIC_2236717,600,450,165.1569061279297,41.34870147705078,52946
ISIC_2237025,600,450,156.1792449951172,21.368974685668945,23803
ISIC_2239440,600,450,200.01654052734375,21.41278648376465,31344
ISIC_2240330,600,450,180.9886474609375,68.81179809570312,37075
ISIC_2240444,600,450,113.232177734375,34.098453521728516,37749
ISIC_2240759,600,450,171.26356506347656,29.74036979675293,25126
ISIC_2241043,600,450,132.09547424316406,40.34469985961914,45042
ISIC_2243897,600,450,121.4422836303711,38.601905822753906,38534
ISIC_2244475,600,450,128.15121459960938,36.52033615112305,43358
ISIC_2245518,600,450,182.15667724609375,31.16336441040039,35871
ISIC_2246301,600,450,112.64125061035156,55.8094367980957,26807
ISIC_2247564,600,450,159.3642578125,23.476869583129883,20782
ISIC_2248270,600,450,163.4204864501953,61.49623107910156,37793
ISIC_2252215,600,450,131.7720489501953,20.636064529418945,27751
ISIC_2252587,600,450,168.15345764160156,23.555423736572266,19319
ISIC_2255098,600,450,111.91525268554688,24.49479103088379,23776
ISIC_2258441,600,450,151.95407104492188,42.92835235595703,49069
ISIC_2258930,600,450,169.83010864257812,42.28435516357422,30069
ISIC_2259826,600,450,127.67586517333984,25.88294219970703,30494
ISIC_2260553,600,450,146.1243896484375,29.801206588745117,32698
ISIC_2260865,600,450,184.4644317626953,45.42063903808594,36109
ISIC_2260901,600,450,125.41996765136719,22.473522186279297,24533
ISIC_2260950,600,450,126.96747589111328,33.063167572021484,43812
ISIC_2264421,600,450,140.76217651367188,20.441377639770508,23749
ISIC_2266613,600,450,121.00653839111328,31.919750213623047,45360
ISIC_2267440,600,450,157.39593505859375,42.9102897644043,25181
ISIC_2267815,600,450,118.44618225097656,21.84354591369629,39706
ISIC_2268118,600,450,159.39369201660156,34.71455001831055,27228
ISIC_2271068,600,450,112.57406616210938,62.7793083190918,22174
ISIC_2271317,600,450,168.27206420898438,21.268573760986328,32089
ISIC_2272478,600,450,125.14692687988281,40.39124298095703,21622
ISIC_2273572,600,450,132.37844848632812,40.35228729248047,38234
ISIC_2273629,600,450,122.0439224243164,42.28693389892578,45647
ISIC_2276012,600,450,177.5465545654297,52.28715896606445,36904
ISIC_2277053,600,450,172.5159912109375,40.03089904785156,38141
ISIC_2277641,600,450,138.0583038330078,25.24609375,35845
ISIC_2278278,600,450,112.87300872802734,26.284496307373047,32904
ISIC_2281577,600,450,114.6735610961914,51.9336051940918,69811
ISIC_2282699,600,450,115.04532623291016,38.40068054199219,28393
ISIC_2283574,600,450,173.1448516845703,15.065193176269531,20498
ISIC_2283635,600,450,159.41525268554688,19.264881134033203,18318
ISIC_2284196,600,450,122.987548828125,23.54233169555664,29566
ISIC_2284535,600,450,129.26284790039062,32.605106353759766,39551
ISIC_2286311,600,450,129.35836791992188,37.640750885009766,40506
ISIC_2288132,600,450,131.82308959960938,41.25400924682617,45315
ISIC_2288200,600,450,151.83834838867188,35.738670349121094,27151
ISIC_2288348,600,450,135.59986877441406,48.942100524902344,21312
ISIC_2288726,600,450,123.67521667480469,33.95264434814453,32392
ISIC_2288878,600,450,123.921875,41.54262161254883,41581
ISIC_2288953,600,450,129.28817749023438,35.52767562866211,37292
ISIC_2289203,600,450,127.44218444824219,24.932037353515625,28092
ISIC_2292844,600,450,126.87033081054688,24.443355560302734,27312
ISIC_2293465,600,450,120.06766510009766,37.16185760498047,50335
ISIC_2293783,600,450,173.97848510742188,26.015979766845703,29821
ISIC_2298923,600,450,128.7455291748047,33.608909606933594,22395
ISIC_2299814,600,450,171.79666137695312,65.58738708496094,30437
ISIC_2301560,600,450,126.20205688476562,32.78617858886719,47403
ISIC_2302262,600,450,169.21189880371094,32.6361083984375,24595
ISIC_2302491,600,450,165.37429809570312,66.02050018310547,31988
ISIC_2304241,600,450,143.74501037597656,33.60282516479492,33023
ISIC_2304487,600,450,159.31419372558594,22.41033935546875,42759
ISIC_2304788,600,450,120.68436431884766,38.403228759765625,45301
ISIC_2305246,600,450,163.64622497558594,42.43733215332031,27845
ISIC_2305541,600,450,143.17611694335938,50.84538650512695,28770
ISIC_2306278,600,450,150.7254180908203,31.6767520904541,26685
ISIC_2307453,600,450,158.49351501464844,30.207944869995117,26657
ISIC_2307898,600,450,131.72108459472656,39.421478271484375,47690
ISIC_2307999,600,450,149.44888305664062,29.32696533203125,35367
ISIC_2308076,600,450,105.64734649658203,45.28318405151367,65494
ISIC_2308599,600,450,119.79967498779297,23.147090911865234,28819
ISIC_2309647,600,450,158.1400909423828,31.006032943725586,23546
ISIC_2311853,600,450,169.1554412841797,18.382007598876953,19379
ISIC_2311991,600,450,147.35751342773438,25.76485824584961,25263
ISIC_2312468,600,450,146.39222717285156,17.189393997192383,21306
ISIC_2313224,600,450,98.47933197021484,37.71944808959961,58120
ISIC_2314639,600,450,128.7939910888672,35.91157531738281,68024
ISIC_2314682,600,450,139.36326599121094,8.493839263916016,16107
ISIC_2314908,600,450,109.1316146850586,30.50128936767578,44065
ISIC_2315875,600,450,125.28089141845703,42.59267044067383,35417
ISIC_2319242,600,450,132.43502807617188,35.51515197753906,34788
ISIC_2320042,600,450,179.82748413085938,52.94338607788086,43915
ISIC_2320067,600,450,157.8087158203125,45.29867935180664,36274
ISIC_2320348,600,450,109.5574722290039,40.23017883300781,36162
ISIC_2320596,600,450,122.33467864990234,40.33591842651367,50732
ISIC_2320914,600,450,138.0277099609375,23.124662399291992,27872
ISIC_2321009,600,450,158.80416870117188,26.17811393737793,21843
ISIC_2322021,600,450,123.99766540527344,37.17041778564453,47246
ISIC_2322494,600,450,142.3185272216797,31.828487396240234,27098
ISIC_2323046,600,450,154.3531036376953,37.9830436706543,39387
ISIC_2323653,600,450,155.47393798828125,31.525829315185547,25740
ISIC_2323901,600,450,160.8757781982422,27.619705200195312,25236
ISIC_2324630,600,450,125.5286636352539,24.460247039794922,28485
ISIC_2324691,600,450,152.16229248046875,35.511783599853516,28241
ISIC_2324920,600,450,147.94488525390625,21.24753189086914,17474
ISIC_2325423,600,450,185.01808166503906,38.909725189208984,37930
ISIC_2328093,600,450,144.89620971679688,35.473060607910156,29882
ISIC_2328520,600,450,148.82638549804688,8.175942420959473,17175
ISIC_2329035,600,450,170.35073852539062,47.2391471862793,38996
ISIC_2330431,600,450,127.29732513427734,35.50947189331055,44504
ISIC_2330723,600,450,135.07473754882812,15.690608978271484,27242
ISIC_2332226,600,450,165.53945922851562,41.46967697143555,35701
ISIC_2332805,600,450,144.85546875,32.01009750366211,26120
ISIC_2333635,600,450,141.28964233398438,40.847103118896484,46820
ISIC_2334810,600,450,150.4124298095703,30.49569320678711,23084
ISIC_2334974,600,450,153.8515625,32.166221618652344,26160
ISIC_2335013,600,450,156.84564208984375,40.18883514404297,37122
ISIC_2335025,600,450,162.36819458007812,25.58188247680664,24599
ISIC_2336223,600,450,132.5299072265625,41.103248596191406,29990
ISIC_2336235,600,450,134.81826782226562,27.14385986328125,30802
ISIC_2337700,600,450,144.77609252929688,32.81611251831055,34897
ISIC_2337998,600,450,117.81583404541016,53.018245697021484,27907
ISIC_2338396,600,450,139.8322296142578,30.114585876464844,57727
ISIC_2338734,600,450,125.96661376953125,37.599273681640625,30656
ISIC_2340328,600,450,177.49862670898438,41.2586784362793,55885
ISIC_2340494,600,450,129.80401611328125,64.38060760498047,22654
ISIC_2340822,600,450,131.50587463378906,41.70269012451172,39969
ISIC_2340945,600,450,88.62261962890625,63.84617233276367,29324
ISIC_2343149,600,450,128.7466583251953,44.76152801513672,44567
ISIC_2343962,600,450,125.49807739257812,41.244510650634766,35762
ISIC_2344703,600,450,148.88211059570312,29.863954544067383,21360
ISIC_2345535,600,450,142.8424072265625,47.742637634277344,52104
ISIC_2346201,600,450,131.60072326660156,32.918148040771484,29182
ISIC_2346672,600,450,104.91438293457031,33.236297607421875,30756
ISIC_2348044,600,450,124.35694122314453,53.90526580810547,22858
ISIC_2348795,600,450,147.98880004882812,34.56913757324219,24119
ISIC_2350590,600,450,139.369140625,45.256465911865234,41987
ISIC_2352071,600,450,129.6333465576172,28.444313049316406,28102
ISIC_2352288,600,450,101.58248138427734,37.057586669921875,27956
ISIC_2353418,600,450,147.84140014648438,32.15211486816406,32211
ISIC_2353638,600,450,159.3761444091797,37.25898742675781,25492
ISIC_2354975,600,450,154.8126983642578,36.983917236328125,28292
ISIC_2355114,600,450,143.7474822998047,34.8989143371582,31067
ISIC_2357212,600,450,161.74566650390625,19.38368797302246,26922
ISIC_2359312,600,450,151.17018127441406,39.14360427856445,20152
ISIC_2359396,600,450,136.86705017089844,29.215896606445312,50569
ISIC_2360770,600,450,139.94876098632812,37.46289825439453,36124
ISIC_2361193,600,450,128.13385009765625,27.37831687927246,45628
ISIC_2362668,600,450,148.2781219482422,30.417081832885742,15113
ISIC_2365922,600,450,167.8946533203125,31.459381103515625,40212
ISIC_2366596,600,450,145.63018798828125,24.28761100769043,26913
ISIC_2368224,600,450,137.15419006347656,47.667091369628906,38430
ISIC_2368450,600,450,126.634765625,32.08708190917969,31353
ISIC_2368759,600,450,112.13534545898438,55.041282653808594,49704
ISIC_2368856,600,450,137.3364715576172,35.839988708496094,38627
ISIC_2370968,600,450,151.33016967773438,51.265037536621094,24016
ISIC_2371823,600,450,128.727294921875,38.58588790893555,37830
ISIC_2372269,600,450,151.7946014404297,46.76457595825195,24007
ISIC_2372341,600,450,168.5121612548828,27.839052200317383,30325
ISIC_2372470,600,450,117.47525787353516,33.85686111450195,42697
ISIC_2374466,600,450,138.2501678466797,36.37065887451172,30261
ISIC_2375503,600,450,168.2486114501953,25.50438117980957,39000
ISIC_2376778,600,450,118.72085571289062,47.18964767456055,52051
ISIC_2376821,600,450,159.62847900390625,40.16456604003906,33642
ISIC_2376934,600,450,161.44309997558594,20.616649627685547,28682
ISIC_2377324,600,450,144.6433563232422,13.011855125427246,20578
ISIC_2378355,600,450,121.80769348144531,42.544124603271484,43567
ISIC_2378626,600,450,146.7151641845703,18.037866592407227,18620
ISIC_2378919,600,450,98.52312469482422,69.20926666259766,39828
ISIC_2380041,600,450,146.629150390625,14.169727325439453,20365
ISIC_2380836,600,450,121.32245635986328,43.683597564697266,24117
ISIC_2383380,600,450,130.6509552001953,19.59134292602539,21400
ISIC_2384908,600,450,123.10139465332031,39.73640441894531,48693
ISIC_2384953,600,450,161.55035400390625,35.976318359375,24476
ISIC_2387540,600,450,159.9602813720703,22.755918502807617,24880
ISIC_2388998,600,450,166.74560546875,25.457822799682617,43844
ISIC_2391545,600,450,120.03265380859375,23.367904663085938,26749
ISIC_2392847,600,450,124.69493103027344,43.142452239990234,47229
ISIC_2393561,600,450,155.6424102783203,32.05034637451172,24863
ISIC_2395293,600,450,145.5683135986328,33.354408264160156,31322
ISIC_2396618,600,450,174.36447143554688,26.572582244873047,36508
ISIC_2397388,600,450,151.55587768554688,64.72428894042969,50077
ISIC_2399021,600,450,156.18722534179688,26.32895851135254,23347
ISIC_2400614,600,450,156.42857360839844,38.63068389892578,36260
ISIC_2405387,600,450,117.80913543701172,37.52452850341797,24049
ISIC_2407507,600,450,164.7477569580078,42.96540451049805,35451
ISIC_2408893,600,450,135.67311096191406,39.45258331298828,40546
ISIC_2409346,600,450,125.027099609375,29.163286209106445,27085
ISIC_2410311,600,450,164.37860107421875,37.00551223754883,25160
ISIC_2410425,600,450,148.40472412109375,59.114898681640625,33070
ISIC_2410902,600,450,158.96826171875,40.22557830810547,28554
ISIC_2412335,600,450,124.2469711303711,44.56421661376953,44019
ISIC_2414850,600,450,114.46406555175781,41.901214599609375,46847
ISIC_2414931,600,450,147.32537841796875,39.77073287963867,37264
ISIC_2415100,600,450,117.16584777832031,40.90867233276367,43546
ISIC_2415211,600,450,153.38597106933594,20.454879760742188,38605
ISIC_2415589,600,450,135.23834228515625,81.5428466796875,39763
ISIC_2417592,600,450,137.6354217529297,29.94485855102539,34734
ISIC_2418437,600,450,149.66903686523438,39.84177780151367,25836
ISIC_2418674,600,450,162.82290649414062,36.645103454589844,24673
ISIC_2419039,600,450,149.58212280273438,16.673425674438477,21276
ISIC_2419780,600,450,155.61355590820312,21.991943359375,25512
ISIC_2420699,600,450,144.39447021484375,44.87522888183594,51646
ISIC_2422166,600,450,142.06849670410156,18.011276245117188,24944
ISIC_2424286,600,450,156.48348999023438,41.722164154052734,33872
ISIC_2424786,600,450,153.3747100830078,37.758758544921875,19461
ISIC_2425477,600,450,98.23155212402344,47.93513488769531,23739
ISIC_2425838,600,450,130.56301879882812,38.28923797607422,36687
ISIC_2426257,600,450,143.82615661621094,33.76244354248047,23733
ISIC_2426618,600,450,151.92015075683594,53.39113235473633,30189
ISIC_2427256,600,450,151.21371459960938,34.7828254699707,23692
ISIC_2427847,600,450,129.3924102783203,28.127065658569336,47018
ISIC_2429951,600,450,140.7905731201172,36.7662467956543,46639
ISIC_2431328,600,450,136.79421997070312,40.999755859375,47063
ISIC_2431538,600,450,136.70565795898438,45.561607360839844,29733
ISIC_2432981,600,450,201.1731414794922,21.254798889160156,28066
ISIC_2434031,600,450,159.82504272460938,31.989315032958984,25371
ISIC_2437084,600,450,144.09756469726562,21.600765228271484,22935
ISIC_2437960,600,450,153.5115509033203,27.30613899230957,35539
ISIC_2439000,600,450,139.1332244873047,42.39886474609375,38734
ISIC_2439277,600,450,141.1042022705078,36.39906311035156,31790
ISIC_2439944,600,450,126.03154754638672,35.523563385009766,39858
ISIC_2440553,600,450,179.0644989013672,51.19202423095703,37599
ISIC_2440983,600,450,111.03057861328125,28.638710021972656,28085
ISIC_2441019,600,450,134.80160522460938,22.17608070373535,26107
ISIC_2443095,600,450,143.9017333984375,38.372779846191406,55105
ISIC_2443273,600,450,127.94157409667969,39.05375671386719,43567
ISIC_2443446,600,450,126.76640319824219,41.8304443359375,42272
ISIC_2444876,600,450,170.1042022705078,29.038541793823242,33560
ISIC_2445691,600,450,153.8868408203125,31.688335418701172,52218
ISIC_2446716,600,450,140.18128967285156,40.00856399536133,34133
ISIC_2446922,600,450,142.8035430908203,39.877357482910156,29690
ISIC_2447346,600,450,139.90220642089844,41.18570327758789,35531
ISIC_2449691,600,450,171.34872436523438,34.42742156982422,24554
ISIC_2449826,600,450,135.56434631347656,44.099822998046875,33647
ISIC_2451051,600,450,77.41718292236328,40.46875762939453,38227
ISIC_2453345,600,450,162.43992614746094,29.25577163696289,40271
ISIC_2453582,600,450,117.49671173095703,35.746986389160156,29979
ISIC_2453811,600,450,137.83993530273438,44.4441032409668,42662
ISIC_2454008,600,450,168.47683715820312,29.39042854309082,35719
ISIC_2455305,600,450,133.33372497558594,31.996387481689453,29408
ISIC_2455816,600,450,155.45069885253906,31.01847267150879,20363
ISIC_2456679,600,450,154.10763549804688,16.34497833251953,24277
ISIC_2457583,600,450,133.9837188720703,20.16817855834961,22831
ISIC_2458155,600,450,122.3088607788086,35.836387634277344,27492
ISIC_2458475,600,450,200.63726806640625,36.97023010253906,40481
ISIC_2459161,600,450,97.61226654052734,25.823450088500977,42966
ISIC_2459668,600,450,147.55506896972656,40.814544677734375,23033
ISIC_2462068,600,450,128.42054748535156,47.37973403930664,42596
ISIC_2463268,600,450,135.01113891601562,28.420879364013672,30405
ISIC_2464882,600,450,156.82252502441406,24.315107345581055,19736
ISIC_2464952,600,450,156.0776824951172,24.188085556030273,35880
ISIC_2465599,600,450,163.7749481201172,25.048404693603516,21482
ISIC_2465614,600,450,133.02597045898438,18.619335174560547,22750
ISIC_2467349,600,450,142.6512908935547,45.23660659790039,29931
ISIC_2467581,600,450,153.6322784423828,28.692630767822266,36635
ISIC_2469277,600,450,123.59681701660156,40.039920806884766,50134
ISIC_2470660,600,450,133.4584503173828,21.00956153869629,25559
ISIC_2471655,600,450,137.09339904785156,25.801193237304688,26895
ISIC_2471885,600,450,143.60702514648438,38.622093200683594,31222
ISIC_2472012,600,450,131.84133911132812,19.2213134765625,24992
ISIC_2473287,600,450,133.0125274658203,42.3161735534668,46189
ISIC_2473856,600,450,180.6016845703125,26.427583694458008,22653
ISIC_2475585,600,450,119.03873443603516,40.75028610229492,34309
ISIC_2475721,600,450,130.45645141601562,46.914180755615234,48990
ISIC_2475811,600,450,147.8684844970703,18.724403381347656,19956
ISIC_2478957,600,450,134.65249633789062,43.998870849609375,38363
ISIC_2481301,600,450,142.7734375,37.986385345458984,59690
ISIC_2481693,600,450,124.1630630493164,49.6790885925293,49483
ISIC_2482447,600,450,161.20565795898438,17.875171661376953,19065
ISIC_2482765,600,450,138.61167907714844,30.993389129638672,31475
ISIC_2484661,600,450,142.52947998046875,32.007965087890625,22121
ISIC_2485009,600,450,177.96856689453125,24.288854598999023,18776
ISIC_2485182,600,450,141.83261108398438,44.71670913696289,25429
ISIC_2485685,600,450,123.73342895507812,45.677734375,42248
ISIC_2488572,600,450,149.89859008789062,43.19008255004883,38282
ISIC_2489023,600,450,115.21961212158203,42.79277038574219,47649
ISIC_2490336,600,450,135.7698974609375,24.325443267822266,46990
ISIC_2490728,600,450,126.1842041015625,24.684097290039062,27471
ISIC_2492745,600,450,128.76634216308594,30.102624893188477,28856
ISIC_2494258,600,450,178.23977661132812,34.60871124267578,38014
ISIC_2495535,600,450,133.02101135253906,34.8543815612793,42185
ISIC_2495960,600,450,140.45957946777344,58.21624755859375,30308
ISIC_2496140,600,450,180.0800018310547,47.30252456665039,25855
ISIC_2496144,600,450,142.8696746826172,24.349239349365234,28211
ISIC_2498820,600,450,154.97268676757812,58.894798278808594,32049
ISIC_2500263,600,450,140.1793212890625,43.31214141845703,33982
ISIC_2501467,600,450,162.3222198486328,19.832143783569336,16943
ISIC_2501558,600,450,159.7362060546875,35.19593811035156,19686
ISIC_2501939,600,450,122.03661346435547,27.9212703704834,26654
ISIC_2502243,600,450,128.51686096191406,33.8984375,37864
ISIC_2504068,600,450,135.10032653808594,43.096012115478516,39604
ISIC_2505856,600,450,136.99256896972656,14.490227699279785,22458
ISIC_2506667,600,450,160.45213317871094,28.34888458251953,25606
ISIC_2508300,600,450,135.8383026123047,42.61903381347656,41745
ISIC_2508558,600,450,132.74000549316406,48.35049819946289,26970
ISIC_2508643,600,450,162.12391662597656,24.34703826904297,23906
ISIC_2508689,600,450,123.45771026611328,37.28199005126953,38275
ISIC_2510819,600,450,144.3409423828125,27.42182159423828,25062
ISIC_2511643,600,450,121.14495086669922,26.25424575805664,32309
ISIC_2512661,600,450,132.95980834960938,33.56516647338867,25437
ISIC_2513521,600,450,125.41090393066406,29.369661331176758,25547
ISIC_2514435,600,450,128.43983459472656,39.87149429321289,36216
ISIC_2514438,600,450,141.64620971679688,23.95071029663086,31565
ISIC_2515747,600,450,166.16738891601562,27.849782943725586,23320
ISIC_2515838,600,450,160.63380432128906,39.78326416015625,26183
ISIC_2516006,600,450,152.50267028808594,23.539209365844727,22176
ISIC_2517252,600,450,118.5154800415039,45.65678405761719,49182
ISIC_2521142,600,450,158.30255126953125,20.23598289489746,16325
ISIC_2522593,600,450,136.5621337890625,33.00426483154297,21485
ISIC_2523004,600,450,138.77076721191406,29.49031639099121,19002
ISIC_2524673,600,450,196.7860107421875,36.31159210205078,23591
ISIC_2525369,600,450,161.09303283691406,21.461299896240234,23989
ISIC_2525497,600,450,158.76979064941406,37.875667572021484,19995
ISIC_2525661,600,450,136.19070434570312,33.087623596191406,45558
ISIC_2526104,600,450,159.04428100585938,26.869979858398438,28557
ISIC_2526585,600,450,123.59271240234375,44.00095748901367,44300
ISIC_2527161,600,450,162.68405151367188,30.908950805664062,22626
ISIC_2530103,600,450,138.07730102539062,35.29365158081055,28269
ISIC_2531111,600,450,144.32693481445312,36.91658401489258,32641
ISIC_2531173,600,450,128.7892608642578,40.68597412109375,43582
ISIC_2533061,600,450,163.203857421875,28.396835327148438,45002
ISIC_2533190,600,450,175.30810546875,23.609638214111328,33322
ISIC_2533248,600,450,182.97579956054688,24.60059928894043,29340
ISIC_2533333,600,450,110.30799102783203,32.71086120605469,25408
ISIC_2533587,600,450,140.46554565429688,43.46825408935547,24757
ISIC_2538384,600,450,143.03811645507812,55.42359161376953,32539
ISIC_2538458,600,450,131.85667419433594,46.837276458740234,33119
ISIC_2538950,600,450,138.1428680419922,55.04122543334961,40822
ISIC_2539660,600,450,186.39039611816406,22.4965877532959,44144
ISIC_2542134,600,450,116.83472442626953,24.36014175415039,30267
ISIC_2543052,600,450,131.6555633544922,37.22271728515625,23496
ISIC_2546414,600,450,130.96188354492188,37.192466735839844,36174
ISIC_2546925,600,450,175.5930938720703,48.406898498535156,25850
ISIC_2547869,600,450,136.40438842773438,31.523958206176758,33822
ISIC_2548075,600,450,128.87429809570312,35.134979248046875,48693
ISIC_2550058,600,450,178.2135772705078,45.68757629394531,28348
ISIC_2552716,600,450,148.32101440429688,20.076679229736328,20650
ISIC_2553729,600,450,106.95409393310547,34.01613998413086,29595
ISIC_2553804,600,450,122.4015884399414,34.25484085083008,41697
ISIC_2554103,600,450,159.51148986816406,26.70975112915039,26187
ISIC_2556147,600,450,160.1977081298828,22.593955993652344,25323
ISIC_2556688,600,450,137.00927734375,36.593692779541016,32427
ISIC_2556744,600,450,151.7384490966797,27.84776496887207,33870
ISIC_2557089,600,450,126.13908386230469,72.93179321289062,31347
ISIC_2557679,600,450,131.4199676513672,43.03639221191406,45895
ISIC_2561308,600,450,141.68251037597656,42.49724578857422,36537
ISIC_2561690,600,450,152.52149963378906,31.714332580566406,30519
ISIC_2563101,600,450,132.053466796875,40.2175178527832,49046
ISIC_2564518,600,450,142.35646057128906,44.95252990722656,39358
ISIC_2564687,600,450,159.76553344726562,22.088661193847656,19625
ISIC_2565120,600,450,152.1268768310547,23.121082305908203,42144
ISIC_2565230,600,450,125.4630355834961,32.2828254699707,26068
ISIC_2565297,600,450,138.89012145996094,42.12596893310547,39668
ISIC_2566720,600,450,130.54367065429688,28.575031280517578,19775
ISIC_2567274,600,450,156.9609832763672,31.67256736755371,22076
ISIC_2567925,600,450,124.77078247070312,30.509929656982422,25202
ISIC_2567983,600,450,154.6570281982422,30.20395278930664,22800
ISIC_2568976,600,450,146.08338928222656,25.329082489013672,20792
ISIC_2569198,600,450,143.01791381835938,35.55855178833008,26474
ISIC_2571592,600,450,173.19093322753906,34.660850524902344,22241
ISIC_2571626,600,450,151.0676727294922,22.420888900756836,25073
ISIC_2573194,600,450,160.36270141601562,51.58311462402344,35453
ISIC_2577644,600,450,150.3140411376953,30.568008422851562,22480
ISIC_2578355,600,450,133.78582763671875,26.981639862060547,33276
ISIC_2579863,600,450,118.69568634033203,42.10618209838867,42636
ISIC_2580507,600,450,128.12815856933594,35.17012405395508,37104
ISIC_2580974,600,450,161.68048095703125,27.563385009765625,22012
ISIC_2581720,600,450,125.76309967041016,25.230571746826172,28711
ISIC_2583472,600,450,134.40231323242188,36.14287567138672,37870
ISIC_2584689,600,450,116.659912109375,41.268272399902344,36302
ISIC_2585061,600,450,167.96885681152344,17.961484909057617,43161
ISIC_2585669,600,450,122.3113021850586,28.688249588012695,26561
ISIC_2586707,600,450,106.25062561035156,58.914512634277344,65428
ISIC_2586728,600,450,145.63253784179688,40.937644958496094,33848
ISIC_2588935,600,450,118.55287170410156,61.32524108886719,20553
ISIC_2590426,600,450,175.568115234375,22.041759490966797,23875
ISIC_2590498,600,450,162.33648681640625,23.49197769165039,21798
ISIC_2590790,600,450,124.81199645996094,22.233442306518555,26630
ISIC_2591258,600,450,155.87405395507812,57.26679992675781,37237
ISIC_2591806,600,450,145.82823181152344,49.02557373046875,34522
ISIC_2592427,600,450,110.28489685058594,34.960975646972656,38385
ISIC_2593023,600,450,159.811767578125,30.044565200805664,25497
ISIC_2593896,600,450,125.26546478271484,45.17353439331055,49882
ISIC_2594634,600,450,150.72377014160156,24.28208351135254,20714
ISIC_2595169,600,450,137.24978637695312,27.84898567199707,35807
ISIC_2597603,600,450,143.71009826660156,18.202795028686523,25765
ISIC_2598537,600,450,146.60812377929688,59.49614334106445,36482
ISIC_2598676,600,450,127.09178924560547,42.5392951965332,43819
ISIC_2600012,600,450,166.34503173828125,33.71153259277344,27946
ISIC_2601363,600,450,146.8994903564453,20.677793502807617,22359
ISIC_2601487,600,450,153.2061309814453,45.42352294921875,30344
ISIC_2601688,600,450,152.41506958007812,22.967437744140625,34631
ISIC_2603915,600,450,138.9501190185547,18.89603042602539,23128
ISIC_2604430,600,450,138.5237579345703,27.776470184326172,36658
ISIC_2604782,600,450,199.1000518798828,49.98967742919922,35343
ISIC_2605163,600,450,152.77049255371094,43.33514404296875,32357
ISIC_2608885,600,450,103.36144256591797,30.44298553466797,21221
ISIC_2608904,600,450,130.22018432617188,35.21207046508789,31342
ISIC_2611090,600,450,179.35304260253906,40.05867004394531,34316
ISIC_2611411,600,450,124.91213989257812,36.93339157104492,40076
ISIC_2611469,600,450,151.9663543701172,25.526424407958984,27583
ISIC_2612910,600,450,157.73516845703125,24.553098678588867,22158
ISIC_2613076,600,450,161.5838623046875,28.557832717895508,20910
ISIC_2613429,600,450,118.7543716430664,30.601106643676758,31918
ISIC_2614335,600,450,112.2752685546875,39.31076431274414,42199
ISIC_2614337,600,450,124.82036590576172,40.76564407348633,53674
ISIC_2614390,600,450,156.5714874267578,64.64208984375,36293
ISIC_2615324,600,450,115.15544891357422,27.582077026367188,31048
ISIC_2616471,600,450,149.70652770996094,32.69261932373047,23353
ISIC_2616510,600,450,139.0131378173828,30.168798446655273,43035
ISIC_2617383,600,450,115.5975341796875,37.69065856933594,34505
ISIC_2618411,600,450,155.63890075683594,42.040462493896484,37485
ISIC_2620132,600,450,144.464599609375,34.47203826904297,28411
ISIC_2620875,600,450,127.48011779785156,29.894311904907227,44328
ISIC_2621421,600,450,145.56300354003906,47.0202522277832,34320
ISIC_2621619,600,450,162.7056121826172,34.34244918823242,25776
ISIC_2621700,600,450,124.2357406616211,38.13923263549805,40683
ISIC_2624256,600,450,118.55835723876953,39.63402557373047,40798
ISIC_2625621,600,450,167.01219177246094,24.77620506286621,19541
ISIC_2626121,600,450,157.05332946777344,37.04357147216797,47198
ISIC_2627340,600,450,156.5675811767578,36.4576416015625,39312
ISIC_2627411,600,450,150.02113342285156,35.1414794921875,25665
ISIC_2628160,600,450,143.84922790527344,31.26615333557129,50809
ISIC_2628667,600,450,162.6623992919922,26.627965927124023,20816
ISIC_2631859,600,450,150.94593811035156,47.34910583496094,33482
ISIC_2633032,600,450,137.0608367919922,30.054338455200195,16915
ISIC_2633246,600,450,121.6687240600586,43.79572296142578,41455
ISIC_2639604,600,450,114.21842956542969,29.975322723388672,47672
ISIC_2640875,600,450,164.7911834716797,60.867286682128906,35221
ISIC_2641217,600,450,152.40435791015625,34.31721115112305,32864
ISIC_2641644,600,450,111.51625061035156,42.5599365234375,28641
ISIC_2642475,600,450,146.74893188476562,26.849010467529297,23479
ISIC_2642915,600,450,139.85581970214844,48.672969818115234,51198
ISIC_2645316,600,450,119.5858383178711,25.048215866088867,30264
ISIC_2645530,600,450,124.32687377929688,30.960342407226562,31776
ISIC_2645906,600,450,103.18185424804688,65.34159088134766,30580
ISIC_2646200,600,450,148.01348876953125,39.87744903564453,30922
ISIC_2647192,600,450,166.7895050048828,51.79308319091797,29620
ISIC_2648102,600,450,138.42138671875,36.22414016723633,37386
ISIC_2649421,600,450,113.8424072265625,56.74482345581055,35815
ISIC_2650378,600,450,136.1182861328125,38.06251907348633,65034
ISIC_2650547,600,450,142.6171875,16.046545028686523,21053
ISIC_2651140,600,450,154.49868774414062,20.056194305419922,26898
ISIC_2654339,600,450,168.02743530273438,20.803163528442383,53085
ISIC_2655630,600,450,125.26749420166016,41.16473388671875,43875
ISIC_2655730,600,450,144.38526916503906,15.429667472839355,28672
ISIC_2657415,600,450,199.35415649414062,47.81740188598633,42405
ISIC_2658100,600,450,130.5426788330078,28.150144577026367,26341
ISIC_2659768,600,450,117.0827865600586,45.5230712890625,44884
ISIC_2664046,600,450,140.93569946289062,34.087890625,49506
ISIC_2665761,600,450,123.0948715209961,42.87971878051758,39271
ISIC_2666138,600,450,157.8489990234375,27.7409725189209,25206
ISIC_2667471,600,450,144.56130981445312,33.95317459106445,32320
ISIC_2668215,600,450,119.71195220947266,29.058834075927734,46391
ISIC_2668584,600,450,148.1886444091797,26.983190536499023,46488
ISIC_2668675,600,450,130.98394775390625,24.50040054321289,26801
ISIC_2668678,600,450,120.1831283569336,35.90998840332031,35380
ISIC_2668760,600,450,167.77853393554688,34.031856536865234,37971
ISIC_2669811,600,450,157.14035034179688,33.21012878417969,23323
ISIC_2670452,600,450,118.9659652709961,36.282958984375,39705
ISIC_2671356,600,450,160.48568725585938,26.18013572692871,20147
ISIC_2671519,600,450,137.11441040039062,33.539215087890625,44818
ISIC_2673443,600,450,151.3529815673828,16.488542556762695,22172
ISIC_2675122,600,450,168.0838165283203,30.627763748168945,26457
ISIC_2677713,600,450,132.4419708251953,19.396146774291992,47045
ISIC_2683683,600,450,152.71902465820312,36.93986129760742,24335
ISIC_2683795,600,450,159.93466186523438,31.957414627075195,25242
ISIC_2684838,600,450,137.38235473632812,35.646331787109375,32346
ISIC_2685248,600,450,143.9695587158203,28.617143630981445,33309
ISIC_2686432,600,450,145.03207397460938,37.5531005859375,23530
ISIC_2687321,600,450,162.8750762939453,32.54899978637695,44906
ISIC_2689111,600,450,143.0294189453125,37.300350189208984,39601
ISIC_2689339,600,450,153.0131378173828,37.469608306884766,29419
ISIC_2689375,600,450,112.17546844482422,52.94459533691406,34363
ISIC_2689544,600,450,138.00039672851562,40.11275100708008,31893
ISIC_2695360,600,450,137.2997283935547,21.53619956970215,26263
ISIC_2695703,600,450,127.89105224609375,37.97572708129883,32311
ISIC_2696043,600,450,123.1699447631836,45.43272399902344,49978
ISIC_2696566,600,450,134.93801879882812,31.556156158447266,26720
ISIC_2698174,600,450,173.18186950683594,20.03899383544922,29184
ISIC_2700220,600,450,161.61109924316406,12.203140258789062,15313
ISIC_2700916,600,450,117.32817840576172,45.063392639160156,40559
ISIC_2701902,600,450,143.8227081298828,74.37700653076172,34281
ISIC_2701980,600,450,142.4936981201172,31.283010482788086,36250
ISIC_2702984,600,450,115.9388656616211,35.889244079589844,32428
ISIC_2704222,600,450,150.9856719970703,20.520851135253906,36284
ISIC_2704661,600,450,130.9463348388672,32.3316764831543,38771
ISIC_2704901,600,450,108.06419372558594,33.05641555786133,44146
ISIC_2705888,600,450,119.678955078125,34.696136474609375,28862
ISIC_2706078,600,450,126.37740325927734,41.327369689941406,19421
ISIC_2706513,600,450,136.39016723632812,46.07805633544922,48754
ISIC_2708075,600,450,147.21922302246094,50.79584503173828,40255
ISIC_2708483,600,450,100.56948852539062,63.71780776977539,21737
ISIC_2709383,600,450,130.36611938476562,29.704166412353516,43208
ISIC_2710214,600,450,128.80235290527344,33.758018493652344,36709
ISIC_2710427,600,450,194.9087677001953,39.199424743652344,22349
ISIC_2711142,600,450,162.89068603515625,34.130001068115234,31872
ISIC_2712633,600,450,171.78623962402344,22.4021053314209,28774
ISIC_2712947,600,450,131.5370330810547,41.21999740600586,45086
ISIC_2713587,600,450,147.81857299804688,45.398834228515625,28081
ISIC_2714655,600,450,65.87095642089844,48.34653091430664,80604
ISIC_2716264,600,450,136.48114013671875,26.335763931274414,31947
ISIC_2716370,600,450,135.26425170898438,48.56418991088867,25582
ISIC_2716900,600,450,157.29051208496094,43.70292663574219,27856
ISIC_2718301,600,450,163.5199737548828,28.262434005737305,28364
ISIC_2721277,600,450,218.9369659423828,14.330228805541992,16797
ISIC_2721569,600,450,135.71656799316406,25.312101364135742,23956
ISIC_2722338,600,450,138.75747680664062,39.680885314941406,23706
ISIC_2724480,600,450,136.77589416503906,36.47795486450195,33046
ISIC_2725046,600,450,143.5264434814453,28.607866287231445,35488
ISIC_2726721,600,450,127.28999328613281,26.53683090209961,31209
ISIC_2729094,600,450,138.60910034179688,35.9580192565918,29640
ISIC_2729538,600,450,158.77044677734375,41.616302490234375,32451
ISIC_2730868,600,450,140.1402130126953,21.73516845703125,28597
ISIC_2731321,600,450,128.9691925048828,29.35086441040039,26709
ISIC_2731701,600,450,161.23373413085938,34.70117950439453,27561
ISIC_2733086,600,450,188.97691345214844,26.69367218017578,35776
ISIC_2733266,600,450,130.7929229736328,33.208595275878906,19693
ISIC_2733454,600,450,168.0885009765625,19.2780818939209,21709
ISIC_2734876,600,450,134.49334716796875,34.73030471801758,35266
ISIC_2735511,600,450,157.27796936035156,26.15963363647461,25441
ISIC_2735653,600,450,132.64617919921875,61.98423767089844,52777
ISIC_2736195,600,450,153.3262176513672,27.400394439697266,28085
ISIC_2736440,600,450,131.3625946044922,42.54955291748047,47709
ISIC_2738904,600,450,190.72042846679688,25.833736419677734,36322
ISIC_2738967,600,450,154.10292053222656,44.067752838134766,35684
ISIC_2740122,600,450,154.61419677734375,39.75701141357422,26090
ISIC_2740604,600,450,159.3701934814453,28.83580780029297,19190
ISIC_2741027,600,450,117.85235595703125,39.53642272949219,29347
ISIC_2741156,600,450,146.57740783691406,37.70632553100586,40060
ISIC_2744921,600,450,150.88246154785156,45.1374397277832,31633
ISIC_2744993,600,450,166.89027404785156,28.49118423461914,23317
ISIC_2745537,600,450,143.162841796875,34.03868865966797,25032
ISIC_2745631,600,450,145.1236572265625,39.96215057373047,37231
ISIC_2747022,600,450,167.0988311767578,33.52884292602539,25941
ISIC_2747596,600,450,154.12191772460938,46.99018478393555,26024
ISIC_2747605,600,450,113.31993865966797,39.15752410888672,35580
ISIC_2748624,600,450,142.54994201660156,9.33961296081543,15709
ISIC_2749853,600,450,125.58295440673828,28.071197509765625,37557
ISIC_2750525,600,450,100.91458129882812,37.79124069213867,34772
ISIC_2751556,600,450,143.31005859375,22.70880126953125,25969
ISIC_2752768,600,450,147.8207244873047,27.277006149291992,38231
ISIC_2752952,600,450,153.82537841796875,34.463619232177734,50315
ISIC_2753361,600,450,121.8995361328125,40.73893737792969,43900
ISIC_2753382,600,450,162.8766632080078,23.559778213500977,26985
ISIC_2754763,600,450,152.23353576660156,29.730195999145508,26151
ISIC_2754845,600,450,147.8701171875,13.767829895019531,27650
ISIC_2755460,600,450,196.7408447265625,49.87568664550781,24556
ISIC_2755934,600,450,133.50912475585938,30.06259536743164,44449
ISIC_2756327,600,450,153.94615173339844,35.50685119628906,58304
ISIC_2756867,600,450,137.02943420410156,42.42109680175781,41501
ISIC_2758033,600,450,170.9951934814453,47.04527282714844,48911
ISIC_2758349,600,450,140.57968139648438,43.9077262878418,38833
ISIC_2759533,600,450,154.79551696777344,17.84522247314453,17976
ISIC_2760612,600,450,136.09317016601562,34.55957794189453,36732
ISIC_2762745,600,450,137.96681213378906,34.291038513183594,39517
ISIC_2763588,600,450,150.36744689941406,29.42140769958496,23732
ISIC_2764511,600,450,138.594482421875,43.30541229248047,24927
ISIC_2765997,600,450,200.11956787109375,26.90297508239746,19420
ISIC_2766210,600,450,139.5037841796875,33.2972412109375,50697
ISIC_2767026,600,450,116.70205688476562,44.75733184814453,27225
ISIC_2768555,600,450,140.14300537109375,19.241870880126953,28619
ISIC_2768681,600,450,94.64224243164062,45.02915954589844,27533
ISIC_2769033,600,450,163.30970764160156,31.900020599365234,22434
ISIC_2770352,600,450,151.42507934570312,26.321802139282227,20745
ISIC_2770547,600,450,134.48291015625,39.096290588378906,46925
ISIC_2770868,600,450,130.16683959960938,26.406784057617188,32528
ISIC_2771215,600,450,151.69752502441406,34.4807014465332,51183
ISIC_2772004,600,450,149.29135131835938,35.273292541503906,33483
ISIC_2772400,600,450,146.87896728515625,31.31984519958496,43320
ISIC_2772998,600,450,129.3780059814453,39.66530227661133,42176
ISIC_2774941,600,450,144.9063720703125,35.15102005004883,31697
ISIC_2775534,600,450,167.94654846191406,40.42261505126953,24342
ISIC_2775686,600,450,191.6971435546875,33.012168884277344,34149
ISIC_2777762,600,450,144.09877014160156,40.655067443847656,28671
ISIC_2778083,600,450,143.60252380371094,38.32749938964844,22301
ISIC_2779297,600,450,147.8367462158203,40.144134521484375,32707
ISIC_2781687,600,450,169.788330078125,30.015684127807617,28996
ISIC_2783831,600,450,150.14175415039062,55.57167053222656,44889
ISIC_2784330,600,450,118.46855926513672,39.3980827331543,51707
ISIC_2785273,600,450,173.61383056640625,18.49434471130371,37871
ISIC_2786202,600,450,127.8874740600586,35.998130798339844,35172
ISIC_2787372,600,450,172.10011291503906,50.29658508300781,35166
ISIC_2788480,600,450,138.31834411621094,49.62005615234375,29577
ISIC_2790154,600,450,125.62277221679688,44.9951057434082,45600
ISIC_2791059,600,450,123.54808807373047,30.42450714111328,32931
ISIC_2793180,600,450,139.8578338623047,25.921518325805664,17881
ISIC_2794417,600,450,154.5099334716797,24.138044357299805,39342
ISIC_2794614,600,450,168.66932678222656,36.590877532958984,35251
ISIC_2795308,600,450,128.34605407714844,70.38880157470703,27291
ISIC_2796590,600,450,140.645263671875,48.9850959777832,31235
ISIC_2796878,600,450,159.90423583984375,19.64739227294922,20029
ISIC_2799124,600,450,157.83273315429688,29.898574829101562,30894
ISIC_2799788,600,450,126.3542709350586,21.45305824279785,27855
ISIC_2800738,600,450,157.29150390625,38.076541900634766,38744
ISIC_2801800,600,450,107.6888656616211,31.294225692749023,50957
ISIC_2802992,600,450,122.9952392578125,26.962169647216797,37513
ISIC_2803954,600,450,154.68130493164062,25.69074058532715,22550
ISIC_2804242,600,450,184.19483947753906,29.623498916625977,28008
ISIC_2806062,600,450,108.64945220947266,41.72222137451172,43549
ISIC_2808502,600,450,109.45013427734375,45.600711822509766,34783
ISIC_2809795,600,450,136.27967834472656,32.6223258972168,51282
ISIC_2811259,600,450,134.59620666503906,36.7636833190918,30146
ISIC_2812513,600,450,69.8898696899414,36.234100341796875,43927
ISIC_2817890,600,450,157.23855590820312,41.492889404296875,35064
ISIC_2818418,600,450,169.14842224121094,17.78102684020996,13444
ISIC_2818434,600,450,125.98909759521484,44.76487350463867,49878
ISIC_2821063,600,450,128.51040649414062,27.70535659790039,24822
ISIC_2822341,600,450,151.3612518310547,18.163114547729492,17590
ISIC_2822468,600,450,170.06329345703125,41.51504135131836,46545
ISIC_2823934,600,450,158.8922576904297,63.62436294555664,43195
ISIC_2824759,600,450,168.4306182861328,31.240934371948242,19273
ISIC_2825735,600,450,145.39637756347656,34.117286682128906,19547
ISIC_2826779,600,450,135.4160919189453,22.423551559448242,27228
ISIC_2826846,600,450,169.17526245117188,21.29580307006836,19829
ISIC_2827093,600,450,155.91139221191406,21.781448364257812,29985
ISIC_2827872,600,450,145.83551025390625,26.485309600830078,29522
ISIC_2827957,600,450,169.4054718017578,57.40654373168945,25506
ISIC_2828400,600,450,162.09849548339844,32.820533752441406,35085
ISIC_2832798,600,450,148.66246032714844,37.758907318115234,22963
ISIC_2832853,600,450,160.12867736816406,44.3260383605957,23941
ISIC_2833179,600,450,159.46612548828125,21.154359817504883,22324
ISIC_2833803,600,450,121.91070556640625,29.8471622467041,44838
ISIC_2834466,600,450,165.39633178710938,38.33150100708008,48651
ISIC_2835239,600,450,114.26363372802734,43.28917694091797,61126
ISIC_2835261,600,450,131.10394287109375,38.146366119384766,58189
ISIC_2837403,600,450,126.90451049804688,43.373287200927734,49688
ISIC_2838288,600,450,131.34083557128906,45.617088317871094,38029
ISIC_2839422,600,450,158.13157653808594,20.32870101928711,31253
ISIC_2839614,600,450,119.6644515991211,32.5892448425293,21853
ISIC_2840695,600,450,135.21463012695312,33.00352096557617,51798
ISIC_2841434,600,450,163.65724182128906,22.787580490112305,36720
ISIC_2842565,600,450,156.96121215820312,41.67987060546875,31259
ISIC_2843665,600,450,146.66090393066406,28.20360565185547,24763
ISIC_2845349,600,450,114.18865966796875,42.806846618652344,51023
ISIC_2845706,600,450,136.37969970703125,26.818239212036133,27997
ISIC_2846004,600,450,165.5454559326172,22.443954467773438,18018
ISIC_2846074,600,450,141.96487426757812,29.71120262145996,34428
ISIC_2846120,600,450,184.18792724609375,23.798603057861328,33730
ISIC_2846167,600,450,139.72608947753906,15.132129669189453,22443
ISIC_2846740,600,450,131.96217346191406,36.62126922607422,46805
ISIC_2847750,600,450,121.97897338867188,24.549898147583008,26351
ISIC_2848199,600,450,160.25787353515625,47.56707000732422,41525
ISIC_2848487,600,450,142.6993408203125,42.125885009765625,27908
ISIC_2851104,600,450,122.17774200439453,39.01823425292969,44223
ISIC_2851725,600,450,147.19273376464844,39.84538269042969,32669
ISIC_2852852,600,450,128.6503448486328,40.497276306152344,41815
ISIC_2854469,600,450,136.5347137451172,37.632545471191406,31107
ISIC_2855242,600,450,161.61517333984375,37.21692657470703,33418
ISIC_2855373,600,450,122.1559829711914,40.51841735839844,24861
ISIC_2855847,600,450,122.38766479492188,37.396854400634766,35905
ISIC_2857248,600,450,160.61013793945312,22.959909439086914,22068
ISIC_2861255,600,450,182.04917907714844,36.91492462158203,27618
ISIC_2861892,600,450,180.98899841308594,41.21480941772461,27634
ISIC_2864613,600,450,139.84906005859375,21.8475284576416,24018
ISIC_2866672,600,450,163.4019317626953,26.848491668701172,22379
ISIC_2866719,600,450,146.052490234375,47.19950485229492,21365
ISIC_2867998,600,450,155.7020721435547,28.83821678161621,23176
ISIC_2868713,600,450,123.40262603759766,29.08850860595703,36845
ISIC_2868801,600,450,126.83610534667969,38.91211700439453,49381
ISIC_2868896,600,450,143.557373046875,20.973691940307617,24024
ISIC_2869457,600,450,117.79336547851562,43.15199279785156,45778
ISIC_2869678,600,450,173.93849182128906,37.474430084228516,37619
ISIC_2869987,600,450,116.47499084472656,44.0262565612793,30418
ISIC_2870164,600,450,172.45028686523438,32.16866683959961,42058
ISIC_2872052,600,450,132.06100463867188,26.816274642944336,27163
ISIC_2873444,600,450,131.3083038330078,50.76412582397461,32316
ISIC_2873569,600,450,120.70834350585938,28.139135360717773,51317
ISIC_2873988,600,450,169.38003540039062,25.732784271240234,18992
ISIC_2874145,600,450,148.64480590820312,35.49214553833008,33059
ISIC_2876063,600,450,108.3441162109375,38.44633483886719,33872
ISIC_2877008,600,450,127.22001647949219,23.406044006347656,37806
ISIC_2877235,600,450,165.07525634765625,23.527950286865234,25015
ISIC_2877846,600,450,120.79950714111328,34.145606994628906,35615
ISIC_2878962,600,450,122.23690795898438,50.83013153076172,48613
ISIC_2879057,600,450,148.91549682617188,31.430070877075195,27505
ISIC_2880667,600,450,151.21615600585938,26.401540756225586,25290
ISIC_2882147,600,450,149.01803588867188,35.916996002197266,39473
ISIC_2883712,600,450,169.83151245117188,15.641246795654297,16861
ISIC_2883948,600,450,184.9678955078125,50.37417221069336,28640
ISIC_2886088,600,450,164.1468963623047,34.02262878417969,38930
ISIC_2886495,600,450,157.41546630859375,26.994396209716797,21688
ISIC_2887419,600,450,126.88288116455078,47.38914108276367,54519
ISIC_2888616,600,450,173.80050659179688,29.535472869873047,36949
ISIC_2889500,600,450,134.22686767578125,39.248863220214844,40209
ISIC_2891101,600,450,106.52173614501953,31.638525009155273,32003
ISIC_2891509,600,450,135.32669067382812,24.41754913330078,28242
ISIC_2891524,600,450,118.77037811279297,50.35247802734375,41738
ISIC_2891584,600,450,105.9871597290039,46.774593353271484,42376
ISIC_2891861,600,450,104.02698516845703,27.864849090576172,51449
ISIC_2892335,600,450,132.85708618164062,43.506961822509766,40291
ISIC_2893311,600,450,168.19635009765625,29.06848907470703,23358
ISIC_2894216,600,450,138.79421997070312,36.91302490234375,32291
ISIC_2895427,600,450,117.96737670898438,19.926000595092773,26506
ISIC_2896896,600,450,131.7213134765625,43.146400451660156,39005
ISIC_2897284,600,450,144.61788940429688,22.118623733520508,30517
ISIC_2897696,600,450,205.67404174804688,22.789569854736328,41077
ISIC_2900527,600,450,118.57813262939453,46.165775299072266,36293
ISIC_2900622,600,450,137.23312377929688,43.733219146728516,37978
ISIC_2900811,600,450,125.92227172851562,35.97278594970703,41422
ISIC_2902367,600,450,145.75,37.753082275390625,30493
ISIC_2903716,600,450,96.1254653930664,37.063358306884766,48177
ISIC_2903873,600,450,155.2936248779297,37.21965408325195,26760
ISIC_2903895,600,450,120.83609771728516,39.27152633666992,41137
ISIC_2905836,600,450,156.88681030273438,24.705835342407227,23152
ISIC_2906273,600,450,97.88172912597656,46.87663650512695,25675
ISIC_2906597,600,450,185.60047912597656,47.29242706298828,32223
ISIC_2907125,600,450,147.4352264404297,21.21507453918457,23959
ISIC_2907780,600,450,168.13401794433594,11.536819458007812,21796
ISIC_2909896,600,450,138.7274169921875,38.464073181152344,39321
ISIC_2911472,600,450,141.16659545898438,30.52674102783203,47131
ISIC_2911796,600,450,104.66927337646484,38.79400634765625,37872
ISIC_2912041,600,450,142.77398681640625,40.37154006958008,34001
ISIC_2913187,600,450,122.4587631225586,29.570363998413086,26230
ISIC_2914456,600,450,159.0726318359375,41.53679275512695,31610
ISIC_2915213,600,450,147.21539306640625,29.600082397460938,29229
ISIC_2915605,600,450,135.87460327148438,41.152530670166016,45190
ISIC_2916022,600,450,142.7076416015625,53.13844680786133,41569
ISIC_2917647,600,450,135.35528564453125,39.919639587402344,37114
ISIC_2918081,600,450,157.72518920898438,32.57303237915039,24363
ISIC_2919752,600,450,153.33677673339844,32.75875473022461,26271
ISIC_2920020,600,450,135.41030883789062,37.11812973022461,33871
ISIC_2920382,600,450,142.2316131591797,36.84368133544922,60365
ISIC_2921012,600,450,173.1616973876953,44.29013442993164,27947
ISIC_2921430,600,450,147.36569213867188,28.999296188354492,23396
ISIC_2923050,600,450,85.6544418334961,43.13215637207031,43846
ISIC_2923957,600,450,164.6388702392578,22.368247985839844,31233
ISIC_2925612,600,450,100.79644775390625,38.47514343261719,30467
ISIC_2925746,600,450,192.07550048828125,22.23248291015625,26989
ISIC_2926418,600,450,147.1626739501953,37.46207809448242,30335
ISIC_2926621,600,450,126.89812469482422,27.20269012451172,37328
ISIC_2926847,600,450,143.05677795410156,39.02997970581055,35826
ISIC_2927179,600,450,128.00547790527344,40.72686004638672,35909
ISIC_2928924,600,450,177.5576934814453,37.57803726196289,27885
ISIC_2930366,600,450,154.3863525390625,21.46169662475586,39463
ISIC_2930478,600,450,140.8733673095703,31.98009490966797,38142
ISIC_2931409,600,450,125.88299560546875,38.83979415893555,31246
ISIC_2935903,600,450,123.6873550415039,33.6202278137207,49458
ISIC_2936914,600,450,139.215087890625,35.688377380371094,45427
ISIC_2938744,600,450,148.3629608154297,34.76116943359375,41245
ISIC_2941016,600,450,151.8358917236328,40.9005241394043,35296
ISIC_2944495,600,450,165.50889587402344,36.773826599121094,24793
ISIC_2944503,600,450,125.7286148071289,29.186511993408203,23212
ISIC_2944762,600,450,134.30630493164062,37.61589050292969,41758
ISIC_2945370,600,450,141.68609619140625,26.36036491394043,26352
ISIC_2948051,600,450,173.05426025390625,19.55701446533203,42810
ISIC_2949444,600,450,161.70326232910156,26.32090187072754,35657
ISIC_2950662,600,450,156.28436279296875,30.026643753051758,27927
ISIC_2950781,600,450,141.4088134765625,31.291624069213867,30224
ISIC_2952159,600,450,168.92816162109375,49.582828521728516,49754
ISIC_2952204,600,450,183.41317749023438,30.834381103515625,37552
ISIC_2952786,600,450,128.70542907714844,33.7556037902832,44160
ISIC_2953977,600,450,134.67782592773438,43.13485336303711,48361
ISIC_2956586,600,450,122.90518188476562,34.20333480834961,21222
ISIC_2956882,600,450,158.7127685546875,28.543621063232422,52411
ISIC_2957330,600,450,129.80812072753906,59.6602668762207,51798
ISIC_2958443,600,450,123.20365142822266,54.43809127807617,51083
ISIC_2959395,600,450,136.03326416015625,11.68448543548584,17273
ISIC_2959823,600,450,124.13912963867188,40.55961227416992,40996
ISIC_2961262,600,450,181.51165771484375,38.0296516418457,25463
ISIC_2961437,600,450,184.4942169189453,22.57233428955078,18208
ISIC_2962014,600,450,135.436279296875,34.03132247924805,47775
ISIC_2963084,600,450,151.93382263183594,57.44319152832031,32730
ISIC_2963181,600,450,141.4295654296875,26.212316513061523,56816
ISIC_2964078,600,450,125.59720611572266,44.69216537475586,15120
ISIC_2964593,600,450,178.30628967285156,33.10020446777344,30807
ISIC_2965800,600,450,130.3186798095703,45.06196975708008,49882
ISIC_2968192,600,450,150.4532470703125,30.24640655517578,30813
ISIC_2968300,600,450,114.52600860595703,33.29509735107422,57395
ISIC_2970872,600,450,125.4626235961914,36.53816604614258,58749
ISIC_2970971,600,450,146.7667999267578,22.23203468322754,18625
ISIC_2972264,600,450,138.53744506835938,33.48979187011719,37837
ISIC_2972596,600,450,136.70579528808594,17.534822463989258,22592
ISIC_2973033,600,450,178.57110595703125,25.964872360229492,19366
ISIC_2973118,600,450,170.77967834472656,21.498931884765625,19710
ISIC_2973605,600,450,157.54356384277344,26.749271392822266,24412
ISIC_2973607,600,450,179.4477996826172,22.366012573242188,21064
ISIC_2974995,600,450,193.38548278808594,18.46514129638672,34764
ISIC_2975261,600,450,166.3008270263672,42.90065002441406,29344
ISIC_2976358,600,450,158.6466522216797,22.868432998657227,28826
ISIC_2977377,600,450,137.75100708007812,32.28150177001953,24260
ISIC_2977779,600,450,132.0064697265625,42.198787689208984,43567
ISIC_2977955,600,450,130.45166015625,44.0264892578125,58899
ISIC_2977980,600,450,159.54591369628906,16.897785186767578,17870
ISIC_2978483,600,450,140.7172393798828,34.301517486572266,55382
ISIC_2983004,600,450,170.3115997314453,42.456787109375,45596
ISIC_2984850,600,450,136.5475311279297,31.201274871826172,41233
ISIC_2987179,600,450,94.41171264648438,23.585649490356445,33122
ISIC_2987655,600,450,90.36383056640625,38.88323974609375,41100
ISIC_2987893,600,450,126.46479034423828,34.03925323486328,30436
ISIC_2988309,600,450,143.97772216796875,44.91106033325195,45715
ISIC_2989365,600,450,147.30422973632812,43.3721809387207,25245
ISIC_2990629,600,450,202.85850524902344,28.558576583862305,32541
ISIC_2991167,600,450,168.1529998779297,19.782516479492188,17351
ISIC_2992927,600,450,135.4364471435547,28.70405387878418,20373
ISIC_2993047,600,450,119.71448516845703,27.536521911621094,29504
ISIC_2993083,600,450,168.4329833984375,31.55481719970703,20330
ISIC_2993511,600,450,138.73043823242188,50.5809326171875,32949
ISIC_2994689,600,450,147.3148193359375,37.40009307861328,39543
ISIC_2994885,600,450,128.70404052734375,39.09984588623047,36965
ISIC_2995621,600,450,133.23587036132812,24.78640365600586,26801
ISIC_2996665,600,450,154.97268676757812,25.40266990661621,23290
ISIC_2996843,600,450,145.1827392578125,44.726680755615234,25490
ISIC_2997062,600,450,120.77949523925781,23.465290069580078,48627
ISIC_2998511,600,450,129.86270141601562,39.48801803588867,45135
ISIC_2998536,600,450,170.70162963867188,33.60400390625,33712
ISIC_2999230,600,450,140.54566955566406,31.248098373413086,40720
ISIC_2999384,600,450,132.36972045898438,37.10475540161133,35365
ISIC_3002045,600,450,168.31605529785156,30.696203231811523,24527
ISIC_3002615,600,450,131.50628662109375,26.258466720581055,26122
ISIC_3003010,600,450,149.5753936767578,18.483657836914062,19183
ISIC_3003493,600,450,170.6069793701172,27.066120147705078,48621
ISIC_3003648,600,450,137.6957244873047,33.2314567565918,37101
ISIC_3004699,600,450,163.15252685546875,42.71971130371094,30357
ISIC_3004974,600,450,98.9151611328125,50.39738082885742,46984
ISIC_3005181,600,450,150.536376953125,32.93845748901367,31977
ISIC_3006692,600,450,155.1903839111328,48.40602111816406,27783
ISIC_3009842,600,450,168.71376037597656,27.545499801635742,26083
ISIC_3011551,600,450,133.98146057128906,25.79876136779785,15692
ISIC_3011830,600,450,129.26332092285156,32.45710372924805,29112
ISIC_3012180,600,450,132.5960235595703,30.808229446411133,64587
ISIC_3013323,600,450,118.66548156738281,38.00050735473633,41365
ISIC_3014783,600,450,203.2818603515625,25.63341522216797,35965
ISIC_3014842,600,450,143.68850708007812,54.80756378173828,28180
ISIC_3015060,600,450,132.22987365722656,35.74123764038086,38964
ISIC_3015606,600,450,164.1533660888672,36.00782775878906,25869
ISIC_3018802,600,450,117.89252471923828,48.96211242675781,60257
ISIC_3020708,600,450,123.58544158935547,43.605682373046875,35664
ISIC_3020882,600,450,152.1241912841797,42.861328125,25829
ISIC_3021033,600,450,181.25875854492188,40.17539978027344,33486
ISIC_3022005,600,450,116.51387023925781,20.5144100189209,27584
ISIC_3022090,600,450,151.5375518798828,34.88395690917969,32562
ISIC_3022261,600,450,140.6959686279297,25.852703094482422,20746
ISIC_3023055,600,450,145.5187225341797,30.515262603759766,19035
ISIC_3023198,600,450,127.33271789550781,19.121801376342773,27392
ISIC_3023437,600,450,132.18869018554688,22.452503204345703,19837
ISIC_3023607,600,450,163.509033203125,39.28982162475586,28170
ISIC_3024107,600,450,127.94828796386719,64.11233520507812,16129
ISIC_3024690,600,450,155.57020568847656,26.319988250732422,18153
ISIC_3025142,600,450,112.0772476196289,35.63029861450195,47819
ISIC_3025966,600,450,167.87986755371094,41.83394241333008,33468
ISIC_3027737,600,450,130.9808349609375,26.73468017578125,35073
ISIC_3028893,600,450,146.2694549560547,35.78274917602539,31172
ISIC_3032522,600,450,150.3477325439453,30.190324783325195,24977
ISIC_3032936,600,450,159.67027282714844,81.59559631347656,32796
ISIC_3032983,600,450,129.91758728027344,25.560510635375977,25436
ISIC_3033593,600,450,130.1695556640625,39.97627258300781,34764
ISIC_3033732,600,450,164.4806671142578,20.805740356445312,19622
ISIC_3034326,600,450,103.4706802368164,44.11249923706055,46024
ISIC_3034439,600,450,155.87164306640625,24.978233337402344,23407
ISIC_3034620,600,450,128.99923706054688,37.093894958496094,38586
ISIC_3036641,600,450,143.06163024902344,38.402191162109375,42646
ISIC_3037508,600,450,150.49049377441406,59.323997497558594,23998
ISIC_3037740,600,450,139.084716796875,30.674650192260742,42910
ISIC_3039458,600,450,128.1055145263672,34.627784729003906,54491
ISIC_3039673,600,450,127.73076629638672,38.42230224609375,50416
ISIC_3039744,600,450,156.86289978027344,52.969825744628906,36987
ISIC_3040289,600,450,190.489990234375,33.73035430908203,25480
ISIC_3042149,600,450,154.0370330810547,30.733945846557617,43265
ISIC_3042275,600,450,205.603515625,34.20668411254883,26501
ISIC_3042456,600,450,141.8148193359375,25.67083168029785,28196
ISIC_3043432,600,450,91.397705078125,34.997676849365234,36920
ISIC_3044377,600,450,124.84970092773438,27.333505630493164,46203
ISIC_3045023,600,450,166.12669372558594,20.233280181884766,23497
ISIC_3045344,600,450,147.72059631347656,24.028173446655273,32871
ISIC_3045387,600,450,128.441650390625,27.83220100402832,27629
ISIC_3045477,600,450,111.1209487915039,46.845821380615234,46495
ISIC_3045480,600,450,152.30990600585938,24.880382537841797,23373
ISIC_3046799,600,450,123.178955078125,38.62728500366211,38083
ISIC_3047578,600,450,176.41165161132812,26.59916877746582,22158
ISIC_3048228,600,450,145.4313507080078,39.693946838378906,30016
ISIC_3049767,600,450,162.47943115234375,18.02560043334961,22438
ISIC_3050024,600,450,136.22242736816406,20.363920211791992,22422
ISIC_3050113,600,450,146.21090698242188,33.09950256347656,66500
ISIC_3050416,600,450,151.08778381347656,16.624143600463867,19750
ISIC_3050487,600,450,156.1956024169922,29.45064926147461,24748
ISIC_3050521,600,450,135.93600463867188,37.063846588134766,32254
ISIC_3053495,600,450,146.9596405029297,25.3444766998291,25127
ISIC_3053943,600,450,203.28236389160156,29.66651725769043,44417
ISIC_3055420,600,450,136.5975341796875,28.47002410888672,29066
ISIC_3057442,600,450,160.49998474121094,25.63714027404785,46809
ISIC_3057675,600,450,109.78587341308594,47.776466369628906,38608
ISIC_3059704,600,450,99.23277282714844,45.951175689697266,31036
ISIC_3061267,600,450,154.55276489257812,35.548404693603516,42067
ISIC_3062370,600,450,129.988525390625,33.7457389831543,20710
ISIC_3063587,600,450,143.60107421875,8.425456047058105,19682
ISIC_3063817,600,450,136.23370361328125,37.0552864074707,19661
ISIC_3064112,600,450,166.30722045898438,27.114389419555664,22901
ISIC_3066491,600,450,161.728759765625,61.31586837768555,29735
ISIC_3067376,600,450,147.37103271484375,43.556556701660156,43910
ISIC_3069767,600,450,145.3968963623047,17.222043991088867,20443
ISIC_3070466,600,450,163.63038635253906,35.91122817993164,40310
ISIC_3070709,600,450,147.6775665283203,40.588600158691406,46015
ISIC_3072008,600,450,154.22018432617188,30.932300567626953,29547
ISIC_3072729,600,450,108.2627182006836,49.680084228515625,51666
ISIC_3072984,600,450,109.78445434570312,35.98561477661133,23706
ISIC_3073821,600,450,135.27735900878906,46.893917083740234,47989
ISIC_3078783,600,450,175.20506286621094,54.2105712890625,43058
ISIC_3080695,600,450,133.9661407470703,22.695701599121094,46277
ISIC_3082193,600,450,115.2307357788086,43.078216552734375,45420
ISIC_3082676,600,450,159.5189208984375,43.97880172729492,51300
ISIC_3083384,600,450,150.48562622070312,16.248464584350586,20468
ISIC_3083566,600,450,121.11310577392578,37.94389724731445,38196
ISIC_3085336,600,450,144.54605102539062,18.617101669311523,21105
ISIC_3085694,600,450,171.0771484375,24.16572380065918,21427
ISIC_3088033,600,450,145.9021759033203,38.66439437866211,23053
ISIC_3088055,600,450,150.35948181152344,33.94395065307617,25648
ISIC_3088358,600,450,162.89163208007812,36.29453659057617,25694
ISIC_3090517,600,450,146.15023803710938,34.61760711669922,26884
ISIC_3091817,600,450,152.27444458007812,35.85250473022461,29905
ISIC_3092576,600,450,126.05963134765625,43.082603454589844,49721
ISIC_3093760,600,450,128.8491973876953,36.75090026855469,37209
ISIC_3094215,600,450,150.7264404296875,33.71532440185547,24177
ISIC_3094384,600,450,141.0268096923828,42.106895446777344,69965
ISIC_3094600,600,450,130.4609375,24.819059371948242,29352
ISIC_3095773,600,450,136.8101348876953,44.606719970703125,51068
ISIC_3097252,600,450,130.06417846679688,37.57490158081055,33543
ISIC_3100024,600,450,129.1736602783203,41.84706497192383,48158
ISIC_3100261,600,450,124.83818054199219,44.64455032348633,47027
ISIC_3100293,600,450,172.84117126464844,35.322872161865234,49621
ISIC_3101169,600,450,137.06524658203125,43.76749801635742,28549
ISIC_3102604,600,450,136.51109313964844,31.888866424560547,28074
ISIC_3102873,600,450,160.8054656982422,38.33586120605469,33014
ISIC_3103579,600,450,188.04306030273438,29.78180503845215,31632
ISIC_3103756,600,450,185.38638305664062,22.969045639038086,25772
ISIC_3105211,600,450,142.69235229492188,50.402671813964844,27180
ISIC_3105418,600,450,120.02608489990234,42.339351654052734,29418
ISIC_3111434,600,450,89.25366973876953,31.35814666748047,16199
ISIC_3113033,600,450,129.2620391845703,28.55755043029785,28841
ISIC_3114974,600,450,116.28436279296875,47.132259368896484,45059
ISIC_3115412,600,450,143.6068878173828,40.36859893798828,41367
ISIC_3117423,600,450,152.15036010742188,31.957796096801758,31667
ISIC_3118860,600,450,129.47659301757812,25.69826316833496,30423
ISIC_3119815,600,450,141.24000549316406,44.08692932128906,43504
ISIC_3120412,600,450,125.1175308227539,29.13865852355957,19200
ISIC_3122081,600,450,120.58615112304688,23.86390495300293,35569
ISIC_3122147,600,450,137.2626953125,18.061426162719727,23687
ISIC_3125449,600,450,126.9180679321289,35.002201080322266,41292
ISIC_3127556,600,450,94.73284149169922,48.03831481933594,62511
ISIC_3127974,600,450,140.57400512695312,26.598407745361328,25412
ISIC_3129117,600,450,142.54287719726562,20.033823013305664,21708
ISIC_3129795,600,450,157.67291259765625,29.270784378051758,27817
ISIC_3132743,600,450,154.66131591796875,35.852664947509766,39626
ISIC_3138874,600,450,138.73960876464844,44.0287971496582,19336
ISIC_3140203,600,450,125.96207427978516,24.030109405517578,27448
ISIC_3140817,600,450,137.8896942138672,44.5577278137207,25583
ISIC_3141018,600,450,137.7866668701172,39.988433837890625,37457
ISIC_3142156,600,450,133.41522216796875,39.26021194458008,45470
ISIC_3145046,600,450,115.1834487915039,52.26167678833008,39303
ISIC_3147082,600,450,161.40126037597656,29.255895614624023,20043
ISIC_3148432,600,450,147.41635131835938,58.400699615478516,30790
ISIC_3148471,600,450,168.38339233398438,26.268604278564453,23608
ISIC_3151108,600,450,160.29806518554688,26.328983306884766,23495
ISIC_3152857,600,450,153.29566955566406,32.45273208618164,26095
ISIC_3154934,600,450,145.20977783203125,27.406143188476562,40596
ISIC_3155654,600,450,160.3123016357422,19.300796508789062,17329
ISIC_3156175,600,450,132.5572052001953,51.844722747802734,42437
ISIC_3157648,600,450,173.5559539794922,25.023164749145508,24043
ISIC_3157761,600,450,104.15257263183594,69.52877807617188,30918
ISIC_3158315,600,450,148.7564239501953,26.610361099243164,27449
ISIC_3159028,600,450,128.2013702392578,42.69015884399414,47370
ISIC_3159699,600,450,124.18356323242188,26.172883987426758,28698
ISIC_3159993,600,450,122.48194885253906,46.740631103515625,51539
ISIC_3160675,600,450,153.82984924316406,56.08481216430664,39016
ISIC_3162480,600,450,153.08424377441406,32.61592102050781,37350
ISIC_3162488,600,450,133.68711853027344,45.37226486206055,31528
ISIC_3162836,600,450,138.43421936035156,34.01347351074219,54385
ISIC_3163093,600,450,151.9946746826172,36.978492736816406,25717
ISIC_3164080,600,450,110.34400177001953,37.67813491821289,44140
ISIC_3164108,600,450,159.26832580566406,40.47948455810547,31841
ISIC_3166154,600,450,177.07664489746094,21.495302200317383,28324
ISIC_3167280,600,450,142.6185302734375,28.179967880249023,48605
ISIC_3167917,600,450,123.47673797607422,23.741825103759766,27727
ISIC_3168018,600,450,141.32632446289062,31.902772903442383,24004
ISIC_3168049,600,450,129.01991271972656,30.771381378173828,73580
ISIC_3171197,600,450,137.6661376953125,58.44712448120117,34601
ISIC_3173642,600,450,127.6345443725586,24.72035789489746,20808
ISIC_3175404,600,450,124.21701049804688,34.98574447631836,33741
ISIC_3175480,600,450,167.1365966796875,31.51759147644043,31495
ISIC_3175640,600,450,149.41810607910156,46.864471435546875,47739
ISIC_3175755,600,450,160.861083984375,26.101953506469727,25134
ISIC_3177059,600,450,142.140625,34.40338897705078,37110
ISIC_3178739,600,450,153.74459838867188,30.279909133911133,21863
ISIC_3178939,600,450,162.86102294921875,32.16931915283203,45009
ISIC_3178945,600,450,160.0126190185547,31.381254196166992,33403
ISIC_3179593,600,450,146.29067993164062,48.96403503417969,48302
ISIC_3180901,600,450,121.59751892089844,46.81944274902344,47419
ISIC_3181599,600,450,162.75634765625,28.712074279785156,39377
ISIC_3183046,600,450,136.06765747070312,20.528244018554688,28104
ISIC_3183514,600,450,145.31712341308594,42.8988151550293,30018
ISIC_3184644,600,450,151.37193298339844,49.53888702392578,21491
ISIC_3184893,600,450,145.5160369873047,19.142690658569336,22999
ISIC_3185277,600,450,121.51026916503906,22.228981018066406,26810
ISIC_3185613,600,450,124.64388275146484,29.583274841308594,28509
ISIC_3187803,600,450,149.2277374267578,31.73421287536621,27442
ISIC_3187907,600,450,138.56617736816406,27.496196746826172,26215
ISIC_3188102,600,450,128.1731414794922,45.7706298828125,45638
ISIC_3189171,600,450,137.71099853515625,40.46506881713867,38913
ISIC_3190111,600,450,176.9007568359375,55.24515151977539,26655
ISIC_3191236,600,450,133.20791625976562,28.338909149169922,31738
ISIC_3191687,600,450,144.91873168945312,32.899330139160156,29362
ISIC_3192193,600,450,113.37250518798828,45.77199172973633,35296
ISIC_3193023,600,450,141.86358642578125,41.15226745605469,37560
ISIC_3194532,600,450,129.8279571533203,40.63996124267578,34789
ISIC_3195835,600,450,117.65970611572266,47.01497268676758,25343
ISIC_3197211,600,450,149.99659729003906,31.808815002441406,24386
ISIC_3197377,600,450,159.45101928710938,27.952346801757812,24819
ISIC_3197379,600,450,120.3307876586914,44.56430435180664,50989
ISIC_3198901,600,450,163.23179626464844,35.839454650878906,34568
ISIC_3199091,600,450,162.9255828857422,37.11029052734375,28209
ISIC_3201153,600,450,165.0254669189453,21.52220344543457,20082
ISIC_3201692,600,450,199.12803649902344,18.553382873535156,22245
ISIC_3202131,600,450,171.9795379638672,37.34501266479492,23088
ISIC_3203799,600,450,169.78929138183594,37.05674362182617,24843
ISIC_3203845,600,450,125.813720703125,47.269649505615234,51054
ISIC_3204093,600,450,126.34913635253906,32.92708969116211,27483
ISIC_3204703,600,450,147.73614501953125,30.52949333190918,27924
ISIC_3206478,600,450,190.0464630126953,48.886817932128906,36256
ISIC_3208305,600,450,189.0553741455078,58.15293502807617,35023
ISIC_3208971,600,450,167.27980041503906,36.76637268066406,36457
ISIC_3209100,600,450,130.08026123046875,39.51233673095703,43108
ISIC_3209508,600,450,125.34716796875,38.940574645996094,38749
ISIC_3210379,600,450,135.42318725585938,18.297870635986328,24953
ISIC_3210975,600,450,195.1521759033203,35.181156158447266,34749
ISIC_3211369,600,450,138.3575439453125,36.33647918701172,39565
ISIC_3211851,600,450,143.4149169921875,33.155391693115234,22723
ISIC_3211877,600,450,180.82089233398438,51.97705841064453,30222
ISIC_3213706,600,450,151.0630340576172,59.19354248046875,36215
ISIC_3215995,600,450,149.66110229492188,25.014150619506836,24355
ISIC_3217005,600,450,139.0636749267578,21.9757137298584,25018
ISIC_3217731,600,450,130.57635498046875,44.220420837402344,52677
ISIC_3217799,600,450,120.73828887939453,64.75718688964844,30501
ISIC_3220453,600,450,122.1755142211914,36.2394905090332,24373
ISIC_3220827,600,450,174.61767578125,30.673320770263672,39580
ISIC_3223440,600,450,179.62974548339844,41.19600296020508,26119
ISIC_3224359,600,450,158.47998046875,56.40958023071289,36081
ISIC_3225420,600,450,179.7965087890625,46.804405212402344,34796
ISIC_3225587,600,450,128.57461547851562,48.97624206542969,72065
ISIC_3228433,600,450,130.79049682617188,43.429656982421875,43370
ISIC_3229589,600,450,161.87635803222656,22.439952850341797,19387
ISIC_3231371,600,450,106.85855102539062,49.16484069824219,31661
ISIC_3233781,600,450,177.83660888671875,56.8111457824707,19274
ISIC_3234625,600,450,156.12374877929688,44.51687240600586,53479
ISIC_3235167,600,450,136.4434051513672,20.965282440185547,27951
ISIC_3235332,600,450,127.8349609375,27.204360961914062,26497
ISIC_3236056,600,450,143.50364685058594,24.2106990814209,25332
ISIC_3237026,600,450,129.75836181640625,51.941261291503906,51257
ISIC_3237120,600,450,106.86288452148438,35.28372573852539,29352
ISIC_3242637,600,450,142.86729431152344,70.38177490234375,28281
ISIC_3243335,600,450,141.4710693359375,34.234981536865234,39736
ISIC_3244506,600,450,131.93115234375,24.546308517456055,34346
ISIC_3247057,600,450,130.28965759277344,21.821359634399414,21051
ISIC_3248418,600,450,145.57546997070312,26.74047088623047,25725
ISIC_3248460,600,450,133.24880981445312,49.148216247558594,46587
ISIC_3250445,600,450,164.63058471679688,58.17512512207031,34637
ISIC_3250692,600,450,135.56117248535156,54.672584533691406,29531
ISIC_3251194,600,450,111.49874877929688,42.23988723754883,36382
ISIC_3251490,600,450,133.61422729492188,29.857011795043945,48183
ISIC_3251714,600,450,139.65487670898438,15.232101440429688,22584
ISIC_3252559,600,450,131.56695556640625,26.80324363708496,24333
ISIC_3252878,600,450,116.873291015625,33.28818130493164,60797
ISIC_3253665,600,450,142.0166473388672,36.49639129638672,40239
ISIC_3255507,600,450,175.7196807861328,57.874515533447266,23751
ISIC_3256836,600,450,154.40069580078125,29.174570083618164,25167
ISIC_3258327,600,450,211.85220336914062,33.64912033081055,32395
ISIC_3259414,600,450,135.00723266601562,23.95672035217285,26074
ISIC_3259871,600,450,162.7073516845703,21.23465347290039,27422
ISIC_3261040,600,450,134.59896850585938,44.373863220214844,49425
ISIC_3261212,600,450,121.2718505859375,35.65440368652344,40793
ISIC_3262566,600,450,122.87342071533203,28.553394317626953,26832
ISIC_3262933,600,450,149.65301513671875,23.53219223022461,38305
ISIC_3265547,600,450,159.8672637939453,28.735408782958984,27500
ISIC_3265655,600,450,124.49177551269531,34.80006408691406,41779
ISIC_3265817,600,450,126.52296447753906,21.162776947021484,24442
ISIC_3265828,600,450,129.53102111816406,45.91450881958008,36944
ISIC_3266019,600,450,135.58709716796875,30.749414443969727,34542
ISIC_3267303,600,450,131.91233825683594,30.714147567749023,34055
ISIC_3267363,600,450,149.0879364013672,26.55422019958496,19693
ISIC_3268800,600,450,155.72706604003906,19.894296646118164,24783
ISIC_3269390,600,450,114.70631408691406,43.74922561645508,33467
ISIC_3269995,600,450,153.7946014404297,28.264314651489258,53905
ISIC_3272276,600,450,119.75178527832031,33.00968551635742,35140
ISIC_3273623,600,450,170.46604919433594,31.838298797607422,37310
ISIC_3273746,600,450,157.68856811523438,63.52526092529297,32868
ISIC_3275271,600,450,159.67308044433594,38.36561584472656,20378
ISIC_3275406,600,450,146.25534057617188,36.59164047241211,27069
ISIC_3277305,600,450,145.03480529785156,28.155174255371094,24736
ISIC_3277520,600,450,119.57588195800781,35.44686508178711,35516
ISIC_3277541,600,450,174.2728271484375,38.429443359375,32992
ISIC_3278222,600,450,171.05982971191406,18.190336227416992,30879
ISIC_3280000,600,450,135.65325927734375,16.055419921875,21388
ISIC_3281875,600,450,117.68399810791016,24.717004776000977,29659
ISIC_3284065,600,450,115.0695571899414,41.76084518432617,46814
ISIC_3284822,600,450,130.24319458007812,44.47634506225586,44595
ISIC_3284879,600,450,171.65414428710938,23.791982650756836,22637
ISIC_3287000,600,450,168.95115661621094,27.52127456665039,32190
ISIC_3288032,600,450,197.72642517089844,35.320045471191406,28224
ISIC_3288726,600,450,135.0380401611328,30.41078758239746,46683
ISIC_3289736,600,450,159.74627685546875,46.12546157836914,21533
ISIC_3290113,600,450,135.41464233398438,33.32786178588867,46760
ISIC_3290988,600,450,184.07980346679688,33.343162536621094,47008
ISIC_3295711,600,450,110.26883697509766,53.73386764526367,28089
ISIC_3297304,600,450,167.83294677734375,32.84764862060547,38075
ISIC_3298166,600,450,141.37876892089844,53.403255462646484,27896
ISIC_3298684,600,450,121.21601867675781,38.63829803466797,34386
ISIC_3298721,600,450,131.13587951660156,51.16567611694336,43832
ISIC_3298769,600,450,141.32400512695312,45.944541931152344,32112
ISIC_3300164,600,450,80.62513732910156,71.14997100830078,28562
ISIC_3301517,600,450,120.07555389404297,42.54501724243164,42173
ISIC_3302093,600,450,154.62652587890625,21.15152931213379,16562
ISIC_3302174,600,450,132.62643432617188,54.06441879272461,32531
ISIC_3302562,600,450,146.7556610107422,19.071435928344727,23340
ISIC_3302639,600,450,108.488037109375,45.093589782714844,40976
ISIC_3302986,600,450,161.47024536132812,16.492839813232422,19953
ISIC_3303065,600,450,134.72686767578125,20.125244140625,27056
ISIC_3303508,600,450,125.57582092285156,43.781761169433594,56251
ISIC_3303900,600,450,165.7775421142578,40.862518310546875,56486
ISIC_3304492,600,450,140.7469940185547,65.69610595703125,42385
ISIC_3304699,600,450,160.8179168701172,58.155330657958984,39852
ISIC_3305380,600,450,133.41619873046875,38.30876541137695,28480
ISIC_3305736,600,450,116.13613891601562,39.77067565917969,37699
ISIC_3306172,600,450,167.55996704101562,35.25584030151367,30018
ISIC_3306550,600,450,141.28419494628906,51.09025573730469,58661
ISIC_3307206,600,450,126.33323669433594,29.351503372192383,36142
ISIC_3307579,600,450,126.05813598632812,25.662498474121094,29179
ISIC_3308043,600,450,114.00326538085938,45.31105422973633,47695
ISIC_3308945,600,450,182.2186737060547,34.24367904663086,30081
ISIC_3309783,600,450,156.85369873046875,19.04339599609375,26210
ISIC_3310439,600,450,138.89710998535156,33.6739501953125,44628
ISIC_3312614,600,450,135.21469116210938,30.132505416870117,29045
ISIC_3312778,600,450,150.28123474121094,24.033105850219727,29260
ISIC_3313109,600,450,130.06939697265625,46.079830169677734,44194
ISIC_3313166,600,450,145.6314697265625,25.701871871948242,21176
ISIC_3316082,600,450,160.86587524414062,31.108972549438477,40062
ISIC_3317235,600,450,164.6973114013672,11.20736026763916,19464
ISIC_3317643,600,450,133.69769287109375,19.825307846069336,23868
ISIC_3317755,600,450,149.02955627441406,50.10374450683594,22904
ISIC_3318295,600,450,113.76752471923828,31.313934326171875,37868
ISIC_3318403,600,450,133.9344024658203,36.29372787475586,53288
ISIC_3318576,600,450,117.72369384765625,43.934051513671875,43505
ISIC_3320667,600,450,176.78427124023438,36.99016189575195,24911
ISIC_3322515,600,450,153.58209228515625,17.994884490966797,23532
ISIC_3323980,600,450,153.66220092773438,60.549964904785156,43811
ISIC_3326999,600,450,114.3319320678711,39.70745849609375,24140
ISIC_3327085,600,450,122.435791015625,44.3671760559082,68298
ISIC_3327886,600,450,131.84852600097656,29.724267959594727,29846
ISIC_3327928,600,450,151.1188507080078,26.130094528198242,25909
ISIC_3327943,600,450,143.9738006591797,48.10526657104492,39383
ISIC_3328177,600,450,147.40586853027344,29.448625564575195,29102
ISIC_3328629,600,450,126.23918914794922,29.860971450805664,36000
ISIC_3329063,600,450,133.24888610839844,33.33447265625,40766
ISIC_3331148,600,450,176.34469604492188,22.34944725036621,34282
ISIC_3331894,600,450,121.01578521728516,41.81383514404297,45274
ISIC_3331939,600,450,128.64181518554688,36.91652297973633,32243
ISIC_3334508,600,450,107.7763671875,37.719093322753906,30598
ISIC_3334573,600,450,168.9821014404297,31.133893966674805,21953
ISIC_3334868,600,450,134.9175567626953,41.943119049072266,76786
ISIC_3336579,600,450,131.019775390625,39.64243698120117,39421
ISIC_3336886,600,450,137.59072875976562,23.573036193847656,29053
ISIC_3336908,600,450,145.30165100097656,35.24066162109375,29224
ISIC_3337707,600,450,136.49903869628906,35.467552185058594,37749
ISIC_3338902,600,450,133.68002319335938,35.541107177734375,36957
ISIC_3340382,600,450,126.10637664794922,41.47652816772461,35838
ISIC_3341226,600,450,183.07620239257812,22.736425399780273,24321
ISIC_3341232,600,450,141.28793334960938,43.1313362121582,40978
ISIC_3341530,600,450,84.60944366455078,40.164939880371094,16951
ISIC_3343720,600,450,142.37086486816406,47.90154266357422,33073
ISIC_3343865,600,450,105.78009033203125,29.73487663269043,45579
ISIC_3344295,600,450,117.17051696777344,67.77893829345703,45047
ISIC_3344319,600,450,159.56564331054688,12.74276351928711,16080
ISIC_3345386,600,450,175.2992401123047,53.572998046875,21672
ISIC_3346679,600,450,150.5082550048828,31.480167388916016,29051
ISIC_3347493,600,450,137.59974670410156,23.600849151611328,28075
ISIC_3349058,600,450,109.6483383178711,34.25847244262695,34425
ISIC_3349986,600,450,129.68386840820312,25.78363800048828,37837
ISIC_3352589,600,450,149.0625457763672,33.94164276123047,26134
ISIC_3354653,600,450,165.00668334960938,58.95224380493164,50784
ISIC_3355310,600,450,125.65422058105469,47.2112922668457,40310
ISIC_3356311,600,450,124.85191345214844,42.18833923339844,36826
ISIC_3356573,600,450,115.5248794555664,38.15947341918945,23634
ISIC_3357525,600,450,157.13491821289062,52.435943603515625,23101
ISIC_3357576,600,450,115.61263275146484,33.42776870727539,23280
ISIC_3357733,600,450,169.17794799804688,32.69007110595703,41546
ISIC_3359951,600,450,156.83448791503906,30.35991096496582,27857
ISIC_3360186,600,450,169.83865356445312,46.62687301635742,23600
ISIC_3360235,600,450,129.4813995361328,17.50457763671875,20694
ISIC_3361208,600,450,158.14085388183594,30.933870315551758,36957
ISIC_3361791,600,450,135.62152099609375,43.04607009887695,51713
ISIC_3362091,600,450,131.54525756835938,47.699466705322266,28096
ISIC_3362890,600,450,144.89564514160156,16.645402908325195,21701
ISIC_3364269,600,450,176.81434631347656,36.898868560791016,24458
ISIC_3365241,600,450,163.3441619873047,17.208280563354492,22816
ISIC_3365437,600,450,157.6436309814453,26.10000228881836,19075
ISIC_3366370,600,450,122.6732406616211,42.98251724243164,38977
ISIC_3368184,600,450,135.52874755859375,37.69622802734375,48139
ISIC_3368269,600,450,99.45167541503906,50.05052947998047,79553
ISIC_3368991,600,450,137.624755859375,29.56394386291504,27199
ISIC_3369429,600,450,120.36463165283203,40.529842376708984,61227
ISIC_3369700,600,450,144.6434783935547,38.773311614990234,37235
ISIC_3370385,600,450,149.24392700195312,48.93938064575195,42208
ISIC_3371218,600,450,129.48973083496094,29.666017532348633,30263
ISIC_3372353,600,450,134.92349243164062,28.13884925842285,26013
ISIC_3372650,600,450,157.34010314941406,33.19071578979492,18404
ISIC_3374597,600,450,152.6626434326172,17.071231842041016,19185
ISIC_3375059,600,450,142.7103729248047,34.61689376831055,39651
ISIC_3379605,600,450,106.66433715820312,46.63154602050781,45197
ISIC_3384621,600,450,151.9779815673828,39.14628601074219,29287
ISIC_3386852,600,450,134.5445556640625,36.38542175292969,31895
ISIC_3388002,600,450,137.3181915283203,46.922325134277344,35591
ISIC_3389727,600,450,116.12416076660156,30.56353187561035,28145
ISIC_3389976,600,450,152.57003784179688,38.1639289855957,34199
ISIC_3392380,600,450,146.26260375976562,36.73514175415039,40787
ISIC_3392397,600,450,122.91690063476562,42.98872756958008,36525
ISIC_3394938,600,450,161.73646545410156,24.428178787231445,23134
ISIC_3395616,600,450,163.01348876953125,27.070079803466797,22205
ISIC_3395847,600,450,147.37168884277344,44.570396423339844,31127
ISIC_3396463,600,450,156.64927673339844,68.20972442626953,30092
ISIC_3396860,600,450,142.03402709960938,42.92573547363281,52338
ISIC_3397320,600,450,120.70381927490234,34.915924072265625,43453
ISIC_3397720,600,450,137.219970703125,58.755859375,69004
ISIC_3399647,600,450,166.1280059814453,29.871950149536133,22823
ISIC_3401124,600,450,137.5245361328125,22.221487045288086,25163
ISIC_3401455,600,450,134.1797332763672,37.9543342590332,45936
ISIC_3405243,600,450,165.97238159179688,35.23631286621094,25137
ISIC_3408569,600,450,130.6124725341797,38.965675354003906,35374
ISIC_3408726,600,450,103.96177673339844,50.6848258972168,20488
ISIC_3408779,600,450,163.72982788085938,21.88714027404785,17893
ISIC_3410251,600,450,113.28189849853516,23.81992530822754,25225
ISIC_3411624,600,450,167.51727294921875,39.58906936645508,39868
ISIC_3412303,600,450,147.36521911621094,49.69227981567383,42632
ISIC_3414486,600,450,154.97157287597656,22.908388137817383,24196
ISIC_3416227,600,450,132.5241241455078,24.758363723754883,30492
ISIC_3418096,600,450,138.7991180419922,29.681570053100586,23401
ISIC_3418246,600,450,109.81024932861328,51.490726470947266,27570
ISIC_3418625,600,450,116.18177032470703,42.52263259887695,63728
ISIC_3420179,600,450,143.1787109375,9.206262588500977,18911
ISIC_3420236,600,450,145.88848876953125,20.546138763427734,17870
ISIC_3420711,600,450,153.0902099609375,32.9181022644043,30667
ISIC_3420842,600,450,130.79449462890625,29.42262840270996,19783
ISIC_3422780,600,450,120.7663803100586,43.0118522644043,37960
ISIC_3425683,600,450,147.2154998779297,19.38247299194336,22218
ISIC_3427526,600,450,154.43519592285156,30.3666934967041,21359
ISIC_3427742,600,450,94.51073455810547,35.69045639038086,46076
ISIC_3428379,600,450,116.5443344116211,32.90345001220703,29758
ISIC_3428455,600,450,176.0077667236328,54.87590408325195,31764
ISIC_3428486,600,450,153.19435119628906,41.20505142211914,30807
ISIC_3428806,600,450,121.33847045898438,31.67129135131836,35706
ISIC_3429549,600,450,132.30662536621094,27.01432991027832,29876
ISIC_3430375,600,450,132.83761596679688,49.80279541015625,32099
ISIC_3430609,600,450,163.59840393066406,27.59580421447754,19429
ISIC_3430932,600,450,144.42138671875,42.61981201171875,36643
ISIC_3431348,600,450,152.9976043701172,49.428070068359375,38398
ISIC_3431588,600,450,143.3554229736328,29.009305953979492,35921
ISIC_3431903,600,450,140.4071502685547,24.26284408569336,25156
ISIC_3431989,600,450,175.679443359375,38.00230407714844,26117
ISIC_3432012,600,450,164.3185272216797,43.05956268310547,28220
ISIC_3432469,600,450,128.65628051757812,43.393470764160156,34462
ISIC_3433968,600,450,108.29532623291016,36.355411529541016,30690
ISIC_3434316,600,450,144.15061950683594,21.189626693725586,34197
ISIC_3436668,600,450,125.93611907958984,52.63220977783203,28408
ISIC_3436899,600,450,141.6713409423828,41.69319534301758,37135
ISIC_3439130,600,450,128.8716583251953,47.229164123535156,46368
ISIC_3439175,600,450,124.73193359375,32.91205596923828,47059
ISIC_3441354,600,450,116.349609375,31.78110122680664,44929
ISIC_3442516,600,450,120.55547332763672,43.987586975097656,45991
ISIC_3442836,600,450,147.2186737060547,22.721542358398438,25527
ISIC_3444223,600,450,164.07383728027344,19.565258026123047,35256
ISIC_3445025,600,450,131.76234436035156,43.634300231933594,27618
ISIC_3445145,600,450,115.57038879394531,35.926116943359375,25323
ISIC_3445231,600,450,148.3497314453125,26.76798439025879,23355
ISIC_3446046,600,450,129.3340301513672,31.325334548950195,31011
ISIC_3446517,600,450,162.43295288085938,45.097084045410156,39979
ISIC_3447417,600,450,138.4606170654297,25.802593231201172,27692
ISIC_3447732,600,450,135.2171630859375,33.709205627441406,32547
ISIC_3451684,600,450,174.11988830566406,41.52006912231445,31541
ISIC_3454940,600,450,185.6895751953125,39.47337341308594,27991
ISIC_3455310,600,450,150.3867950439453,39.90926742553711,35581
ISIC_3456765,600,450,98.41902160644531,43.87699890136719,45176
ISIC_3456998,600,450,157.16928100585938,37.8754997253418,29287
ISIC_3457455,600,450,166.6082000732422,15.110918998718262,16540
ISIC_3459198,600,450,130.8519287109375,44.43547058105469,52698
ISIC_3460141,600,450,181.82666015625,52.301544189453125,21371
ISIC_3460349,600,450,108.82988739013672,26.382713317871094,47762
ISIC_3461504,600,450,123.2198486328125,35.54806137084961,35987
ISIC_3462090,600,450,148.94821166992188,38.667945861816406,32047
ISIC_3462970,600,450,159.6566925048828,32.556861877441406,42030
ISIC_3464724,600,450,161.28057861328125,47.78032302856445,37215
ISIC_3466390,600,450,126.21941375732422,44.4290657043457,45886
ISIC_3466904,600,450,127.0461654663086,27.740419387817383,31670
ISIC_3467950,600,450,158.49215698242188,27.767343521118164,29434
ISIC_3468250,600,450,140.25001525878906,47.961177825927734,22006
ISIC_3468757,600,450,147.0485382080078,37.10478591918945,25717
ISIC_3469093,600,450,142.58258056640625,39.680667877197266,33831
ISIC_3469837,600,450,162.00726318359375,41.377479553222656,24586
ISIC_3472228,600,450,171.32293701171875,26.944568634033203,22671
ISIC_3472289,600,450,94.74119567871094,49.46610641479492,62759
ISIC_3473807,600,450,151.21800231933594,37.53982925415039,22776
ISIC_3475592,600,450,105.00347900390625,33.87455749511719,45622
ISIC_3475953,600,450,104.66974639892578,40.32189178466797,60524
ISIC_3477325,600,450,136.22073364257812,14.498527526855469,19981
ISIC_3477335,600,450,121.48294067382812,34.81135177612305,24993
ISIC_3479083,600,450,147.66546630859375,18.369840621948242,22613
ISIC_3480084,600,450,153.81092834472656,31.5999698638916,30256
ISIC_3480499,600,450,133.8072052001953,34.244388580322266,30150
ISIC_3480611,600,450,140.1580352783203,56.42966842651367,32380
ISIC_3482213,600,450,122.59635925292969,41.14461898803711,42752
ISIC_3482891,600,450,159.37237548828125,48.544921875,30568
ISIC_3483103,600,450,143.25778198242188,18.23429298400879,19083
ISIC_3483575,600,450,125.04906463623047,32.08466339111328,36082
ISIC_3483843,600,450,166.18885803222656,44.0951042175293,48154
ISIC_3485059,600,450,122.09498596191406,40.755794525146484,32576
ISIC_3485522,600,450,136.2075653076172,17.61420249938965,33427
ISIC_3486312,600,450,157.6031036376953,70.18148040771484,31239
ISIC_3487034,600,450,149.75244140625,13.325618743896484,23496
ISIC_3488397,600,450,162.850830078125,15.742939949035645,14854
ISIC_3489676,600,450,136.2292022705078,26.288782119750977,32565
ISIC_3489797,600,450,107.58269500732422,38.20661544799805,40208
ISIC_3490874,600,450,125.35405731201172,36.24814224243164,27713
ISIC_3491198,600,450,158.26214599609375,24.920272827148438,30642
ISIC_3491804,600,450,132.58294677734375,43.356536865234375,44305
ISIC_3494647,600,450,132.73428344726562,41.4639892578125,26434
ISIC_3494719,600,450,152.71009826660156,22.13678550720215,23240
ISIC_3496072,600,450,137.0271453857422,40.75091552734375,35577
ISIC_3496143,600,450,131.4127197265625,37.49524688720703,36502
ISIC_3497836,600,450,133.9997100830078,50.190608978271484,48627
ISIC_3500227,600,450,146.4014434814453,30.441720962524414,31796
ISIC_3500691,600,450,139.31546020507812,36.941986083984375,35218
ISIC_3501503,600,450,154.4551239013672,20.836544036865234,16518
ISIC_3503700,600,450,159.72767639160156,27.47027015686035,48102
ISIC_3503789,600,450,140.98452758789062,38.9620361328125,31788
ISIC_3504270,600,450,136.890869140625,15.706825256347656,26581
ISIC_3505887,600,450,139.04998779296875,38.1297721862793,39666
ISIC_3507270,600,450,154.14132690429688,35.928035736083984,46852
ISIC_3507614,600,450,168.3004913330078,42.294132232666016,24932
ISIC_3508395,600,450,154.75180053710938,18.4937744140625,18408
ISIC_3508606,600,450,138.99496459960938,31.2774658203125,48172
ISIC_3508744,600,450,129.60694885253906,29.06695556640625,40366
ISIC_3510532,600,450,114.02711486816406,36.48679733276367,37132
ISIC_3511086,600,450,176.6929931640625,32.74769592285156,21673
ISIC_3513521,600,450,141.90679931640625,24.322410583496094,28338
ISIC_3513821,600,450,138.7887420654297,19.875629425048828,21150
ISIC_3515169,600,450,148.8096923828125,23.086668014526367,31709
ISIC_3515780,600,450,148.8607940673828,37.91997146606445,29564
ISIC_3515789,600,450,158.58358764648438,35.33428955078125,43989
ISIC_3518193,600,450,148.6793212890625,38.91530990600586,18085
ISIC_3518720,600,450,185.80673217773438,56.796180725097656,29329
ISIC_3518967,600,450,102.5259780883789,24.624940872192383,28029
ISIC_3519677,600,450,133.7766876220703,59.5756721496582,42329
ISIC_3520227,600,450,171.05587768554688,35.87374496459961,33870
ISIC_3521430,600,450,129.74481201171875,24.177932739257812,43297
ISIC_3522468,600,450,143.4303436279297,20.062698364257812,36495
ISIC_3524883,600,450,137.56594848632812,33.9536247253418,18349
ISIC_3525463,600,450,127.88811492919922,31.718441009521484,34430
ISIC_3526427,600,450,151.71522521972656,16.108123779296875,17787
ISIC_3526708,600,450,163.9633331298828,16.903854370117188,20118
ISIC_3527498,600,450,149.93759155273438,41.007625579833984,22649
ISIC_3528840,600,450,129.51707458496094,16.942991256713867,36526
ISIC_3530269,600,450,132.44345092773438,40.979862213134766,41695
ISIC_3531459,600,450,125.91854095458984,30.659015655517578,30775
ISIC_3532225,600,450,135.93087768554688,32.67823028564453,31591
ISIC_3532575,600,450,84.21080780029297,35.019012451171875,27761
ISIC_3535393,600,450,110.38636779785156,36.064151763916016,26921
ISIC_3535882,600,450,107.74974822998047,57.43503952026367,43447
ISIC_3536529,600,450,134.89488220214844,47.13587951660156,27914
ISIC_3537131,600,450,168.33599853515625,13.730958938598633,16783
ISIC_3538568,600,450,163.55697631835938,20.307292938232422,23449
ISIC_3539413,600,450,155.83021545410156,15.829451560974121,25911
ISIC_3539669,600,450,170.86424255371094,46.2777099609375,51299
ISIC_3539795,600,450,166.33578491210938,19.52545928955078,16860
ISIC_3540017,600,450,173.98898315429688,30.99652671813965,28258
ISIC_3540431,600,450,145.22665405273438,35.570003509521484,27711
ISIC_3540482,600,450,172.87632751464844,33.2405891418457,18671
ISIC_3542359,600,450,139.638671875,42.14353561401367,35181
ISIC_3543603,600,450,133.75213623046875,41.327484130859375,50564
ISIC_3545489,600,450,123.51561737060547,41.5357780456543,43110
ISIC_3545744,600,450,155.07406616210938,42.71464538574219,23615
ISIC_3547942,600,450,126.75668334960938,26.406063079833984,25821
ISIC_3548384,600,450,126.45375061035156,36.49378204345703,41220
ISIC_3548770,600,450,142.3626251220703,25.980913162231445,26945
ISIC_3553184,600,450,143.47254943847656,32.75346374511719,35442
ISIC_3553315,600,450,159.5982666015625,32.53281021118164,26031
ISIC_3553323,600,450,168.23953247070312,30.31958770751953,35451
ISIC_3555396,600,450,132.28997802734375,38.70105743408203,27389
ISIC_3558339,600,450,105.29756927490234,44.3293342590332,23242
ISIC_3560001,600,450,197.80760192871094,34.06340408325195,12393
ISIC_3560179,600,450,133.1584014892578,27.175392150878906,36978
ISIC_3562485,600,450,164.95335388183594,21.747262954711914,31841
ISIC_3563806,600,450,148.75538635253906,30.466215133666992,43785
ISIC_3564212,600,450,126.9954605102539,33.69499206542969,40761
ISIC_3564428,600,450,149.25291442871094,21.28605079650879,29300
ISIC_3566394,600,450,130.5298614501953,41.45705032348633,42852
ISIC_3567091,600,450,144.79718017578125,39.9643440246582,34993
ISIC_3567360,600,450,152.37413024902344,24.737083435058594,31067
ISIC_3567810,600,450,123.51615905761719,39.912933349609375,41571
ISIC_3568310,600,450,119.93428039550781,44.420528411865234,27701
ISIC_3569610,600,450,167.62432861328125,27.765907287597656,38281
ISIC_3570541,600,450,146.6961212158203,44.906917572021484,23516
ISIC_3573102,600,450,131.6095428466797,43.12981033325195,38061
ISIC_3573447,600,450,154.92477416992188,40.09690475463867,34022
ISIC_3573709,600,450,131.2561492919922,46.74162292480469,38766
ISIC_3574989,600,450,114.91641235351562,32.625919342041016,36956
ISIC_3577401,600,450,136.4136505126953,38.06173324584961,40337
ISIC_3577478,600,450,153.62562561035156,22.91742515563965,30571
ISIC_3578286,600,450,163.50381469726562,51.131595611572266,31577
ISIC_3578842,600,450,165.54025268554688,48.32062911987305,27543
ISIC_3581058,600,450,130.28855895996094,34.218441009521484,26774
ISIC_3581694,600,450,159.80972290039062,34.74713134765625,46118
ISIC_3584546,600,450,154.04417419433594,34.48887634277344,36370
ISIC_3584809,600,450,144.0776824951172,28.067859649658203,23387
ISIC_3585425,600,450,167.50108337402344,14.655248641967773,21962
ISIC_3585759,600,450,148.95680236816406,20.50879669189453,22758
ISIC_3587587,600,450,125.67838287353516,18.817550659179688,44638
ISIC_3587674,600,450,150.61741638183594,32.41943359375,18458
ISIC_3587898,600,450,175.46469116210938,22.47984504699707,25695
ISIC_3589220,600,450,147.29225158691406,60.79823303222656,29979
ISIC_3589795,600,450,120.6502914428711,32.433372497558594,32893
ISIC_3590185,600,450,164.40089416503906,31.71886444091797,45421
ISIC_3590619,600,450,140.5472412109375,40.18931198120117,36670
ISIC_3591898,600,450,165.71905517578125,39.86442184448242,25634
ISIC_3593419,600,450,153.98794555664062,27.16825294494629,21684
ISIC_3594514,600,450,142.1825714111328,43.583343505859375,32399
ISIC_3594638,600,450,146.54769897460938,36.48207473754883,26332
ISIC_3595631,600,450,129.5016632080078,39.423561096191406,38493
ISIC_3595673,600,450,114.91557312011719,33.60746383666992,47440
ISIC_3596200,600,450,99.35405731201172,31.526622772216797,20482
ISIC_3596524,600,450,159.66241455078125,20.1734561920166,18544
ISIC_3597945,600,450,140.51919555664062,43.15634536743164,40253
ISIC_3599295,600,450,133.97772216796875,22.91944694519043,28205
ISIC_3599799,600,450,203.0048828125,41.44716262817383,21132
ISIC_3601357,600,450,124.77704620361328,40.05498504638672,42024
ISIC_3601726,600,450,154.15481567382812,32.54091262817383,46984
ISIC_3601752,600,450,103.33038330078125,50.58116912841797,25924
ISIC_3602145,600,450,52.68422317504883,20.104503631591797,46161
ISIC_3603310,600,450,149.35711669921875,24.43848991394043,13336
ISIC_3606192,600,450,180.66619873046875,38.15084457397461,32601
ISIC_3609001,600,450,130.4864044189453,26.738691329956055,34992
ISIC_3610123,600,450,130.8737335205078,39.10593032836914,43841
ISIC_3610158,600,450,101.86358642578125,29.302814483642578,20148
ISIC_3612044,600,450,150.09722900390625,26.75872802734375,23253
ISIC_3613098,600,450,128.07180786132812,27.937454223632812,31966
ISIC_3613928,600,450,155.66036987304688,55.691078186035156,40997
ISIC_3614265,600,450,114.11245727539062,39.39756393432617,30697
ISIC_3614372,600,450,126.3468246459961,35.23780822753906,34320
ISIC_3617005,600,450,144.79893493652344,39.271156311035156,67893
ISIC_3619795,600,450,126.20092010498047,78.05392456054688,43354
ISIC_3620839,600,450,148.8811492919922,42.3242073059082,35184
ISIC_3623141,600,450,158.830810546875,42.60438919067383,28869
ISIC_3624913,600,450,154.33436584472656,27.12306785583496,26778
ISIC_3625335,600,450,139.9661102294922,20.37839698791504,31655
ISIC_3626191,600,450,148.2408447265625,26.894840240478516,25272
ISIC_3627147,600,450,181.41262817382812,23.40959930419922,16737
ISIC_3627294,600,450,154.30648803710938,34.40861129760742,25783
ISIC_3627368,600,450,121.03627014160156,41.732810974121094,43245
ISIC_3627672,600,450,140.88140869140625,49.9686164855957,37051
ISIC_3628532,600,450,144.57594299316406,30.340871810913086,24214
ISIC_3628920,600,450,112.05828094482422,32.05482482910156,45858
ISIC_3629047,600,450,147.44432067871094,33.11051559448242,38445
ISIC_3631183,600,450,158.55267333984375,18.93268585205078,26347
ISIC_3631653,600,450,110.7447280883789,45.73613739013672,30136
ISIC_3632192,600,450,130.54263305664062,20.77942657470703,28075
ISIC_3633147,600,450,136.7362060546875,42.413814544677734,41991
ISIC_3634737,600,450,153.92965698242188,41.67973709106445,56418
ISIC_3636477,600,450,135.43849182128906,29.820661544799805,32012
ISIC_3636953,600,450,144.45680236816406,41.4797248840332,30007
ISIC_3636991,600,450,124.52240753173828,33.23008728027344,28726
ISIC_3637593,600,450,155.34500122070312,32.082820892333984,26601
ISIC_3638194,600,450,119.59456634521484,48.360286712646484,54417
ISIC_3639193,600,450,119.50757598876953,45.38429260253906,43569
ISIC_3640695,600,450,155.72825622558594,50.71115493774414,53930
ISIC_3642409,600,450,129.60641479492188,38.492061614990234,42297
ISIC_3642584,600,450,151.5115509033203,44.51785659790039,27121
ISIC_3642704,600,450,151.0841827392578,48.88517761230469,30434
ISIC_3643046,600,450,143.8113555908203,36.75818634033203,47772
ISIC_3644082,600,450,141.044677734375,39.814056396484375,21120
ISIC_3644112,600,450,184.19952392578125,42.86661911010742,46694
ISIC_3644578,600,450,131.154052734375,33.72557830810547,38583
ISIC_3645026,600,450,127.94055938720703,71.14482116699219,36317
ISIC_3646755,600,450,165.2396240234375,44.712806701660156,30441
ISIC_3651770,600,450,158.62127685546875,46.52275085449219,68568
ISIC_3652498,600,450,136.57254028320312,29.617815017700195,30818
ISIC_3653173,600,450,110.02323150634766,42.613624572753906,39841
ISIC_3654837,600,450,157.2449951171875,25.555442810058594,16432
ISIC_3656292,600,450,137.25941467285156,37.1361083984375,40705
ISIC_3657842,600,450,176.38980102539062,30.659122467041016,44142
ISIC_3658597,600,450,168.4982452392578,39.7010383605957,22595
ISIC_3658823,600,450,138.99908447265625,18.813430786132812,20035
ISIC_3659324,600,450,120.71829986572266,27.527929306030273,27532
ISIC_3661021,600,450,127.23583221435547,39.93864440917969,43086
ISIC_3661670,600,450,141.1870574951172,26.73293113708496,30900
ISIC_3663283,600,450,136.0689239501953,21.246906280517578,28690
ISIC_3665449,600,450,146.1263885498047,23.06999969482422,24825
ISIC_3666002,600,450,126.90441131591797,31.306018829345703,23670
ISIC_3666907,600,450,156.22962951660156,53.12392807006836,50019
ISIC_3667052,600,450,162.7940216064453,23.18714141845703,24332
ISIC_3668445,600,450,101.82402038574219,28.49744987487793,25244
ISIC_3668509,600,450,196.04754638671875,20.042404174804688,28659
ISIC_3669176,600,450,178.83436584472656,45.801204681396484,45467
ISIC_3669322,600,450,140.04483032226562,34.736507415771484,49216
ISIC_3670069,600,450,127.01915740966797,40.28534698486328,27891
ISIC_3672274,600,450,135.35202026367188,27.532995223999023,28609
ISIC_3672764,600,450,147.6306915283203,42.84543228149414,40190
ISIC_3672834,600,450,168.94418334960938,25.206090927124023,42190
ISIC_3672849,600,450,144.2804718017578,37.5578727722168,50255
ISIC_3673744,600,450,149.867431640625,17.461402893066406,24164
ISIC_3673916,600,450,145.24742126464844,27.080602645874023,17176
ISIC_3675396,600,450,164.60031127929688,27.01373291015625,20649
ISIC_3675883,600,450,127.87911987304688,44.12828826904297,30621
ISIC_3676018,600,450,142.4686279296875,13.988630294799805,19491
ISIC_3676848,600,450,110.89370727539062,32.79179382324219,51939
ISIC_3678654,600,450,175.70802307128906,34.881839752197266,22247
ISIC_3679455,600,450,147.888671875,43.41140365600586,39894
ISIC_3683640,600,450,126.05579376220703,31.367738723754883,29292
ISIC_3685267,600,450,159.62315368652344,27.711362838745117,25661
ISIC_3685271,600,450,139.2972412109375,32.87593078613281,54744
ISIC_3687721,600,450,155.7471923828125,45.3031120300293,34491
ISIC_3688627,600,450,132.7760009765625,47.28131866455078,45704
ISIC_3688805,600,450,133.2823028564453,23.986032485961914,37806
ISIC_3689085,600,450,194.01504516601562,23.00070571899414,28336
ISIC_3689711,600,450,143.6806182861328,23.03603744506836,27522
ISIC_3690079,600,450,138.2576141357422,51.02647018432617,38238
ISIC_3691801,600,450,144.33226013183594,8.28535270690918,17780
ISIC_3693749,600,450,180.07545471191406,48.906341552734375,46539
ISIC_3694172,600,450,129.2810821533203,27.24936294555664,29499
ISIC_3694700,600,450,143.85850524902344,44.32714080810547,37101
ISIC_3696217,600,450,139.20741271972656,39.432167053222656,44009
ISIC_3698441,600,450,139.48080444335938,39.636924743652344,28318
ISIC_3701587,600,450,134.31753540039062,33.92085647583008,47273
ISIC_3703123,600,450,122.08946990966797,28.1115779876709,27830
ISIC_3704603,600,450,110.00819396972656,44.186317443847656,24443
ISIC_3705057,600,450,122.3514633178711,31.282106399536133,34316
ISIC_3705158,600,450,136.2843780517578,26.314207077026367,31102
ISIC_3706698,600,450,115.19583129882812,29.503080368041992,34568
ISIC_3707347,600,450,158.64764404296875,24.580726623535156,37603
ISIC_3708140,600,450,124.38032531738281,45.61880874633789,48256
ISIC_3708334,600,450,131.16543579101562,42.488731384277344,24914
ISIC_3709727,600,450,142.43605041503906,45.33647918701172,35569
ISIC_3712412,600,450,138.21060180664062,31.369611740112305,59243
ISIC_3713055,600,450,136.8194122314453,36.60778045654297,43743
ISIC_3715127,600,450,161.01744079589844,20.22056007385254,21611
ISIC_3715527,600,450,115.5271987915039,39.89265441894531,51924
ISIC_3716241,600,450,122.9707260131836,47.88069152832031,50238
ISIC_3716373,600,450,186.4561309814453,25.44904327392578,51251
ISIC_3717176,600,450,158.6243896484375,32.916683197021484,27141
ISIC_3719395,600,450,149.76251220703125,29.096174240112305,34846
ISIC_3719515,600,450,169.29730224609375,28.373336791992188,39840
ISIC_3720143,600,450,147.8643035888672,18.625621795654297,19858
ISIC_3721391,600,450,171.7865447998047,20.97608184814453,24809
ISIC_3722054,600,450,117.1656265258789,24.7146053314209,28152
ISIC_3722799,600,450,136.90188598632812,34.750606536865234,26564
ISIC_3723692,600,450,179.01783752441406,34.05424499511719,44603
ISIC_3724648,600,450,116.89236450195312,41.02104568481445,35486
ISIC_3725108,600,450,165.4205780029297,23.77484130859375,41419
ISIC_3727364,600,450,147.44775390625,34.765228271484375,38508
ISIC_3727371,600,450,136.96566772460938,30.356075286865234,21420
ISIC_3727735,600,450,145.46456909179688,23.305410385131836,23602
ISIC_3729094,600,450,166.70262145996094,49.73882293701172,49280
ISIC_3729865,600,450,166.20187377929688,40.959495544433594,29609
ISIC_3730239,600,450,144.22508239746094,18.672155380249023,24993
ISIC_3730545,600,450,132.9208526611328,19.684499740600586,17690
ISIC_3733902,600,450,150.8970184326172,46.708152770996094,31665
ISIC_3734095,600,450,148.7339324951172,49.10084915161133,29067
ISIC_3734574,600,450,128.8320770263672,42.12541198730469,41693
ISIC_3735182,600,450,155.16998291015625,25.669593811035156,24081
ISIC_3735481,600,450,168.51637268066406,30.39728546142578,33728
ISIC_3735485,600,450,160.3424835205078,23.959489822387695,40954
ISIC_3736563,600,450,157.82374572753906,21.763248443603516,35042
ISIC_3736605,600,450,122.66316986083984,42.486488342285156,26625
ISIC_3737700,600,450,142.08738708496094,18.353979110717773,20890
ISIC_3739337,600,450,124.75453186035156,48.22056198120117,46524
ISIC_3740583,600,450,135.95751953125,36.34083938598633,34563
ISIC_3740957,600,450,122.81936645507812,35.338226318359375,34083
ISIC_3740979,600,450,141.5947723388672,23.283485412597656,35269
ISIC_3741929,600,450,114.95909118652344,26.3652286529541,28630
ISIC_3743625,600,450,134.68817138671875,29.21910285949707,57647
ISIC_3744785,600,450,157.2519073486328,33.344322204589844,29246
ISIC_3744853,600,450,152.318603515625,24.067106246948242,47787
ISIC_3746960,600,450,170.3000030517578,26.532772064208984,30658
ISIC_3748464,600,450,148.41651916503906,39.2016487121582,61988
ISIC_3748838,600,450,105.29633331298828,28.417945861816406,44815
ISIC_3750512,600,450,153.9634246826172,41.61640548706055,28891
ISIC_3750787,600,450,126.01961517333984,30.422800064086914,33784
ISIC_3751292,600,450,168.8320770263672,30.8575439453125,23994
ISIC_3751769,600,450,165.26361083984375,33.37613296508789,41907
ISIC_3754933,600,450,136.7659912109375,25.362958908081055,30403
ISIC_3757262,600,450,138.78688049316406,44.5394172668457,37305
ISIC_3759305,600,450,151.72317504882812,18.285688400268555,35675
ISIC_3759344,600,450,112.67762756347656,36.90959548950195,51405
ISIC_3760355,600,450,137.0874481201172,20.60062599182129,20929
ISIC_3761563,600,450,113.43840026855469,36.845237731933594,38871
ISIC_3762115,600,450,147.81683349609375,18.221847534179688,20024
ISIC_3762126,600,450,153.02784729003906,33.82265853881836,25159
ISIC_3763694,600,450,126.3653335571289,43.48867416381836,52537
ISIC_3763896,600,450,168.9870147705078,22.36390495300293,32170
ISIC_3765070,600,450,186.03294372558594,25.177492141723633,24696
ISIC_3765481,600,450,150.50216674804688,22.12791633605957,28082
ISIC_3766990,600,450,147.3906707763672,15.79770565032959,28111
ISIC_3769180,600,450,178.6734161376953,26.12656021118164,24974
ISIC_3769575,600,450,147.57052612304688,39.94103240966797,30264
ISIC_3769921,600,450,117.4814224243164,40.81742477416992,37011
ISIC_3770337,600,450,149.3075714111328,35.441287994384766,25891
ISIC_3770484,600,450,136.294677734375,35.28858947753906,35322
ISIC_3772519,600,450,185.10549926757812,35.81700897216797,23589
ISIC_3773277,600,450,155.67369079589844,58.84114456176758,27169
ISIC_3774225,600,450,169.40065002441406,26.091018676757812,21393
ISIC_3774678,600,450,137.9334259033203,37.827674865722656,43667
ISIC_3774739,600,450,167.11233520507812,39.48749542236328,48211
ISIC_3776498,600,450,133.52940368652344,39.267398834228516,48293
ISIC_3776721,600,450,129.15382385253906,49.72874069213867,47250
ISIC_3778059,600,450,132.71006774902344,42.62071228027344,48657
ISIC_3779625,600,450,143.16026306152344,41.39550018310547,32514
ISIC_3780652,600,450,141.16627502441406,22.475534439086914,23139
ISIC_3782736,600,450,164.29400634765625,34.46246337890625,20771
ISIC_3782737,600,450,158.4550323486328,24.764131546020508,36867
ISIC_3782771,600,450,133.64584350585938,30.09946060180664,35857
ISIC_3783849,600,450,139.3037109375,29.37161636352539,24639
ISIC_3783885,600,450,124.68656921386719,23.943552017211914,26271
ISIC_3784009,600,450,136.3434600830078,24.61220932006836,42444
ISIC_3785074,600,450,165.6602783203125,45.05889892578125,53800
ISIC_3785448,600,450,114.65060424804688,22.237192153930664,35547
ISIC_3786263,600,450,129.94944763183594,35.19880294799805,18160
ISIC_3788301,600,450,158.27188110351562,52.61164474487305,30823
ISIC_3788562,600,450,155.26458740234375,24.45368003845215,30109
ISIC_3788989,600,450,153.90463256835938,26.663410186767578,25034
ISIC_3789455,600,450,112.86255645751953,77.24835968017578,40212
ISIC_3789914,600,450,169.58572387695312,36.10186004638672,26762
ISIC_3790590,600,450,143.52627563476562,36.35975646972656,36533
ISIC_3791100,600,450,124.72399139404297,44.78709030151367,48199
ISIC_3791559,600,450,158.98468017578125,48.17531204223633,23194
ISIC_3792868,600,450,153.93272399902344,46.76449203491211,27045
ISIC_3793299,600,450,162.18638610839844,38.84587097167969,32086
ISIC_3794267,600,450,110.95116424560547,21.31751823425293,26849
ISIC_3794620,600,450,168.56494140625,30.73333740234375,23730
ISIC_3797221,600,450,149.78233337402344,49.341365814208984,25764
ISIC_3797260,600,450,135.89393615722656,36.09355545043945,23315
ISIC_3799041,600,450,145.64454650878906,49.11215591430664,39253
ISIC_3799953,600,450,139.95498657226562,17.735456466674805,18064
ISIC_3807230,600,450,138.89244079589844,28.021759033203125,28860
ISIC_3807348,600,450,136.8364715576172,23.746559143066406,26522
ISIC_3810251,600,450,145.99502563476562,31.826889038085938,34898
ISIC_3813726,600,450,148.84837341308594,46.611488342285156,27247
ISIC_3814826,600,450,152.2233123779297,24.099987030029297,31834
ISIC_3817961,600,450,143.28341674804688,32.95452117919922,40069
ISIC_3818412,600,450,120.02548217773438,21.34954071044922,28754
ISIC_3818502,600,450,127.4354476928711,40.9974365234375,40303
ISIC_3818927,600,450,166.49021911621094,24.966243743896484,26184
ISIC_3819646,600,450,110.07878875732422,25.89305877685547,21732
ISIC_3819687,600,450,153.8220977783203,27.090734481811523,23681
ISIC_3820500,600,450,131.43528747558594,29.093929290771484,33101
ISIC_3822340,600,450,133.96218872070312,26.97553825378418,25416
ISIC_3822722,600,450,147.05747985839844,23.573335647583008,24828
ISIC_3824162,600,450,160.59890747070312,32.280967712402344,24496
ISIC_3824264,600,450,141.2328338623047,21.37948989868164,24339
ISIC_3824638,600,450,128.09768676757812,33.29073715209961,34795
ISIC_3825515,600,450,142.9598388671875,25.936479568481445,31883
ISIC_3825679,600,450,136.79234313964844,26.942089080810547,35917
ISIC_3826101,600,450,164.13336181640625,29.875167846679688,25167
ISIC_3826563,600,450,135.46987915039062,25.364641189575195,26515
ISIC_3827392,600,450,160.1014862060547,18.200042724609375,28392
ISIC_3830454,600,450,139.07855224609375,31.771230697631836,49800
ISIC_3830802,600,450,135.16661071777344,32.886924743652344,54174
ISIC_3831165,600,450,151.14108276367188,45.00056076049805,23651
ISIC_3831775,600,450,166.20053100585938,59.15910339355469,28140
ISIC_3831969,600,450,135.3720703125,39.859519958496094,49787
ISIC_3832062,600,450,143.93948364257812,47.245967864990234,32822
ISIC_3833952,600,450,117.5963134765625,35.19207000732422,20555
ISIC_3835932,600,450,125.21772003173828,59.612693786621094,39157
ISIC_3836165,600,450,146.06202697753906,41.068458557128906,20432
ISIC_3836510,600,450,146.67929077148438,32.274837493896484,25092
ISIC_3836605,600,450,132.31393432617188,44.05628204345703,43364
ISIC_3836648,600,450,143.62803649902344,34.059165954589844,23855
ISIC_3837734,600,450,158.24058532714844,21.614072799682617,18180
ISIC_3838800,600,450,112.27940368652344,36.94070053100586,51008
ISIC_3838940,600,450,120.1112289428711,42.19300842285156,42447
ISIC_3840818,600,450,48.95206069946289,49.69792556762695,73960
ISIC_3841279,600,450,139.3404998779297,41.596435546875,38640
ISIC_3843458,600,450,134.46006774902344,35.3292350769043,23612
ISIC_3844756,600,450,95.50287628173828,70.37452697753906,30450
ISIC_3845463,600,450,138.94317626953125,41.705501556396484,36095
ISIC_3845812,600,450,127.05218505859375,41.31026077270508,37611
ISIC_3845941,600,450,149.2279510498047,42.55758285522461,45140
ISIC_3846189,600,450,123.66788482666016,38.03421401977539,33349
ISIC_3846256,600,450,129.0634002685547,35.001319885253906,37090
ISIC_3846262,600,450,137.63796997070312,21.31719398498535,28038
ISIC_3849096,600,450,151.3775177001953,31.509714126586914,27027
ISIC_3851477,600,450,165.3502655029297,33.1403923034668,29444
ISIC_3852303,600,450,132.38955688476562,45.40688705444336,32264
ISIC_3852630,600,450,128.48219299316406,21.451459884643555,23880
ISIC_3853000,600,450,135.7560272216797,23.86325454711914,24485
ISIC_3853115,600,450,135.34849548339844,32.51996994018555,39775
ISIC_3859478,600,450,129.63502502441406,66.77283477783203,36430
ISIC_3860071,600,450,152.06773376464844,20.668346405029297,25183
ISIC_3861067,600,450,134.1640167236328,42.37764358520508,48071
ISIC_3861361,600,450,148.072021484375,42.051063537597656,26623
ISIC_3861977,600,450,171.97149658203125,26.171470642089844,19476
ISIC_3862106,600,450,161.15675354003906,21.7926082611084,29089
ISIC_3862963,600,450,138.0570068359375,13.461612701416016,21764
ISIC_3865643,600,450,123.07146453857422,33.495994567871094,38857
ISIC_3865889,600,450,117.88323211669922,30.185218811035156,50818
ISIC_3866655,600,450,146.4744873046875,27.267200469970703,22782
ISIC_3869104,600,450,143.86480712890625,36.901737213134766,22055
ISIC_3869200,600,450,145.35951232910156,16.36879539489746,16192
ISIC_3869672,600,450,135.0186309814453,33.06468200683594,29291
ISIC_3870717,600,450,148.0172576904297,40.17026901245117,44978
ISIC_3871156,600,450,152.93626403808594,35.96389389038086,25418
ISIC_3873129,600,450,107.7132568359375,45.6121940612793,24578
ISIC_3873657,600,450,134.18453979492188,39.60135269165039,51202
ISIC_3873824,600,450,145.06211853027344,25.38796615600586,21910
ISIC_3874242,600,450,128.35536193847656,41.22211837768555,43522
ISIC_3875460,600,450,175.6212921142578,24.36014747619629,31985
ISIC_3877266,600,450,136.93309020996094,25.85059928894043,28062
ISIC_3877513,600,450,148.40748596191406,32.46463394165039,37521
ISIC_3877894,600,450,138.84912109375,40.00491714477539,36489
ISIC_3881302,600,450,118.40560913085938,44.32831954956055,42854
ISIC_3881677,600,450,157.4490966796875,30.521034240722656,28145
ISIC_3881896,600,450,148.8815460205078,34.91217041015625,29592
ISIC_3884851,600,450,187.81214904785156,31.392160415649414,41534
ISIC_3885747,600,450,120.2734603881836,21.989641189575195,27195
ISIC_3885798,600,450,147.76502990722656,33.5008430480957,32233
ISIC_3885903,600,450,176.32276916503906,36.46226501464844,52323
ISIC_3887050,600,450,153.8815460205078,47.10157012939453,31716
ISIC_3888868,600,450,141.32672119140625,23.155664443969727,22344
ISIC_3890513,600,450,109.60308837890625,33.914161682128906,42809
ISIC_3892467,600,450,125.74535369873047,31.53740692138672,35477
ISIC_3892538,600,450,159.24630737304688,39.606014251708984,27562
ISIC_3897449,600,450,151.00119018554688,33.92060470581055,30061
ISIC_3897642,600,450,118.84847259521484,45.06002426147461,49593
ISIC_3897686,600,450,154.60003662109375,24.562379837036133,25234
ISIC_3900958,600,450,136.46946716308594,39.52383804321289,54068
ISIC_3902457,600,450,149.02655029296875,42.88288116455078,22165
ISIC_3902522,600,450,142.34361267089844,24.52726936340332,24584
ISIC_3903505,600,450,133.14999389648438,41.27438735961914,40592
ISIC_3904045,600,450,153.40823364257812,46.61079788208008,59167
ISIC_3905088,600,450,163.59580993652344,40.516746520996094,28233
ISIC_3905157,600,450,178.55917358398438,55.652069091796875,36354
ISIC_3905379,600,450,166.80780029296875,39.45530319213867,39705
ISIC_3905888,600,450,118.65304565429688,31.865917205810547,24611
ISIC_3906432,600,450,123.65980529785156,38.961788177490234,41889
ISIC_3906498,600,450,127.31541442871094,19.272417068481445,44022
ISIC_3906512,600,450,130.7906494140625,30.705078125,35044
ISIC_3908025,600,450,109.28296661376953,45.24223709106445,44987
ISIC_3908138,600,450,122.0089111328125,42.592288970947266,37846
ISIC_3909654,600,450,151.35589599609375,18.956737518310547,24027
ISIC_3910778,600,450,156.18756103515625,43.96198654174805,27326
ISIC_3911179,600,450,141.5492401123047,25.593242645263672,43597
ISIC_3913255,600,450,143.3930206298828,20.85720443725586,25027
ISIC_3914025,600,450,118.81995391845703,46.9744987487793,47824
ISIC_3916461,600,450,169.7770538330078,25.707515716552734,41009
ISIC_3917002,600,450,169.6419219970703,39.54956817626953,22745
ISIC_3917176,600,450,161.98324584960938,30.09842872619629,22733
ISIC_3917948,600,450,155.51446533203125,29.83720588684082,27895
ISIC_3918888,600,450,151.9687042236328,36.38709259033203,25194
ISIC_3921610,600,450,128.61268615722656,38.77452087402344,44112
ISIC_3924227,600,450,131.8762664794922,45.907474517822266,45922
ISIC_3925970,600,450,171.95721435546875,44.06351852416992,43554
ISIC_3926968,600,450,118.73706817626953,28.24308204650879,24878
ISIC_3928700,600,450,121.75896453857422,38.18803405761719,32103
ISIC_3931577,600,450,146.0462188720703,35.17781448364258,35810
ISIC_3931844,600,450,127.53963470458984,22.598676681518555,36389
ISIC_3932303,600,450,142.10037231445312,25.459278106689453,35242
ISIC_3933164,600,450,149.04421997070312,25.823713302612305,28495
ISIC_3933356,600,450,112.26261901855469,32.17113494873047,22785
ISIC_3933736,600,450,122.39620971679688,19.34823989868164,24722
ISIC_3934861,600,450,160.956298828125,26.749677658081055,19806
ISIC_3934885,600,450,110.84941864013672,26.684343338012695,24964
ISIC_3935025,600,450,155.70895385742188,40.999359130859375,26774
ISIC_3935952,600,450,117.0223388671875,37.29471206665039,37721
ISIC_3937278,600,450,195.0988311767578,22.892309188842773,23158
ISIC_3938095,600,450,132.32009887695312,22.44889259338379,23867
ISIC_3939868,600,450,139.5824432373047,21.971885681152344,38285
ISIC_3942613,600,450,132.4202423095703,24.217050552368164,27152
ISIC_3942749,600,450,130.32989501953125,30.494802474975586,36010
ISIC_3943135,600,450,235.6088104248047,38.95127487182617,20722
ISIC_3943289,600,450,122.21617889404297,41.22932434082031,47016
ISIC_3945160,600,450,126.08268737792969,24.570348739624023,23849
ISIC_3945933,600,450,179.82557678222656,23.77361297607422,32749
ISIC_3945964,600,450,141.14990234375,45.69990158081055,47056
ISIC_3946401,600,450,127.1224136352539,63.53315734863281,44822
ISIC_3946986,600,450,113.95099639892578,34.91377258300781,33911
ISIC_3947520,600,450,150.92312622070312,41.012847900390625,37206
ISIC_3950514,600,450,151.09169006347656,60.8612060546875,35966
ISIC_3952412,600,450,149.23414611816406,23.704133987426758,26145
ISIC_3952676,600,450,106.22654724121094,53.55622100830078,100117
ISIC_3955799,600,450,142.32675170898438,43.13140869140625,81750
ISIC_3957660,600,450,151.82005310058594,55.90426254272461,20122
ISIC_3959129,600,450,109.8389892578125,52.402610778808594,36043
ISIC_3959224,600,450,128.61891174316406,39.74836730957031,44575
ISIC_3959713,600,450,180.236083984375,25.609764099121094,25434
ISIC_3961718,600,450,145.3992919921875,27.44805145263672,22604
ISIC_3961758,600,450,147.8760528564453,47.670711517333984,38533
ISIC_3962666,600,450,129.746337890625,31.129352569580078,45298
ISIC_3963646,600,450,127.35020446777344,41.9832649230957,41260
ISIC_3965246,600,450,139.65748596191406,41.40849685668945,42606
ISIC_3965502,600,450,166.10675048828125,25.912067413330078,22424
ISIC_3966507,600,450,189.3157196044922,39.33240509033203,31046
ISIC_3967417,600,450,152.70086669921875,29.413909912109375,21989
ISIC_3967970,600,450,128.348388671875,44.11326599121094,46586
ISIC_3968898,600,450,140.36219787597656,33.889015197753906,29172
ISIC_3970730,600,450,178.89959716796875,28.936182022094727,45601
ISIC_3973393,600,450,146.8424072265625,47.07672119140625,82615
ISIC_3974488,600,450,147.6482696533203,13.981432914733887,26941
ISIC_3974637,600,450,174.09596252441406,29.419843673706055,32467
ISIC_3974863,600,450,145.59632873535156,29.489944458007812,46575
ISIC_3974904,600,450,181.63650512695312,19.658300399780273,18663
ISIC_3975783,600,450,145.3401641845703,66.2488021850586,43868
ISIC_3977951,600,450,155.65460205078125,59.168460845947266,26029
ISIC_3979561,600,450,118.2776870727539,44.95672607421875,47652
ISIC_3981334,600,450,126.2662353515625,40.697914123535156,37485
ISIC_3981430,600,450,152.21189880371094,27.536170959472656,25981
ISIC_3981911,600,450,128.53448486328125,26.72591781616211,35351
ISIC_3982759,600,450,159.4741668701172,40.124473571777344,28065
ISIC_3983224,600,450,142.2033233642578,17.070392608642578,22669
ISIC_3984912,600,450,132.1903839111328,30.936752319335938,39340
ISIC_3985588,600,450,128.68247985839844,31.492258071899414,29100
ISIC_3986103,600,450,157.30950927734375,36.67017364501953,24665
ISIC_3986538,600,450,141.804931640625,39.621795654296875,37336
ISIC_3991986,600,450,111.10553741455078,28.842514038085938,29346
ISIC_3993701,600,450,158.5906219482422,21.88937759399414,27295
ISIC_3994760,600,450,131.34463500976562,32.701377868652344,45786
ISIC_3995849,600,450,172.1455841064453,35.97650909423828,22104
ISIC_3995853,600,450,152.21217346191406,25.2407169342041,32967
ISIC_3997102,600,450,155.17100524902344,22.119234085083008,24901
ISIC_3999304,600,450,174.54747009277344,59.46013641357422,28371
ISIC_4004241,600,450,183.8452911376953,37.76378631591797,36329
ISIC_4005803,600,450,124.37141418457031,44.64507293701172,38616
ISIC_4007259,600,450,139.6315460205078,50.75443649291992,39077
ISIC_4009830,600,450,124.15115356445312,33.16280746459961,32302
ISIC_4011704,600,450,167.1756591796875,29.532512664794922,43107
ISIC_4013061,600,450,126.23572540283203,39.784671783447266,37255
ISIC_4013307,600,450,161.41978454589844,22.415849685668945,18742
ISIC_4013983,600,450,151.8046417236328,48.83051681518555,45970
ISIC_4014870,600,450,151.09173583984375,41.914100646972656,41022
ISIC_4017835,600,450,165.38912963867188,41.867958068847656,48405
ISIC_4018932,600,450,124.80924224853516,48.97593688964844,48302
ISIC_4018978,600,450,127.54441833496094,19.578283309936523,35975
ISIC_4019827,600,450,91.83386993408203,30.482263565063477,33690
ISIC_4020367,600,450,157.87356567382812,26.64924430847168,17768
ISIC_4021072,600,450,121.86576080322266,40.930694580078125,54147
ISIC_4022483,600,450,147.68338012695312,27.029027938842773,19872
ISIC_4022680,600,450,163.49168395996094,29.485048294067383,36394
ISIC_4025658,600,450,125.37831115722656,26.704557418823242,29513
ISIC_4026621,600,450,126.40775299072266,36.375457763671875,43034
ISIC_4026962,600,450,124.49430084228516,59.334327697753906,52155
ISIC_4027141,600,450,170.4764862060547,9.243410110473633,22051
ISIC_4028106,600,450,155.82130432128906,26.227575302124023,44066
ISIC_4028370,600,450,147.31143188476562,39.60796356201172,27097
ISIC_4030094,600,450,134.1786651611328,37.030845642089844,38488
ISIC_4030354,600,450,149.1219940185547,27.412437438964844,32166
ISIC_4031105,600,450,115.24983978271484,41.96153259277344,42050
ISIC_4031450,600,450,136.25840759277344,28.65619659423828,41288
ISIC_4032370,600,450,126.50431823730469,44.96514892578125,37308
ISIC_4033538,600,450,122.13740539550781,51.40015411376953,49987
ISIC_4034196,600,450,192.93365478515625,25.570960998535156,40092
ISIC_4034626,600,450,152.5713348388672,29.809810638427734,25426
ISIC_4034716,600,450,146.79714965820312,40.18351745605469,37648
ISIC_4037796,600,450,124.746337890625,41.60270690917969,45058
ISIC_4038238,600,450,122.54509735107422,17.736047744750977,27343
ISIC_4040199,600,450,169.21981811523438,33.92305374145508,31964
ISIC_4040829,600,450,157.19540405273438,18.389829635620117,33671
ISIC_4042084,600,450,129.91836547851562,33.962425231933594,37784
ISIC_4042132,600,450,100.47146606445312,63.12322998046875,28000
ISIC_4043291,600,450,112.50818634033203,64.04415893554688,22378
ISIC_4043337,600,450,131.1113739013672,46.478721618652344,41041
ISIC_4043651,600,450,151.14418029785156,30.330951690673828,21510
ISIC_4045574,600,450,145.8706512451172,33.306617736816406,27897
ISIC_4045666,600,450,119.29156494140625,42.831825256347656,48601
ISIC_4046643,600,450,169.21429443359375,39.18972396850586,31907
ISIC_4048377,600,450,138.95285034179688,42.999881744384766,43971
ISIC_4049057,600,450,134.94082641601562,20.718109130859375,25468
ISIC_4051459,600,450,139.16934204101562,45.65195846557617,48772
ISIC_4051514,600,450,163.955078125,32.13707733154297,18963
ISIC_4051799,600,450,147.66378784179688,35.97046661376953,30107
ISIC_4056904,600,450,161.19146728515625,26.435171127319336,23559
ISIC_4057179,600,450,127.44021606445312,33.52936935424805,52728
ISIC_4057182,600,450,118.39155578613281,29.164119720458984,35204
ISIC_4058425,600,450,184.28939819335938,41.787498474121094,63865
ISIC_4060384,600,450,125.73455047607422,49.662078857421875,31718
ISIC_4060718,600,450,137.13406372070312,28.650222778320312,42847
ISIC_4061154,600,450,190.03207397460938,17.422903060913086,26683
ISIC_4061158,600,450,114.09281921386719,43.90079116821289,39285
ISIC_4062304,600,450,151.70765686035156,28.229066848754883,23783
ISIC_4063953,600,450,143.3406982421875,39.60215759277344,37130
ISIC_4064312,600,450,162.54612731933594,37.37287902832031,23484
ISIC_4065190,600,450,178.5678253173828,15.263877868652344,26581
ISIC_4065256,600,450,146.0172119140625,22.178733825683594,36590
ISIC_4065657,600,450,159.83335876464844,28.28859519958496,38837
ISIC_4065991,600,450,122.9864501953125,43.06377410888672,42798
ISIC_4066448,600,450,140.2180633544922,33.20819091796875,31650
ISIC_4066771,600,450,148.22328186035156,29.786325454711914,30403
ISIC_4070008,600,450,127.73342895507812,55.240787506103516,45277
ISIC_4071197,600,450,120.01715850830078,39.21620559692383,31603
ISIC_4071486,600,450,135.1445770263672,46.02058410644531,60154
ISIC_4071634,600,450,128.41192626953125,44.13643264770508,31110
ISIC_4071700,600,450,153.81271362304688,50.59076690673828,67282
ISIC_4071946,600,450,125.32788848876953,38.675357818603516,35429
ISIC_4072524,600,450,143.270751953125,35.54981994628906,29664
ISIC_4072785,600,450,145.02413940429688,39.95222854614258,36757
ISIC_4075407,600,450,131.87196350097656,46.815391540527344,44707
ISIC_4075850,600,450,137.8285369873047,27.947978973388672,24553
ISIC_4079070,600,450,133.1933135986328,30.471315383911133,20003
ISIC_4080936,600,450,94.83598327636719,43.76191711425781,55566
ISIC_4080973,600,450,184.77565002441406,35.167964935302734,23192
ISIC_4081526,600,450,142.51597595214844,34.18076705932617,40256
ISIC_4082323,600,450,152.15267944335938,36.28647994995117,45050
ISIC_4082328,600,450,153.40911865234375,25.956544876098633,34920
ISIC_4082454,600,450,161.45571899414062,12.685465812683105,16550
ISIC_4083123,600,450,107.50892639160156,30.124658584594727,53890
ISIC_4083158,600,450,138.1580810546875,22.784631729125977,25880
ISIC_4090560,600,450,163.9566192626953,16.437732696533203,17987
ISIC_4091147,600,450,117.32100677490234,50.03790283203125,53616
ISIC_4091460,600,450,167.52041625976562,35.160850524902344,25174
ISIC_4092604,600,450,130.35569763183594,29.52117347717285,31651
ISIC_4093313,600,450,152.6666717529297,33.06439208984375,25585
ISIC_4093535,600,450,133.74252319335938,39.449832916259766,45888
ISIC_4093606,600,450,140.58018493652344,25.3377628326416,24268
ISIC_4094390,600,450,144.2343292236328,68.64460754394531,31372
ISIC_4097142,600,450,119.66424560546875,38.322017669677734,37689
ISIC_4098601,600,450,112.74484252929688,39.105140686035156,46883
ISIC_4101918,600,450,163.3737335205078,50.224769592285156,28311
ISIC_4103277,600,450,146.47769165039062,28.712688446044922,39890
ISIC_4103339,600,450,115.9210433959961,44.05326461791992,26222
ISIC_4104303,600,450,102.61575317382812,48.313011169433594,45851
ISIC_4104512,600,450,117.99362182617188,38.24049758911133,31579
ISIC_4106032,600,450,131.59957885742188,27.29426383972168,29749
ISIC_4109800,600,450,144.9348907470703,30.46796226501465,37340
ISIC_4112456,600,450,147.4794921875,53.27301788330078,29551
ISIC_4112547,600,450,122.26202392578125,40.919254302978516,38586
ISIC_4113126,600,450,114.36663818359375,34.66888427734375,31102
ISIC_4113429,600,450,161.6730499267578,42.11162185668945,25399
ISIC_4113553,600,450,159.34471130371094,28.695234298706055,23462
ISIC_4116005,600,450,145.20108032226562,40.1204833984375,35059
ISIC_4116218,600,450,131.4459991455078,34.535858154296875,28397
ISIC_4117748,600,450,145.86012268066406,36.41590118408203,24456
ISIC_4117941,600,450,145.74899291992188,29.48575210571289,27809
ISIC_4119665,600,450,143.9095458984375,59.14585876464844,48271
ISIC_4119708,600,450,161.02212524414062,41.1290397644043,33304
ISIC_4120065,600,450,110.90648651123047,38.675724029541016,25888
ISIC_4120304,600,450,160.857177734375,14.693499565124512,30617
ISIC_4122077,600,450,119.31060028076172,44.45159912109375,50398
ISIC_4122632,600,450,163.060546875,26.51848602294922,34672
ISIC_4122655,600,450,165.3007049560547,32.51607131958008,58080
ISIC_4123254,600,450,177.65817260742188,43.877193450927734,18279
ISIC_4123715,600,450,142.21859741210938,28.470386505126953,30568
ISIC_4127514,600,450,147.32583618164062,38.99568557739258,60041
ISIC_4128998,600,450,136.3811492919922,22.393659591674805,47037
ISIC_4129053,600,450,169.8792724609375,41.69334030151367,38073
ISIC_4129256,600,450,129.1993865966797,30.34560203552246,30855
ISIC_4132905,600,450,149.0032958984375,36.00749588012695,17277
ISIC_4133448,600,450,167.1030731201172,28.84786605834961,25109
ISIC_4135378,600,450,132.98887634277344,34.93838119506836,39407
ISIC_4135497,600,450,164.272705078125,41.708560943603516,33089
ISIC_4136790,600,450,133.6921844482422,30.92095375061035,37821
ISIC_4138482,600,450,121.4831771850586,43.11320114135742,46987
ISIC_4138489,600,450,131.52975463867188,32.21974182128906,24489
ISIC_4138560,600,450,101.47920989990234,48.33510971069336,48689
ISIC_4138716,600,450,137.2557830810547,27.036712646484375,29223
ISIC_4139755,600,450,135.21572875976562,26.77534294128418,49839
ISIC_4140673,600,450,128.23280334472656,30.68593978881836,26645
ISIC_4140786,600,450,120.96855163574219,36.88827896118164,37888
ISIC_4141251,600,450,147.62484741210938,25.365278244018555,28326
ISIC_4141321,600,450,164.350830078125,20.74766731262207,19503
ISIC_4141354,600,450,135.5361328125,36.50250244140625,31398
ISIC_4141476,600,450,188.93495178222656,35.15737533569336,21395
ISIC_4145656,600,450,155.7543487548828,34.590728759765625,42036
ISIC_4146139,600,450,148.64019775390625,28.63886833190918,29730
ISIC_4146599,600,450,148.44207763671875,31.922117233276367,36738
ISIC_4146633,600,450,135.81082153320312,37.16386795043945,26221
ISIC_4146816,600,450,151.2691192626953,69.55712890625,33059
ISIC_4148797,600,450,159.26348876953125,24.637569427490234,22752
ISIC_4148971,600,450,157.65670776367188,26.737808227539062,21253
ISIC_4150948,600,450,162.04026794433594,31.328039169311523,28987
ISIC_4152827,600,450,153.2884521484375,25.622114181518555,32149
ISIC_4154321,600,450,139.67417907714844,38.53703689575195,33588
ISIC_4155558,600,450,157.37185668945312,30.629013061523438,24264
ISIC_4155762,600,450,115.74514770507812,34.700504302978516,37031
ISIC_4156101,600,450,138.1626739501953,49.98774719238281,40016
ISIC_4156387,600,450,127.05730438232422,43.103206634521484,45489
ISIC_4156431,600,450,129.4864959716797,25.315906524658203,28453
ISIC_4156628,600,450,160.77430725097656,35.157569885253906,23634
ISIC_4156886,600,450,151.1446075439453,12.163456916809082,30768
ISIC_4157522,600,450,180.72256469726562,19.6803035736084,29369
ISIC_4158219,600,450,163.97360229492188,26.925865173339844,21135
ISIC_4158420,600,450,120.69351196289062,40.22872543334961,41514
ISIC_4161639,600,450,172.8615264892578,26.54051399230957,33698
ISIC_4162103,600,450,183.29173278808594,25.4113712310791,34713
ISIC_4162668,600,450,153.41461181640625,27.104169845581055,49174
ISIC_4163384,600,450,141.00439453125,29.427894592285156,20719
ISIC_4167447,600,450,161.51504516601562,47.13893127441406,30003
ISIC_4168419,600,450,179.5155792236328,30.259716033935547,23411
ISIC_4168673,600,450,139.404541015625,16.947872161865234,24116
ISIC_4169509,600,450,186.720947265625,27.01468849182129,36747
ISIC_4170754,600,450,172.1030731201172,22.841691970825195,46980
ISIC_4171190,600,450,124.07013702392578,45.99272918701172,42269
ISIC_4171479,600,450,159.60128784179688,28.916780471801758,35310
ISIC_4171839,600,450,145.1265411376953,15.51768684387207,25855
ISIC_4174672,600,450,153.2261505126953,20.986543655395508,24654
ISIC_4175612,600,450,137.8201904296875,40.68944549560547,42661
ISIC_4175828,600,450,131.3105926513672,48.81954574584961,47533
ISIC_4176108,600,450,155.4127960205078,39.16045379638672,34836
ISIC_4176839,600,450,146.61680603027344,36.14884948730469,32420
ISIC_4176987,600,450,187.1326446533203,35.01167297363281,36497
ISIC_4177510,600,450,129.04237365722656,49.602535247802734,49970
ISIC_4178605,600,450,121.24163055419922,37.434078216552734,30665
ISIC_4178690,600,450,153.008056640625,19.179550170898438,25435
ISIC_4179264,600,450,128.74258422851562,38.69902038574219,40446
ISIC_4179757,600,450,164.33969116210938,34.90938949584961,36736
ISIC_4180324,600,450,148.3719940185547,51.496849060058594,30387
ISIC_4180763,600,450,123.8968505859375,44.14576721191406,53755
ISIC_4181074,600,450,129.84378051757812,27.757957458496094,31245
ISIC_4181298,600,450,129.5856170654297,38.212181091308594,36526
ISIC_4183641,600,450,154.59669494628906,24.535722732543945,27630
ISIC_4184819,600,450,168.6422119140625,30.809085845947266,26598
ISIC_4185473,600,450,133.5366973876953,32.455055236816406,28331
ISIC_4185934,600,450,150.18553161621094,39.14975357055664,28604
ISIC_4186049,600,450,142.4717254638672,49.42168045043945,28950
ISIC_4186883,600,450,146.15086364746094,38.24396514892578,29386
ISIC_4187456,600,450,130.47708129882812,26.506750106811523,31446
ISIC_4189363,600,450,144.3367919921875,16.915082931518555,24559
ISIC_4191448,600,450,102.25700378417969,30.05686378479004,28313
ISIC_4191930,600,450,147.64016723632812,36.019256591796875,23514
ISIC_4192230,600,450,157.5647430419922,39.22065353393555,26490
ISIC_4194168,600,450,153.27113342285156,35.73398208618164,40356
ISIC_4194365,600,450,127.60508728027344,32.07916259765625,46784
ISIC_4194491,600,450,167.20822143554688,39.519371032714844,50954
ISIC_4194507,600,450,140.36343383789062,58.0027961730957,36019
ISIC_4196278,600,450,177.9448699951172,24.442291259765625,23462
ISIC_4198312,600,450,156.93275451660156,36.38432312011719,22305
ISIC_4198936,600,450,124.31700134277344,33.2327766418457,26484
ISIC_4200513,600,450,144.6224365234375,37.13459777832031,23002
ISIC_4203842,600,450,145.0814208984375,28.262168884277344,30879
ISIC_4204828,600,450,144.1905517578125,37.51472473144531,19167
ISIC_4204876,600,450,138.1325225830078,34.173362731933594,24342
ISIC_4205403,600,450,117.87194061279297,35.77076721191406,25552
ISIC_4205802,600,450,92.70059204101562,37.38382339477539,51567
ISIC_4206533,600,450,131.39891052246094,34.00577163696289,33889
ISIC_4207196,600,450,123.54447174072266,39.502079010009766,39578
ISIC_4208233,600,450,130.92828369140625,31.68920135498047,36251
ISIC_4209803,600,450,157.66946411132812,17.741350173950195,16761
ISIC_4210097,600,450,168.4657440185547,58.881675720214844,38431
ISIC_4210592,600,450,168.0326690673828,23.609235763549805,33433
ISIC_4213648,600,450,165.13978576660156,31.654760360717773,27408
ISIC_4213914,600,450,162.12071228027344,23.050405502319336,16138
ISIC_4214316,600,450,154.19937133789062,25.985122680664062,52244
ISIC_4215075,600,450,145.54702758789062,30.19053077697754,24290
ISIC_4216061,600,450,145.38697814941406,19.342304229736328,18747
ISIC_4216162,600,450,161.0917510986328,32.19313430786133,23492
ISIC_4217947,600,450,157.8700408935547,52.31941223144531,48672
ISIC_4218589,600,450,164.51820373535156,19.942846298217773,22437
ISIC_4218751,600,450,136.28115844726562,56.80438232421875,35925
ISIC_4222750,600,450,143.54544067382812,26.859346389770508,33265
ISIC_4222832,600,450,169.5872344970703,43.92345428466797,46642
ISIC_4222996,600,450,140.36175537109375,75.84496307373047,27395
ISIC_4224540,600,450,151.19189453125,31.47697639465332,22893
ISIC_4224743,600,450,137.3047332763672,17.429231643676758,26199
ISIC_4225046,600,450,127.91148376464844,34.97163009643555,37187
ISIC_4225100,600,450,168.21554565429688,35.29890823364258,41084
ISIC_4225552,600,450,161.2947235107422,27.833250045776367,21828
ISIC_4225650,600,450,122.83855438232422,27.086204528808594,35044
ISIC_4226769,600,450,171.1539764404297,34.177459716796875,43083
ISIC_4228893,600,450,169.6658172607422,52.791873931884766,30960
ISIC_4229124,600,450,126.79767608642578,32.5503044128418,41176
ISIC_4229574,600,450,171.69390869140625,21.97846794128418,50151
ISIC_4230181,600,450,129.98110961914062,27.66427230834961,28654
ISIC_4230532,600,450,166.3063507080078,27.352266311645508,34894
ISIC_4231056,600,450,103.3733901977539,25.75757598876953,31779
ISIC_4231370,600,450,136.2947540283203,32.5311164855957,25282
ISIC_4231378,600,450,120.24343872070312,23.17276954650879,27240
ISIC_4232474,600,450,157.053955078125,17.514780044555664,19880
ISIC_4235290,600,450,166.63763427734375,39.783477783203125,26667
ISIC_4235575,600,450,148.1602020263672,35.07585144042969,23046
ISIC_4235697,600,450,147.52737426757812,29.639328002929688,24065
ISIC_4235972,600,450,126.6755142211914,29.083511352539062,33781
ISIC_4236187,600,450,149.23297119140625,27.001943588256836,20351
ISIC_4237744,600,450,173.51055908203125,48.227596282958984,30706
ISIC_4237789,600,450,129.58753967285156,35.91745376586914,20394
ISIC_4239743,600,450,116.09929656982422,42.75344467163086,55639
ISIC_4242454,600,450,103.02652740478516,32.66555404663086,54360
ISIC_4243006,600,450,133.12416076660156,41.27576446533203,38628
ISIC_4243113,600,450,148.31936645507812,32.80027770996094,28058
ISIC_4245317,600,450,134.4226531982422,27.937223434448242,37146
ISIC_4246217,600,450,128.49969482421875,31.68826675415039,37929
ISIC_4246393,600,450,147.67576599121094,36.16630554199219,28662
ISIC_4246896,600,450,149.99302673339844,29.503276824951172,31335
ISIC_4247695,600,450,155.2401885986328,48.33768081665039,30637
ISIC_4249004,600,450,156.21165466308594,33.079586029052734,27777
ISIC_4252005,600,450,154.99961853027344,14.70300579071045,18462
ISIC_4252694,600,450,148.71339416503906,31.009445190429688,25087
ISIC_4253845,600,450,149.360595703125,54.88264465332031,51423
ISIC_4254313,600,450,121.841064453125,31.6083984375,41688
ISIC_4254329,600,450,127.27526092529297,33.911705017089844,57569
ISIC_4254662,600,450,132.10997009277344,52.523765563964844,56506
ISIC_4254772,600,450,152.43382263183594,30.770048141479492,28473
ISIC_4256565,600,450,123.4922866821289,51.177391052246094,54634
ISIC_4256719,600,450,144.6052703857422,32.514488220214844,35456
ISIC_4257125,600,450,156.85462951660156,27.664827346801758,50110
ISIC_4257621,600,450,126.75735473632812,36.06607437133789,43501
ISIC_4257866,600,450,138.58035278320312,47.85042953491211,32995
ISIC_4258900,600,450,125.0535888671875,43.543643951416016,47222
ISIC_4260452,600,450,145.5973358154297,41.73876953125,41782
ISIC_4261803,600,450,105.23941040039062,47.422786712646484,44048
ISIC_4262185,600,450,174.23846435546875,16.00028419494629,28801
ISIC_4263491,600,450,124.51593780517578,39.97283172607422,47371
ISIC_4264456,600,450,131.5857391357422,38.60936737060547,50634
ISIC_4265106,600,450,155.82424926757812,21.262537002563477,23867
ISIC_4265404,600,450,190.40780639648438,22.514385223388672,30225
ISIC_4267031,600,450,119.25703430175781,43.564090728759766,42697
ISIC_4267147,600,450,170.03318786621094,27.82686996459961,30168
ISIC_4268667,600,450,139.2305450439453,34.583255767822266,42650
ISIC_4268847,600,450,126.33209991455078,32.48415756225586,43408
ISIC_4268989,600,450,145.93228149414062,36.86553955078125,45970
ISIC_4270494,600,450,137.41441345214844,37.264259338378906,32354
ISIC_4271987,600,450,124.37246704101562,41.893829345703125,46985
ISIC_4272095,600,450,144.47930908203125,19.41412925720215,25772
ISIC_4272600,600,450,156.76165771484375,37.35367965698242,26395
ISIC_4273109,600,450,132.6920928955078,30.610376358032227,52128
ISIC_4273674,600,450,169.06536865234375,45.26247024536133,24597
ISIC_4275458,600,450,163.0672607421875,34.69355773925781,25448
ISIC_4275620,600,450,121.53667449951172,42.04209899902344,36080
ISIC_4275923,600,450,180.73446655273438,33.764930725097656,29255
ISIC_4276424,600,450,118.36083221435547,36.429630279541016,36389
ISIC_4277194,600,450,139.07142639160156,15.666458129882812,26896
ISIC_4277953,600,450,149.8142852783203,26.812198638916016,25807
ISIC_4277959,600,450,147.5424346923828,55.725914001464844,32094
ISIC_4278930,600,450,185.23480224609375,36.117069244384766,28214
ISIC_4279073,600,450,128.52613830566406,45.664302825927734,40911
ISIC_4281031,600,450,162.14056396484375,32.78738021850586,24269
ISIC_4281048,600,450,174.14285278320312,11.883350372314453,21271
ISIC_4282374,600,450,174.15829467773438,29.423206329345703,42558
ISIC_4282506,600,450,144.05384826660156,37.9762077331543,26785
ISIC_4282860,600,450,160.84988403320312,50.746826171875,39243
ISIC_4283540,600,450,144.62890625,37.721168518066406,40017
ISIC_4285661,600,450,165.28997802734375,38.722076416015625,18246
ISIC_4288009,600,450,176.82366943359375,19.97554588317871,43546
ISIC_4291049,600,450,105.56519317626953,51.54946517944336,35775
ISIC_4291408,600,450,125.9164047241211,38.29549026489258,40824
ISIC_4292605,600,450,119.08544921875,45.94456100463867,68161
ISIC_4294236,600,450,155.13082885742188,39.198707580566406,47810
ISIC_4296407,600,450,147.36776733398438,53.33718490600586,34263
ISIC_4297082,600,450,121.9786148071289,43.3895378112793,46689
ISIC_4297088,600,450,156.81109619140625,34.54439163208008,67668
ISIC_4297812,600,450,176.25144958496094,35.019676208496094,29131
ISIC_4299958,600,450,122.8458480834961,48.89286422729492,24424
ISIC_4300672,600,450,137.9080047607422,23.131500244140625,33594
ISIC_4301316,600,450,114.43964385986328,29.085073471069336,28262
ISIC_4301937,600,450,118.37342834472656,40.6363525390625,46026
ISIC_4301953,600,450,135.40737915039062,26.95219612121582,29390
ISIC_4302597,600,450,144.65066528320312,17.22940444946289,27659
ISIC_4303207,600,450,133.38148498535156,41.093963623046875,48628
ISIC_4303795,600,450,146.38087463378906,22.97676658630371,29972
ISIC_4305600,600,450,119.4189224243164,39.030418395996094,28547
ISIC_4306480,600,450,135.22555541992188,35.74681091308594,29886
ISIC_4307237,600,450,139.61558532714844,18.954994201660156,23123
ISIC_4307786,600,450,160.63348388671875,29.399526596069336,26075
ISIC_4307964,600,450,145.9194793701172,39.732234954833984,51971
ISIC_4308394,600,450,138.11769104003906,38.34708786010742,37844
ISIC_4308587,600,450,156.67495727539062,36.30295181274414,25364
ISIC_4310441,600,450,144.7279815673828,20.320493698120117,23442
ISIC_4310588,600,450,135.9059295654297,47.439083099365234,23818
ISIC_4310927,600,450,118.49223327636719,26.050283432006836,23974
ISIC_4311112,600,450,144.13278198242188,32.77814865112305,33239
ISIC_4311703,600,450,157.49742126464844,23.478710174560547,24321
ISIC_4312494,600,450,147.1069793701172,58.150901794433594,29696
ISIC_4313961,600,450,135.9922637939453,32.7386360168457,34497
ISIC_4314742,600,450,163.5260467529297,22.504438400268555,23944
ISIC_4315074,600,450,162.7264862060547,31.05644989013672,24146
ISIC_4315238,600,450,126.87225341796875,28.72042465209961,37565
ISIC_4315425,600,450,141.84706115722656,27.682598114013672,20131
ISIC_4315588,600,450,139.32920837402344,40.07275390625,44543
ISIC_4316216,600,450,130.4620819091797,33.303871154785156,50311
ISIC_4316755,600,450,136.11474609375,22.852251052856445,50470
ISIC_4316947,600,450,113.4149169921875,24.727819442749023,27842
ISIC_4317864,600,450,145.56063842773438,28.51532745361328,27438
ISIC_4318027,600,450,158.4579620361328,37.365203857421875,42875
ISIC_4320592,600,450,115.7745361328125,48.11977767944336,44350
ISIC_4322162,600,450,137.4535675048828,23.326770782470703,39895
ISIC_4323016,600,450,149.91717529296875,29.635089874267578,37320
ISIC_4323711,600,450,132.53981018066406,30.182601928710938,32428
ISIC_4324758,600,450,157.89744567871094,23.211830139160156,30399
ISIC_4325142,600,450,127.59053802490234,42.75094223022461,51012
ISIC_4325233,600,450,141.84007263183594,17.847816467285156,23692
ISIC_4325605,600,450,158.31495666503906,33.707584381103516,24426
ISIC_4325688,600,450,153.93418884277344,31.441354751586914,23167
ISIC_4328393,600,450,165.97332763671875,25.31449317932129,23281
ISIC_4329526,600,450,116.56172180175781,24.575777053833008,32304
ISIC_4329801,600,450,123.91355895996094,44.004451751708984,29108
ISIC_4330244,600,450,99.75598907470703,29.138668060302734,19192
ISIC_4330850,600,450,124.5365219116211,30.442964553833008,36666
ISIC_4330964,600,450,147.71343994140625,13.321000099182129,15580
ISIC_4331231,600,450,200.15232849121094,18.811634063720703,30132
ISIC_4336547,600,450,155.3013916015625,31.695920944213867,27010
ISIC_4337041,600,450,161.37408447265625,31.14670181274414,37316
ISIC_4337693,600,450,181.09507751464844,19.97968864440918,25881
ISIC_4338535,600,450,160.60101318359375,38.53951644897461,22750
ISIC_4341118,600,450,147.73216247558594,36.24359130859375,32238
ISIC_4342189,600,450,177.7708282470703,33.43275451660156,28254
ISIC_4342648,600,450,157.79429626464844,37.44751739501953,25980
ISIC_4343032,600,450,126.58736419677734,34.469261169433594,43997
ISIC_4343132,600,450,173.37469482421875,48.402286529541016,44170
ISIC_4343144,600,450,137.2816162109375,43.69594192504883,22491
ISIC_4343848,600,450,134.3548583984375,47.50238800048828,26621
ISIC_4344365,600,450,135.42669677734375,38.661800384521484,29427
ISIC_4345273,600,450,82.97196960449219,41.741092681884766,26028
ISIC_4345415,600,450,149.87339782714844,39.07465744018555,28707
ISIC_4345756,600,450,147.28900146484375,17.890193939208984,24262
ISIC_4345819,600,450,154.3923797607422,30.643280029296875,46680
ISIC_4345873,600,450,137.9178466796875,30.656604766845703,42545
ISIC_4346905,600,450,140.5600128173828,31.715543746948242,33515
ISIC_4347690,600,450,132.82449340820312,34.27717971801758,35627
ISIC_4347782,600,450,139.3827362060547,34.06425476074219,48206
ISIC_4347789,600,450,140.88070678710938,39.78007125854492,24670
ISIC_4348115,600,450,126.30065155029297,24.557531356811523,30324
ISIC_4349004,600,450,163.219482421875,30.196733474731445,33496
ISIC_4349051,600,450,163.85647583007812,22.315143585205078,46787
ISIC_4349272,600,450,162.98077392578125,23.63128662109375,24671
ISIC_4350109,600,450,114.70136260986328,48.312164306640625,52634
ISIC_4350222,600,450,138.12449645996094,69.03457641601562,41649
ISIC_4351882,600,450,177.13467407226562,52.78227233886719,24363
ISIC_4352140,600,450,149.2252197265625,26.37912940979004,25803
ISIC_4352572,600,450,160.74114990234375,34.75532150268555,52783
ISIC_4352757,600,450,127.66478729248047,35.58616638183594,37056
ISIC_4353551,600,450,125.02165985107422,26.41914939880371,30067
ISIC_4354115,600,450,146.9612274169922,39.3492431640625,36030
ISIC_4357109,600,450,114.2647933959961,18.29986572265625,41236
ISIC_4357637,600,450,146.5389404296875,41.662269592285156,30457
ISIC_4357940,600,450,130.4952850341797,51.34640121459961,32733
ISIC_4358555,600,450,176.34405517578125,27.1510009765625,50345
ISIC_4358907,600,450,184.77944946289062,60.06589889526367,20714
ISIC_4360620,600,450,159.22193908691406,23.509029388427734,27514
ISIC_4362069,600,450,162.83380126953125,30.47145652770996,52263
ISIC_4362166,600,450,182.77313232421875,48.35813903808594,20253
ISIC_4363100,600,450,130.80490112304688,36.402523040771484,28295
ISIC_4363333,600,450,154.61122131347656,47.024864196777344,29399
ISIC_4365319,600,450,171.6822967529297,27.93381690979004,28100
ISIC_4368655,600,450,139.9932403564453,36.67646408081055,34578
ISIC_4369433,600,450,123.50572967529297,24.898483276367188,27174
ISIC_4370328,600,450,137.8668670654297,39.52582550048828,65032
ISIC_4370676,600,450,158.0108184814453,37.13886642456055,28714
ISIC_4371078,600,450,145.69558715820312,45.081905364990234,56212
ISIC_4371553,600,450,113.64680480957031,38.58551025390625,29838
ISIC_4373192,600,450,142.0980987548828,37.22587203979492,40653
ISIC_4375630,600,450,126.49813079833984,30.449953079223633,35766
ISIC_4375866,600,450,126.14228820800781,42.238853454589844,25668
ISIC_4376280,600,450,140.48080444335938,28.380090713500977,22839
ISIC_4377239,600,450,166.77706909179688,26.376720428466797,33457
ISIC_4378281,600,450,127.10026550292969,42.6798210144043,42455
ISIC_4378484,600,450,152.42320251464844,29.435579299926758,26814
ISIC_4378485,600,450,155.79734802246094,24.90768814086914,19786
ISIC_4379610,600,450,169.14532470703125,30.731624603271484,26947
ISIC_4380028,600,450,160.1441650390625,28.152368545532227,25910
ISIC_4380499,600,450,157.8228302001953,27.546533584594727,27058
ISIC_4381433,600,450,152.58746337890625,19.06906509399414,30727
ISIC_4381662,600,450,135.23216247558594,37.216712951660156,30817
ISIC_4382908,600,450,178.879150390625,21.64942169189453,36135
ISIC_4384446,600,450,147.46173095703125,39.174461364746094,30858
ISIC_4384547,600,450,162.9439239501953,21.15888023376465,20590
ISIC_4385584,600,450,174.5806427001953,46.836997985839844,24845
ISIC_4386149,600,450,158.9835662841797,23.706838607788086,27642
ISIC_4386519,600,450,127.81132507324219,40.85690689086914,23399
ISIC_4388573,600,450,132.9910125732422,29.343643188476562,29649
ISIC_4389317,600,450,122.87300109863281,37.73371124267578,21658
ISIC_4389754,600,450,116.8758544921875,29.650854110717773,21605
ISIC_4391227,600,450,158.2814483642578,14.0255765914917,18638
ISIC_4391247,600,450,133.59886169433594,37.64525604248047,43418
ISIC_4391320,600,450,133.03736877441406,42.95602035522461,42918
ISIC_4391368,600,450,128.8035125732422,23.34455680847168,33964
ISIC_4393750,600,450,117.35118865966797,35.644737243652344,34884
ISIC_4395957,600,450,116.91278839111328,45.99962615966797,39265
ISIC_4396652,600,450,122.06692504882812,35.14335632324219,30371
ISIC_4397628,600,450,112.66354370117188,38.12541198730469,41255
ISIC_4399830,600,450,124.65052795410156,26.51211166381836,30085
ISIC_4400687,600,450,141.1734161376953,45.49342346191406,27554
ISIC_4401551,600,450,156.6927032470703,21.83082389831543,29570
ISIC_4406265,600,450,151.355712890625,37.216548919677734,38837
ISIC_4406973,600,450,154.85723876953125,24.413564682006836,24589
ISIC_4407417,600,450,134.65748596191406,34.376853942871094,29474
ISIC_4407741,600,450,153.93162536621094,37.88545227050781,24100
ISIC_4408708,600,450,117.85245513916016,33.639583587646484,15797
ISIC_4409610,600,450,167.6711883544922,17.467554092407227,17306
ISIC_4410078,600,450,149.60694885253906,11.518245697021484,17983
ISIC_4411067,600,450,164.7669677734375,16.621166229248047,24642
ISIC_4412263,600,450,125.50425720214844,41.60188293457031,44232
ISIC_4412646,600,450,138.81558227539062,74.44129180908203,38972
ISIC_4413011,600,450,147.3896484375,23.937559127807617,23471
ISIC_4416373,600,450,143.51759338378906,39.92180633544922,23297
ISIC_4416938,600,450,167.94528198242188,19.702272415161133,17690
ISIC_4419306,600,450,169.25811767578125,58.82283401489258,29427
ISIC_4420449,600,450,117.90992736816406,37.996795654296875,19704
ISIC_4420662,600,450,152.9280548095703,35.72463607788086,45146
ISIC_4421204,600,450,150.39817810058594,44.65443420410156,36199
ISIC_4421697,600,450,135.81166076660156,29.73246955871582,33169
ISIC_4423752,600,450,147.4564971923828,19.03230857849121,25646
ISIC_4424010,600,450,129.65260314941406,28.064163208007812,42001
ISIC_4424871,600,450,129.46702575683594,41.6060905456543,43842
ISIC_4425251,600,450,159.28309631347656,19.0394344329834,25210
ISIC_4425852,600,450,148.362060546875,41.939823150634766,23367
ISIC_4426174,600,450,139.3037109375,42.28871154785156,36965
ISIC_4426257,600,450,148.4969940185547,23.298280715942383,24709
ISIC_4426808,600,450,107.30366516113281,29.55877113342285,34770
ISIC_4426986,600,450,133.7172088623047,37.723995208740234,49025
ISIC_4427207,600,450,152.99147033691406,33.84879684448242,25558
ISIC_4427785,600,450,148.5340118408203,28.00128936767578,33249
ISIC_4428176,600,450,153.42340087890625,29.32896614074707,28394
ISIC_4428215,600,450,108.51568603515625,39.10954284667969,46249
ISIC_4429484,600,450,132.31809997558594,36.01496887207031,65000
ISIC_4429526,600,450,159.83067321777344,25.81824493408203,40525
ISIC_4429544,600,450,143.4039306640625,18.283313751220703,24253
ISIC_4430642,600,450,125.98226165771484,33.764060974121094,49292
ISIC_4431113,600,450,139.92501831054688,41.84699249267578,26560
ISIC_4431906,600,450,129.3064727783203,39.58022689819336,39473
ISIC_4432152,600,450,151.4056854248047,29.674301147460938,31734
ISIC_4437851,600,450,112.040771484375,30.67367172241211,32563
ISIC_4438000,600,450,120.9219741821289,37.98900604248047,39357
ISIC_4438089,600,450,174.4627685546875,20.173316955566406,43700
ISIC_4438725,600,450,174.01113891601562,36.034202575683594,63623
ISIC_4439069,600,450,81.41007232666016,66.52759552001953,14592
ISIC_4439657,600,450,131.17266845703125,34.63071823120117,38183
ISIC_4440119,600,450,137.73670959472656,24.64434051513672,23956
ISIC_4441956,600,450,122.48507690429688,43.6778678894043,45012
ISIC_4442146,600,450,142.33245849609375,30.84290885925293,29730
ISIC_4442378,600,450,117.79727172851562,25.96684455871582,32237
ISIC_4442537,600,450,145.7101593017578,46.92124938964844,49754
ISIC_4443257,600,450,118.44200134277344,40.83810806274414,23493
ISIC_4443638,600,450,132.13485717773438,43.44480895996094,38356
ISIC_4444763,600,450,148.4497833251953,46.1337890625,28878
ISIC_4444955,600,450,151.93612670898438,17.54330062866211,21839
ISIC_4444976,600,450,166.77032470703125,51.78998565673828,32772
ISIC_4445549,600,450,140.85667419433594,62.60902786254883,40134
ISIC_4448691,600,450,137.46987915039062,43.8530158996582,37769
ISIC_4449884,600,450,132.9791259765625,38.480464935302734,40365
ISIC_4452365,600,450,217.1796417236328,26.532276153564453,34925
ISIC_4452788,600,450,145.7435302734375,37.14849090576172,48811
ISIC_4454419,600,450,127.71141052246094,22.131418228149414,30765
ISIC_4456941,600,450,121.4681167602539,44.36743927001953,51411
ISIC_4458763,600,450,144.86070251464844,26.112783432006836,34929
ISIC_4460423,600,450,149.87155151367188,37.02988052368164,45464
ISIC_4463160,600,450,159.5236358642578,24.48320198059082,21852
ISIC_4463461,600,450,138.86972045898438,33.946598052978516,57702
ISIC_4464487,600,450,117.99932098388672,35.96173095703125,41492
ISIC_4464668,600,450,166.68667602539062,63.75861740112305,26599
ISIC_4465960,600,450,143.21156311035156,21.891754150390625,22833
ISIC_4466417,600,450,161.05030822753906,28.409820556640625,30542
ISIC_4466925,600,450,128.02859497070312,35.903873443603516,33709
ISIC_4467312,600,450,152.77346801757812,39.897544860839844,29539
ISIC_4467591,600,450,121.35293579101562,46.00736999511719,50554
ISIC_4467920,600,450,130.63528442382812,40.61445617675781,37301
ISIC_4468146,600,450,122.1802749633789,49.79118728637695,53154
ISIC_4468660,600,450,157.67747497558594,36.94923400878906,30380
ISIC_4469500,600,450,121.57173156738281,29.781871795654297,32053
ISIC_4469657,600,450,113.7757797241211,25.8839111328125,29132
ISIC_4470087,600,450,127.99296569824219,42.780418395996094,50431
ISIC_4470805,600,450,163.54522705078125,39.8508415222168,23763
ISIC_4471113,600,450,141.52603149414062,17.65625762939453,23358
ISIC_4471122,600,450,107.2065658569336,41.51448440551758,59711
ISIC_4471156,600,450,111.64177703857422,47.96028518676758,49821
ISIC_4471703,600,450,147.23109436035156,47.580230712890625,75704
ISIC_4471978,600,450,122.96817779541016,37.92206573486328,34795
ISIC_4472727,600,450,121.5178451538086,41.294979095458984,35033
ISIC_4473773,600,450,207.4351806640625,50.38070297241211,19658
ISIC_4474327,600,450,167.22265625,35.97721862792969,39821
ISIC_4474700,600,450,106.27405548095703,52.440738677978516,39232
ISIC_4474831,600,450,123.88863372802734,46.439998626708984,42313
ISIC_4475597,600,450,129.13059997558594,27.564117431640625,51466
ISIC_4476901,600,450,141.43373107910156,39.13258361816406,41362
ISIC_4478313,600,450,131.8654022216797,41.357933044433594,44214
ISIC_4478363,600,450,132.92449951171875,44.15134811401367,32700
ISIC_4480326,600,450,174.43392944335938,35.42754364013672,26661
ISIC_4480429,600,450,177.27145385742188,18.424022674560547,36061
ISIC_4481385,600,450,116.68504333496094,23.442222595214844,31087
ISIC_4482208,600,450,141.119384765625,33.755619049072266,28753
ISIC_4482209,600,450,168.01617431640625,24.46607780456543,19996
ISIC_4482349,600,450,119.3680191040039,39.83145523071289,19991
ISIC_4483583,600,450,160.77005004882812,15.875853538513184,17536
ISIC_4484543,600,450,108.74354553222656,43.5284423828125,36604
ISIC_4484804,600,450,187.04884338378906,29.2209529876709,37057
ISIC_4485409,600,450,147.33885192871094,15.242327690124512,15925
ISIC_4485467,600,450,127.90201568603516,55.109127044677734,25970
ISIC_4485874,600,450,129.86549377441406,22.415815353393555,28356
ISIC_4486341,600,450,144.2433624267578,19.827125549316406,23458
ISIC_4486982,600,450,126.36737060546875,50.21630096435547,47082
ISIC_4487781,600,450,144.67874145507812,27.946590423583984,41787
ISIC_4488663,600,450,125.29019165039062,32.31142807006836,38608
ISIC_4489369,600,450,128.08840942382812,19.109657287597656,31334
ISIC_4489370,600,450,127.88481903076172,81.43156433105469,28013
ISIC_4489436,600,450,143.63381958007812,45.80430221557617,41848
ISIC_4489686,600,450,159.8191680908203,22.490955352783203,20153
ISIC_4490295,600,450,144.3914794921875,58.97651290893555,23058
ISIC_4490552,600,450,181.18960571289062,46.610877990722656,31454
ISIC_4490935,600,450,129.6868133544922,60.98927307128906,31946
ISIC_4491028,600,450,133.40155029296875,31.221113204956055,36045
ISIC_4491147,600,450,168.93206787109375,14.641084671020508,27031
ISIC_4492675,600,450,123.38984680175781,38.34505844116211,46111
ISIC_4492759,600,450,147.0904541015625,39.841217041015625,21527
ISIC_4493203,600,450,124.67935180664062,25.129545211791992,33086
ISIC_4494081,600,450,134.68666076660156,32.41615295410156,39018
ISIC_4494886,600,450,149.67440795898438,20.715539932250977,23654
ISIC_4497112,600,450,147.4121551513672,28.70647430419922,25571
ISIC_4497730,600,450,168.90072631835938,25.603588104248047,21802
ISIC_4499437,600,450,125.63611602783203,32.60886764526367,28804
ISIC_4499587,600,450,149.5358428955078,33.045711517333984,48708
ISIC_4499650,600,450,159.50823974609375,28.680831909179688,27475
ISIC_4500149,600,450,135.55027770996094,32.552433013916016,71936
ISIC_4502250,600,450,130.3782958984375,41.24185562133789,47960
ISIC_4502259,600,450,151.28500366210938,37.0607795715332,75925
ISIC_4503581,600,450,136.60960388183594,48.09652328491211,26965
ISIC_4504390,600,450,159.06141662597656,35.89755630493164,42254
ISIC_4505155,600,450,160.7540740966797,44.360252380371094,38241
ISIC_4506914,600,450,132.14076232910156,40.977516174316406,41792
ISIC_4509108,600,450,155.48428344726562,45.88670349121094,29383
ISIC_4509507,600,450,132.3516082763672,33.57830810546875,45734
ISIC_4509723,600,450,172.10108947753906,37.92878723144531,30309
ISIC_4513123,600,450,171.351806640625,36.43109130859375,55545
ISIC_4514529,600,450,126.62739562988281,36.25400924682617,38489
ISIC_4516611,600,450,120.54463195800781,38.614952087402344,28583
ISIC_4516929,600,450,138.54568481445312,36.51808166503906,44010
ISIC_4517185,600,450,196.6990966796875,72.32691955566406,24459
ISIC_4517401,600,450,136.32794189453125,43.7021484375,24844
ISIC_4518133,600,450,205.94891357421875,36.40995788574219,38138
ISIC_4520270,600,450,137.6340789794922,45.925071716308594,22117
ISIC_4520562,600,450,147.04930114746094,45.22634506225586,55653
ISIC_4523106,600,450,168.1042938232422,29.488426208496094,23304
ISIC_4523157,600,450,135.15928649902344,35.62348556518555,37964
ISIC_4523213,600,450,95.35823059082031,32.40521240234375,20020
ISIC_4523525,600,450,144.33973693847656,23.32610321044922,18545
ISIC_4524898,600,450,199.20396423339844,27.08244514465332,25349
ISIC_4526071,600,450,139.21226501464844,32.023555755615234,34338
ISIC_4526175,600,450,123.54011535644531,41.12309646606445,45463
ISIC_4526994,600,450,117.6775131225586,36.32366943359375,37313
ISIC_4527478,600,450,141.01258850097656,24.859107971191406,26828
ISIC_4529113,600,450,140.71974182128906,34.34600830078125,33105
ISIC_4529704,600,450,109.9131088256836,33.1766357421875,36499
ISIC_4530809,600,450,128.8406982421875,45.3752326965332,48732
ISIC_4531147,600,450,137.30874633789062,27.16484832763672,26245
ISIC_4532622,600,450,167.82713317871094,38.312721252441406,44865
ISIC_4533084,600,450,163.7423553466797,49.29138946533203,44720
ISIC_4534460,600,450,99.76889038085938,17.97374153137207,31061
ISIC_4536103,600,450,123.77111053466797,23.001792907714844,26426
ISIC_4536273,600,450,169.0536651611328,41.13453674316406,35709
ISIC_4538438,600,450,141.61654663085938,27.25750732421875,23537
ISIC_4540189,600,450,151.2990264892578,30.195144653320312,22161
ISIC_4541978,600,450,183.0751953125,45.441184997558594,53964
ISIC_4542004,600,450,120.18364715576172,55.00062942504883,24339
ISIC_4542447,600,450,111.46295928955078,34.512638092041016,41187
ISIC_4544829,600,450,122.71951293945312,37.551124572753906,32725
ISIC_4546388,600,450,163.86737060546875,24.92660140991211,23196
ISIC_4546539,600,450,102.49178314208984,66.08161926269531,36139
ISIC_4548708,600,450,166.74917602539062,52.255584716796875,29166
ISIC_4548759,600,450,126.75958251953125,24.69271469116211,26526
ISIC_4549707,600,450,127.45452117919922,33.89886474609375,36240
ISIC_4552372,600,450,141.1958770751953,35.11146545410156,24088
ISIC_4552842,600,450,112.01127624511719,18.69544219970703,24004
ISIC_4553466,600,450,147.79161071777344,25.520709991455078,27887
ISIC_4553574,600,450,146.11392211914062,39.17771911621094,20698
ISIC_4554471,600,450,154.576171875,28.892148971557617,25355
ISIC_4554893,600,450,159.91757202148438,42.861549377441406,30679
ISIC_4557242,600,450,153.5553741455078,45.32481384277344,32816
ISIC_4557470,600,450,175.91738891601562,47.859214782714844,34689
ISIC_4558719,600,450,200.6558074951172,35.449398040771484,29939
ISIC_4560708,600,450,122.89434051513672,34.80553436279297,51335
ISIC_4560761,600,450,129.50038146972656,46.95595169067383,46440
ISIC_4561114,600,450,139.30020141601562,36.682151794433594,33279
ISIC_4562629,600,450,144.0540771484375,48.34058380126953,27069
ISIC_4563142,600,450,183.7296142578125,53.474693298339844,27973
ISIC_4564343,600,450,144.47628784179688,32.405120849609375,40795
ISIC_4564652,600,450,127.5812759399414,42.45634841918945,46721
ISIC_4564958,600,450,160.9930877685547,20.184778213500977,23171
ISIC_4565131,600,450,125.8538589477539,29.403423309326172,30132
ISIC_4565417,600,450,165.0139923095703,25.21712303161621,28362
ISIC_4566511,600,450,115.55888366699219,51.56096649169922,46270
ISIC_4566874,600,450,118.47142791748047,43.440555572509766,25550
ISIC_4568904,600,450,132.9178009033203,45.49721145629883,24877
ISIC_4571498,600,450,160.1009521484375,20.56610107421875,22843
ISIC_4572206,600,450,121.27861785888672,20.457117080688477,47795
ISIC_4573337,600,450,130.18310546875,35.00190734863281,27606
ISIC_4573444,600,450,164.5826416015625,28.607677459716797,25343
ISIC_4574340,600,450,137.15557861328125,48.61279296875,52545
ISIC_4574908,600,450,118.25331115722656,35.968936920166016,44008
ISIC_4575840,600,450,124.73674774169922,27.447120666503906,44986
ISIC_4576379,600,450,149.72532653808594,17.02009391784668,28193
ISIC_4577203,600,450,158.2689208984375,32.04294967651367,26176
ISIC_4578129,600,450,129.8734588623047,38.79417037963867,41251
ISIC_4581129,600,450,143.2310028076172,22.76319122314453,25642
ISIC_4581953,600,450,182.62478637695312,47.44643020629883,38702
ISIC_4582043,600,450,149.79879760742188,31.91754150390625,30889
ISIC_4583576,600,450,122.84498596191406,34.0101432800293,55491
ISIC_4583761,600,450,189.15060424804688,51.04362106323242,25444
ISIC_4584837,600,450,135.50709533691406,25.2442569732666,48524
ISIC_4584930,600,450,121.36262512207031,34.501953125,38199
ISIC_4584962,600,450,159.58082580566406,21.617544174194336,24899
ISIC_4585749,600,450,147.32888793945312,26.862031936645508,25721
ISIC_4586954,600,450,185.50608825683594,41.895626068115234,29384
ISIC_4587766,600,450,130.22084045410156,27.671594619750977,41851
ISIC_4588258,600,450,122.21060943603516,34.15831756591797,33942
ISIC_4588701,600,450,129.001220703125,27.058412551879883,26665
ISIC_4588970,600,450,162.002197265625,50.8157844543457,23825
ISIC_4589630,600,450,157.96217346191406,50.182151794433594,29995
ISIC_4590231,600,450,141.2429656982422,30.83968162536621,44194
ISIC_4590345,600,450,164.49754333496094,29.830400466918945,23317
ISIC_4591575,600,450,118.44322204589844,28.206798553466797,28932
ISIC_4594517,600,450,107.50426483154297,37.3653678894043,19994
ISIC_4594686,600,450,190.26414489746094,38.939273834228516,27748
ISIC_4596353,600,450,159.4705352783203,27.827735900878906,24364
ISIC_4597054,600,450,174.10618591308594,54.27691650390625,38432
ISIC_4597469,600,450,143.6922149658203,13.739645957946777,22587
ISIC_4597516,600,450,139.87718200683594,41.833675384521484,42806
ISIC_4597536,600,450,134.44659423828125,46.57863998413086,36773
ISIC_4597624,600,450,131.306884765625,35.701717376708984,37198
ISIC_4597915,600,450,157.2200469970703,44.38984680175781,16897
ISIC_4598485,600,450,144.18385314941406,8.436391830444336,20259
ISIC_4598786,600,450,144.7420654296875,15.057437896728516,29634
ISIC_4599000,600,450,140.63897705078125,17.606170654296875,24507
ISIC_4599594,600,450,161.47750854492188,18.15043830871582,20586
ISIC_4601154,600,450,163.718017578125,55.58001708984375,31514
ISIC_4602130,600,450,103.96231842041016,39.073307037353516,37053
ISIC_4602849,600,450,103.42135620117188,19.633996963500977,24968
ISIC_4602943,600,450,109.84268951416016,47.140716552734375,43919
ISIC_4604175,600,450,130.30039978027344,35.79641342163086,38369
ISIC_4604978,600,450,186.2760467529297,83.47509765625,36173
ISIC_4605939,600,450,145.093505859375,11.44609260559082,18492
ISIC_4606877,600,450,166.51397705078125,36.606258392333984,37754
ISIC_4607582,600,450,148.1087646484375,28.29790687561035,18927
ISIC_4607649,600,450,142.27903747558594,29.907323837280273,19284
ISIC_4608930,600,450,159.1775665283203,24.331600189208984,19046
ISIC_4609417,600,450,157.49130249023438,26.52008056640625,19335
ISIC_4612891,600,450,147.03067016601562,35.907012939453125,34422
ISIC_4613132,600,450,125.8662338256836,36.3310661315918,59261
ISIC_4613268,600,450,137.98724365234375,29.34478759765625,25397
ISIC_4613280,600,450,123.24847412109375,34.43452835083008,41719
ISIC_4613878,600,450,169.96498107910156,33.366764068603516,36759
ISIC_4613924,600,450,161.98001098632812,23.733413696289062,23422
ISIC_4616394,600,450,120.06368255615234,27.180940628051758,32984
ISIC_4617290,600,450,113.66649627685547,32.283103942871094,19050
ISIC_4618150,600,450,172.69610595703125,26.45733642578125,34348
ISIC_4618811,600,450,189.5064697265625,27.1696720123291,21655
ISIC_4620865,600,450,146.61798095703125,34.6776123046875,37121
ISIC_4620895,600,450,140.1483612060547,40.340431213378906,37655
ISIC_4621745,600,450,144.8043670654297,42.923580169677734,36707
ISIC_4622192,600,450,154.38014221191406,29.073650360107422,28164
ISIC_4622676,600,450,141.6102752685547,17.024629592895508,23229
ISIC_4626097,600,450,139.20970153808594,32.517208099365234,23976
ISIC_4626190,600,450,127.31929016113281,26.004865646362305,33518
ISIC_4628391,600,450,120.68872833251953,45.730289459228516,49359
ISIC_4629088,600,450,136.85928344726562,19.881160736083984,22636
ISIC_4630771,600,450,140.6119842529297,34.99907302856445,26438
ISIC_4631892,600,450,166.58599853515625,44.88999557495117,42641
ISIC_4632123,600,450,160.14588928222656,41.886539459228516,29076
ISIC_4635975,600,450,108.30992889404297,29.277381896972656,35446
ISIC_4637440,600,450,157.66807556152344,27.225486755371094,20594
ISIC_4637590,600,450,139.26895141601562,47.119441986083984,68640
ISIC_4638443,600,450,131.75294494628906,26.969085693359375,24438
ISIC_4639628,600,450,137.8729248046875,24.258136749267578,27882
ISIC_4639978,600,450,149.51168823242188,29.851032257080078,32620
ISIC_4640009,600,450,136.80740356445312,43.18024826049805,28201
ISIC_4640643,600,450,164.47991943359375,41.1211051940918,25698
ISIC_4640979,600,450,130.73672485351562,53.97357940673828,53422
ISIC_4641356,600,450,159.21507263183594,31.50082015991211,35848
ISIC_4641479,600,450,141.395263671875,36.86154556274414,46957
ISIC_4642078,600,450,163.1468963623047,54.0851936340332,48360
ISIC_4642906,600,450,147.91619873046875,27.30923843383789,14732
ISIC_4646662,600,450,138.78334045410156,33.42268371582031,30764
ISIC_4647126,600,450,136.70980834960938,24.880403518676758,27472
ISIC_4648640,600,450,135.7890625,31.766191482543945,32732
ISIC_4648933,600,450,190.43270874023438,31.04449462890625,33237
ISIC_4649816,600,450,145.63311767578125,28.046510696411133,26560
ISIC_4652327,600,450,150.58523559570312,36.206016540527344,72837
ISIC_4653572,600,450,134.4964599609375,35.150634765625,37633
ISIC_4653787,600,450,159.2941436767578,28.908512115478516,42838
ISIC_4654586,600,450,130.9455108642578,24.678075790405273,25765
ISIC_4654961,600,450,144.541259765625,39.52236557006836,62354
ISIC_4655906,600,450,106.73023223876953,33.46350860595703,13226
ISIC_4656199,600,450,153.96795654296875,40.02378463745117,28028
ISIC_4656723,600,450,105.14596557617188,35.684452056884766,31816
ISIC_4659670,600,450,124.47350311279297,18.89190673828125,16958
ISIC_4660700,600,450,178.8712615966797,34.97641372680664,24648
ISIC_4661049,600,450,137.75279235839844,21.787742614746094,46070
ISIC_4662348,600,450,167.06271362304688,27.415117263793945,24126
ISIC_4662941,600,450,132.64822387695312,35.479427337646484,38673
ISIC_4665494,600,450,171.9813995361328,33.69125747680664,23030
ISIC_4666384,600,450,196.4484100341797,26.591625213623047,43416
ISIC_4668008,600,450,157.28424072265625,23.062034606933594,25360
ISIC_4668657,600,450,175.83399963378906,44.35891342163086,29700
ISIC_4668708,600,450,164.6680145263672,37.34665298461914,30364
ISIC_4668728,600,450,151.4444580078125,31.32729721069336,51255
ISIC_4669543,600,450,153.16790771484375,28.715566635131836,43709
ISIC_4671410,600,450,117.14539337158203,29.960033416748047,32943
ISIC_4671582,600,450,171.07611083984375,14.099475860595703,26445
ISIC_4672310,600,450,118.6508560180664,37.323543548583984,32193
ISIC_4674125,600,450,124.60186004638672,31.60771369934082,38552
ISIC_4675163,600,450,133.569580078125,44.134952545166016,39072
ISIC_4678467,600,450,159.4091339111328,52.178794860839844,22909
ISIC_4679707,600,450,148.70823669433594,37.39045333862305,19672
ISIC_4680472,600,450,127.85407257080078,46.36823272705078,44757
ISIC_4680765,600,450,139.30746459960938,15.777873992919922,20884
ISIC_4681024,600,450,112.69309997558594,33.91790008544922,33458
ISIC_4682172,600,450,140.71533203125,38.52662658691406,63196
ISIC_4683265,600,450,147.31414794921875,33.81865310668945,26796
ISIC_4683384,600,450,126.30543518066406,44.24985885620117,42188
ISIC_4683499,600,450,158.88169860839844,26.517728805541992,36615
ISIC_4684596,600,450,129.4486541748047,46.657779693603516,50325
ISIC_4684676,600,450,117.63241577148438,22.514846801757812,27831
ISIC_4685235,600,450,137.26907348632812,29.448455810546875,56240
ISIC_4685270,600,450,126.90345001220703,32.356964111328125,35922
ISIC_4686711,600,450,158.35887145996094,23.431127548217773,24175
ISIC_4687962,600,450,142.075927734375,27.42168426513672,28450
ISIC_4689083,600,450,128.7647247314453,41.3104248046875,37750
ISIC_4689149,600,450,155.9950408935547,34.591182708740234,39456
ISIC_4690427,600,450,131.76795959472656,24.697019577026367,30342
ISIC_4691032,600,450,110.0842056274414,36.58981704711914,47893
ISIC_4691479,600,450,175.6302032470703,21.467567443847656,30848
ISIC_4692254,600,450,130.0456085205078,46.48406219482422,45055
ISIC_4696657,600,450,152.3626251220703,25.05517578125,48011
ISIC_4700136,600,450,118.0316162109375,31.738420486450195,26596
ISIC_4700918,600,450,211.29783630371094,20.217193603515625,24491
ISIC_4701849,600,450,134.83065795898438,37.927955627441406,32728
ISIC_4703321,600,450,222.7317352294922,41.46598434448242,28490
ISIC_4703455,600,450,185.2086181640625,51.97756576538086,42026
ISIC_4707994,600,450,113.59014129638672,39.33648681640625,39103
ISIC_4708288,600,450,155.88372802734375,30.828006744384766,28488
ISIC_4710855,600,450,130.8173370361328,24.386856079101562,23571
ISIC_4712387,600,450,147.13377380371094,40.24794006347656,54426
ISIC_4712987,600,450,203.85205078125,30.350584030151367,28340
ISIC_4713403,600,450,131.18612670898438,18.380908966064453,25488
ISIC_4713478,600,450,182.52276611328125,38.94630432128906,50108
ISIC_4714408,600,450,134.9847869873047,34.6074333190918,32952
ISIC_4716627,600,450,156.7599639892578,30.522785186767578,29792
ISIC_4716765,600,450,154.4202117919922,42.21923065185547,39407
ISIC_4718280,600,450,126.48839569091797,41.94499206542969,41074
ISIC_4719265,600,450,148.1846160888672,33.47319793701172,33525
ISIC_4720694,600,450,162.10804748535156,25.76459503173828,29348
ISIC_4720934,600,450,131.17166137695312,38.827274322509766,38376
ISIC_4721060,600,450,135.2749786376953,24.756284713745117,30166
ISIC_4722161,600,450,129.62625122070312,44.643856048583984,60270
ISIC_4722294,600,450,152.2889862060547,26.68973159790039,24213
ISIC_4726329,600,450,125.05469512939453,34.2747917175293,41141
ISIC_4726470,600,450,153.10609436035156,43.99732971191406,32105
ISIC_4727154,600,450,147.45407104492188,35.64219284057617,45035
ISIC_4728787,600,450,144.10708618164062,11.73834228515625,20021
ISIC_4729676,600,450,147.947265625,27.15182113647461,29469
ISIC_4730750,600,450,125.49516296386719,39.66028594970703,39069
ISIC_4733269,600,450,136.77830505371094,30.847801208496094,37171
ISIC_4733429,600,450,131.028564453125,23.871536254882812,22960
ISIC_4733745,600,450,148.90647888183594,36.24236297607422,39315
ISIC_4735258,600,450,131.1977081298828,26.906400680541992,28303
ISIC_4735270,600,450,183.6279296875,46.64405822753906,41602
ISIC_4736865,600,450,151.3644561767578,31.415620803833008,25371
ISIC_4737695,600,450,156.8496856689453,38.54364013671875,23316
ISIC_4737794,600,450,78.49478912353516,69.6150131225586,26555
ISIC_4738070,600,450,110.07701873779297,53.56333923339844,33733
ISIC_4738084,600,450,130.84133911132812,39.7194938659668,42262
ISIC_4740515,600,450,211.94354248046875,37.1781120300293,30200
ISIC_4740743,600,450,153.51773071289062,31.6195068359375,35029
ISIC_4741194,600,450,152.3251953125,26.834030151367188,35326
ISIC_4741777,600,450,168.2222442626953,35.2871208190918,51954
ISIC_4742339,600,450,138.80511474609375,38.686588287353516,29993
ISIC_4742379,600,450,147.03448486328125,32.919002532958984,30521
ISIC_4743338,600,450,144.03213500976562,34.29618453979492,35972
ISIC_4743479,600,450,198.47276306152344,53.13652038574219,41396
ISIC_4749092,600,450,151.6096954345703,37.3255729675293,29371
ISIC_4752546,600,450,135.72064208984375,21.5649356842041,50222
ISIC_4753918,600,450,152.06936645507812,20.26173210144043,21982
ISIC_4756850,600,450,119.65947723388672,28.042444229125977,35794
ISIC_4757362,600,450,142.3445281982422,38.38141632080078,46363
ISIC_4757447,600,450,163.71385192871094,20.429262161254883,23572
ISIC_4759066,600,450,130.32814025878906,31.36351203918457,31607
ISIC_4759275,600,450,160.470947265625,38.95979309082031,45632
ISIC_4760114,600,450,155.11395263671875,63.2872314453125,29359
ISIC_4760443,600,450,148.59927368164062,27.97117042541504,29313
ISIC_4761686,600,450,137.20091247558594,36.4757080078125,39291
ISIC_4763505,600,450,135.5270233154297,17.452302932739258,22530
ISIC_4765663,600,450,139.53414916992188,17.839500427246094,22156
ISIC_4767902,600,450,95.87006378173828,50.13069152832031,49460
ISIC_4768009,600,450,120.77596282958984,39.34634780883789,45243
ISIC_4769059,600,450,152.9327850341797,54.201751708984375,37468
ISIC_4770601,600,450,178.51390075683594,41.867698669433594,45135
ISIC_4770621,600,450,127.83676147460938,25.18389320373535,26351
ISIC_4770739,600,450,159.6483612060547,25.1330623626709,28924
ISIC_4771395,600,450,105.9581069946289,37.601566314697266,46086
ISIC_4771678,600,450,132.81463623046875,30.682472229003906,21899
ISIC_4771926,600,450,137.13514709472656,35.5848388671875,34456
ISIC_4773028,600,450,152.79794311523438,39.399024963378906,24891
ISIC_4775207,600,450,164.5541534423828,24.206586837768555,34464
ISIC_4775625,600,450,185.45663452148438,35.46354675292969,44030
ISIC_4780938,600,450,138.16357421875,16.568260192871094,22759
ISIC_4783176,600,450,127.25128173828125,55.378135681152344,50703
ISIC_4784047,600,450,122.7550048828125,39.78515625,36898
ISIC_4785619,600,450,149.97763061523438,26.902667999267578,22304
ISIC_4787120,600,450,143.92189025878906,40.35136413574219,29088
ISIC_4788552,600,450,144.8092041015625,40.78562545776367,29331
ISIC_4791946,600,450,142.64964294433594,27.78913688659668,41274
ISIC_4792565,600,450,126.03972625732422,46.29853439331055,27851
ISIC_4793381,600,450,154.98419189453125,32.72610855102539,27690
ISIC_4793606,600,450,173.8399200439453,39.994136810302734,38324
ISIC_4794413,600,450,121.48307037353516,30.661893844604492,28320
ISIC_4794988,600,450,157.44606018066406,32.14202117919922,38087
ISIC_4795806,600,450,157.93087768554688,29.7578182220459,22741
ISIC_4796147,600,450,159.97921752929688,26.17324447631836,23590
ISIC_4796243,600,450,126.26409912109375,37.32047653198242,44750
ISIC_4797048,600,450,104.23897552490234,32.009429931640625,46451
ISIC_4797688,600,450,119.72856903076172,26.728118896484375,50441
ISIC_4799293,600,450,153.22369384765625,28.777414321899414,25633
ISIC_4799523,600,450,138.0408935546875,36.17335510253906,33859
ISIC_4801832,600,450,119.11782836914062,39.72410202026367,37748
ISIC_4803004,600,450,121.23084259033203,30.186433792114258,36108
ISIC_4803473,600,450,129.53384399414062,31.95828628540039,32371
ISIC_4806633,600,450,133.4967041015625,37.58157730102539,39682
ISIC_4806887,600,450,123.82874298095703,42.27077865600586,42791
ISIC_4807163,600,450,160.7234344482422,27.511056900024414,19997
ISIC_4807554,600,450,168.98683166503906,37.06406021118164,22445
ISIC_4810104,600,450,123.28861236572266,41.202537536621094,44329
ISIC_4811323,600,450,139.1536865234375,41.3623046875,38446
ISIC_4815149,600,450,128.20469665527344,33.9034423828125,32609
ISIC_4820255,600,450,135.63182067871094,29.09288787841797,27988
ISIC_4821214,600,450,116.37171173095703,65.56964111328125,36556
ISIC_4821829,600,450,154.99790954589844,34.83620834350586,36584
ISIC_4822631,600,450,148.5624237060547,35.993690490722656,34261
ISIC_4823638,600,450,144.2019805908203,21.599407196044922,24911
ISIC_4823764,600,450,123.12507629394531,29.420625686645508,47177
ISIC_4827917,600,450,172.1709442138672,14.526674270629883,18976
ISIC_4829038,600,450,123.27991485595703,27.7073917388916,39774
ISIC_4830413,600,450,133.09429931640625,44.204647064208984,49278
ISIC_4833123,600,450,151.72547912597656,19.840227127075195,27551
ISIC_4834358,600,450,132.4149169921875,38.21536636352539,35672
ISIC_4835287,600,450,129.5955047607422,38.907188415527344,46244
ISIC_4836899,600,450,137.8453369140625,37.592018127441406,32717
ISIC_4837156,600,450,124.1584701538086,48.046844482421875,35870
ISIC_4838706,600,450,121.63397216796875,47.966949462890625,47190
ISIC_4839895,600,450,199.18040466308594,21.128610610961914,41871
ISIC_4840056,600,450,165.5944061279297,35.41851043701172,22240
ISIC_4840771,600,450,131.2203826904297,46.802249908447266,49006
ISIC_4841357,600,450,107.87482452392578,36.52177810668945,40097
ISIC_4842094,600,450,189.90159606933594,25.988962173461914,32184
ISIC_4842466,600,450,156.660400390625,35.80002212524414,27258
ISIC_4842886,600,450,162.66014099121094,24.264507293701172,21843
ISIC_4845560,600,450,185.23313903808594,48.641414642333984,23789
ISIC_4845673,600,450,86.18566131591797,37.44270324707031,32662
ISIC_4845899,600,450,171.26490783691406,37.684730529785156,38551
ISIC_4847052,600,450,165.0069580078125,24.19222068786621,23706
ISIC_4848886,600,450,133.65728759765625,41.662113189697266,48647
ISIC_4849294,600,450,128.47500610351562,41.88343811035156,39901
ISIC_4849906,600,450,123.41629791259766,41.118316650390625,25929
ISIC_4850035,600,450,130.61578369140625,24.039697647094727,42044
ISIC_4851185,600,450,142.58827209472656,21.06609535217285,23897
ISIC_4851411,600,450,160.4306640625,21.61149024963379,18783
ISIC_4853537,600,450,159.97732543945312,37.16520690917969,26179
ISIC_4857268,600,450,137.55148315429688,41.85804748535156,61563
ISIC_4857675,600,450,138.19268798828125,25.08098030090332,14188
ISIC_4859866,600,450,191.71844482421875,36.22866439819336,24271
ISIC_4859968,600,450,145.84022521972656,39.89668273925781,29214
ISIC_4860954,600,450,157.8231964111328,46.79077911376953,46159
ISIC_4860957,600,450,115.98271942138672,37.28899002075195,43029
ISIC_4862456,600,450,151.20065307617188,43.64823913574219,32557
ISIC_4862589,600,450,138.89083862304688,33.62273406982422,35790
ISIC_4865809,600,450,123.51008605957031,31.378681182861328,37445
ISIC_4868603,600,450,133.25717163085938,39.83256149291992,40406
ISIC_4869343,600,450,139.705078125,25.951759338378906,28029
ISIC_4869964,600,450,140.50135803222656,60.87100601196289,38153
ISIC_4871000,600,450,148.0429229736328,41.40222930908203,36419
ISIC_4871002,600,450,120.88848114013672,45.023136138916016,33445
ISIC_4871864,600,450,132.7115020751953,43.527442932128906,41694
ISIC_4872000,600,450,139.8434295654297,75.80548858642578,32922
ISIC_4872496,600,450,137.2301025390625,45.048614501953125,25638
ISIC_4873477,600,450,124.40989685058594,33.989219665527344,29273
ISIC_4873822,600,450,97.39891052246094,46.614410400390625,26556
ISIC_4875335,600,450,169.89996337890625,17.994138717651367,22003
ISIC_4875678,600,450,120.67533874511719,39.876338958740234,37210
ISIC_4876540,600,450,153.26531982421875,19.17237091064453,22747
ISIC_4877646,600,450,148.78897094726562,58.48004150390625,31928
ISIC_4877797,600,450,138.07704162597656,17.77376365661621,23112
ISIC_4879615,600,450,161.72555541992188,28.7681827545166,35621
ISIC_4879730,600,450,132.74888610839844,57.630680084228516,31040
ISIC_4881815,600,450,141.2418975830078,31.80280876159668,32666
ISIC_4881986,600,450,134.0234832763672,25.273862838745117,29933
ISIC_4885518,600,450,147.9427490234375,28.310482025146484,28505
ISIC_4885574,600,450,144.82339477539062,14.464326858520508,29787
ISIC_4886295,600,450,181.85362243652344,44.948875427246094,25736
ISIC_4886441,600,450,171.5807647705078,38.75947189331055,36502
ISIC_4886585,600,450,117.60371398925781,36.10322189331055,52895
ISIC_4887914,600,450,138.6791534423828,28.812387466430664,35556
ISIC_4887943,600,450,144.70516967773438,20.584470748901367,23108
ISIC_4888153,600,450,155.46792602539062,36.76947784423828,30830
ISIC_4888771,600,450,169.57850646972656,34.2719841003418,33445
ISIC_4889654,600,450,130.55282592773438,37.305179595947266,40510
ISIC_4889821,600,450,157.39239501953125,49.94179153442383,31810
ISIC_4889822,600,450,141.31158447265625,21.484792709350586,21169
ISIC_4890139,600,450,133.71995544433594,25.25814437866211,30460
ISIC_4891216,600,450,137.02508544921875,30.22366714477539,28542
ISIC_4891974,600,450,147.10105895996094,26.741230010986328,23485
ISIC_4892815,600,450,160.28797912597656,29.616798400878906,44245
ISIC_4893353,600,450,122.4920425415039,37.41254425048828,49527
ISIC_4894144,600,450,146.00025939941406,43.45767593383789,32799
ISIC_4895877,600,450,116.28874206542969,37.807735443115234,35924
ISIC_4896772,600,450,162.19656372070312,29.989500045776367,47008
ISIC_4896814,600,450,168.24896240234375,34.38895034790039,20856
ISIC_4896910,600,450,133.7654266357422,36.04294204711914,32987
ISIC_4897116,600,450,157.87400817871094,41.22642135620117,49477
ISIC_4898312,600,450,165.16017150878906,46.36738586425781,50807
ISIC_4898917,600,450,121.5893325805664,34.80363845825195,37079
ISIC_4900087,600,450,121.68365478515625,33.63328170776367,38819
ISIC_4900201,600,450,157.4705810546875,41.684608459472656,38899
ISIC_4900556,600,450,107.42933654785156,34.17113494873047,34958
ISIC_4901003,600,450,123.47383880615234,44.43543243408203,58099
ISIC_4901933,600,450,166.20211791992188,23.182100296020508,20827
ISIC_4902119,600,450,125.65325164794922,51.6619758605957,51181
ISIC_4905525,600,450,165.93592834472656,22.97058868408203,18373
ISIC_4905823,600,450,150.14903259277344,30.033109664916992,27073
ISIC_4907310,600,450,126.12512969970703,35.261695861816406,48920
ISIC_4908497,600,450,137.11761474609375,22.469905853271484,26305
ISIC_4909505,600,450,165.47694396972656,27.979570388793945,26068
ISIC_4909590,600,450,144.84580993652344,24.349163055419922,47242
ISIC_4909682,600,450,117.64678192138672,46.31361389160156,35000
ISIC_4910424,600,450,148.8363037109375,36.421600341796875,35555
ISIC_4911521,600,450,138.0576934814453,21.681577682495117,23530
ISIC_4912510,600,450,154.16905212402344,27.855836868286133,22664
ISIC_4913073,600,450,170.99951171875,31.823287963867188,34252
ISIC_4913500,600,450,146.5191650390625,21.380640029907227,23501
ISIC_4914433,600,450,163.73431396484375,12.389347076416016,21710
ISIC_4914852,600,450,196.8237762451172,40.27033996582031,37143
ISIC_4915601,600,450,183.7627716064453,34.22126007080078,46027
ISIC_4916643,600,450,163.49484252929688,37.250267028808594,30722
ISIC_4916835,600,450,150.60316467285156,55.05668640136719,19047
ISIC_4919090,600,450,164.82008361816406,51.37912368774414,40807
ISIC_4919280,600,450,133.74240112304688,24.558073043823242,32415
ISIC_4919326,600,450,125.94546508789062,36.405372619628906,37308
ISIC_4920461,600,450,151.81939697265625,21.176834106445312,29412
ISIC_4921441,600,450,139.61610412597656,34.382293701171875,33577
ISIC_4923148,600,450,165.76724243164062,57.54154968261719,22661
ISIC_4923499,600,450,125.85791778564453,38.4318733215332,41455
ISIC_4923934,600,450,164.17066955566406,34.22216033935547,27125
ISIC_4924759,600,450,123.68424987792969,32.68183517456055,33593
ISIC_4924775,600,450,148.40701293945312,30.279924392700195,36273
ISIC_4925038,600,450,111.08393859863281,35.62177658081055,41532
ISIC_4925748,600,450,137.34068298339844,29.07488441467285,36758
ISIC_4926295,600,450,142.3523406982422,40.93954849243164,36645
ISIC_4927149,600,450,121.34636688232422,40.13758087158203,23876
ISIC_4929016,600,450,125.99893188476562,33.601802825927734,34633
ISIC_4929247,600,450,168.04042053222656,24.589641571044922,21320
ISIC_4929586,600,450,174.0883026123047,34.9915771484375,24077
ISIC_4930751,600,450,113.05525207519531,27.28555679321289,29094
ISIC_4932148,600,450,161.03448486328125,22.459794998168945,15184
ISIC_4932799,600,450,113.2635269165039,48.36281204223633,50613
ISIC_4933345,600,450,151.51893615722656,19.054729461669922,28671
ISIC_4933905,600,450,161.90232849121094,40.685325622558594,25051
ISIC_4933959,600,450,119.25323486328125,35.07125473022461,34466
ISIC_4934707,600,450,140.5529327392578,19.284137725830078,21085
ISIC_4935816,600,450,174.4929962158203,14.420389175415039,24042
ISIC_4936029,600,450,147.07029724121094,27.370742797851562,27908
ISIC_4937672,600,450,138.84207153320312,49.10075378417969,32568
ISIC_4938829,600,450,165.37408447265625,21.068880081176758,16416
ISIC_4939357,600,450,157.8621826171875,30.306354522705078,20796
ISIC_4940127,600,450,134.50477600097656,30.174942016601562,28267
ISIC_4940435,600,450,133.2520294189453,42.41282272338867,54532
ISIC_4940514,600,450,128.4851837158203,43.77210235595703,42411
ISIC_4941462,600,450,169.0162811279297,29.824886322021484,64379
ISIC_4942291,600,450,149.1167449951172,25.260286331176758,15370
ISIC_4943359,600,450,169.21730041503906,37.45897674560547,27964
ISIC_4943472,600,450,176.0254364013672,25.951820373535156,20460
ISIC_4943764,600,450,124.68742370605469,40.224910736083984,38662
ISIC_4945500,600,450,140.96849060058594,44.125343322753906,32787
ISIC_4946681,600,450,169.48788452148438,44.69112777709961,43933
ISIC_4949237,600,450,137.16712951660156,22.332359313964844,27392
ISIC_4949753,600,450,144.3486785888672,21.63846206665039,16701
ISIC_4950049,600,450,128.29591369628906,44.346778869628906,35134
ISIC_4951263,600,450,136.1856689453125,27.401329040527344,39335
ISIC_4951972,600,450,124.50518798828125,26.20260238647461,24819
ISIC_4952289,600,450,154.2322540283203,36.85696029663086,36275
ISIC_4952639,600,450,136.54237365722656,39.25255584716797,45632
ISIC_4953526,600,450,168.04823303222656,38.845863342285156,38465
ISIC_4954192,600,450,152.36444091796875,29.85469627380371,26396
ISIC_4955572,600,450,151.3361358642578,26.942041397094727,24021
ISIC_4955834,600,450,136.8075408935547,21.479774475097656,42857
ISIC_4955912,600,450,139.69610595703125,21.631813049316406,25325
ISIC_4956012,600,450,154.32022094726562,33.64742660522461,23400
ISIC_4957395,600,450,129.5683135986328,41.28469467163086,47217
ISIC_4957526,600,450,159.34066772460938,29.943212509155273,24753
ISIC_4957929,600,450,158.990234375,23.822893142700195,26940
ISIC_4958487,600,450,142.5734100341797,23.3703556060791,29537
ISIC_4958589,600,450,162.7916259765625,29.42679214477539,24882
ISIC_4959784,600,450,175.3069610595703,31.68816375732422,18232
ISIC_4960098,600,450,131.3621826171875,43.160335540771484,43227
ISIC_4960789,600,450,158.65118408203125,29.944046020507812,41122
ISIC_4961582,600,450,133.5370330810547,42.455501556396484,49545
ISIC_4962195,600,450,128.66249084472656,39.018863677978516,44774
ISIC_4963201,600,450,158.07810974121094,27.47854232788086,19716
ISIC_4964410,600,450,131.86227416992188,37.99271011352539,46436
ISIC_4964428,600,450,168.33685302734375,37.8419075012207,22305
ISIC_4964694,600,450,127.6474838256836,24.109060287475586,26729
ISIC_4965110,600,450,139.138427734375,23.727914810180664,31023
ISIC_4966803,600,450,124.32510375976562,25.383691787719727,30640
ISIC_4967282,600,450,165.42425537109375,30.588491439819336,36241
ISIC_4968641,600,450,155.62998962402344,27.001157760620117,39002
ISIC_4969084,600,450,209.2399139404297,39.201168060302734,21773
ISIC_4969277,600,450,154.69277954101562,31.742218017578125,20752
ISIC_4970256,600,450,143.63645935058594,26.594932556152344,28970
ISIC_4970657,600,450,131.26611328125,40.48067092895508,45185
ISIC_4971008,600,450,143.8109588623047,15.240758895874023,19710
ISIC_4971911,600,450,153.73818969726562,29.803415298461914,44639
ISIC_4973062,600,450,174.35191345214844,27.87462615966797,19451
ISIC_4973067,600,450,162.55259704589844,33.131744384765625,37161
ISIC_4975719,600,450,128.8760986328125,37.792205810546875,45870
ISIC_4976142,600,450,141.21783447265625,43.301979064941406,53375
ISIC_4976629,600,450,145.8248748779297,34.955997467041016,22661
ISIC_4977351,600,450,143.41700744628906,31.807348251342773,34560
ISIC_4978173,600,450,122.69792938232422,44.632869720458984,53667
ISIC_4979236,600,450,140.95877075195312,28.14460563659668,30324
ISIC_4979533,600,450,146.828857421875,21.55743980407715,34553
ISIC_4980158,600,450,153.50379943847656,54.959720611572266,24557
ISIC_4980196,600,450,127.29344177246094,25.41423225402832,29450
ISIC_4981008,600,450,145.8668975830078,64.75763702392578,34154
ISIC_4982700,600,450,143.4936065673828,23.901039123535156,44777
ISIC_4983165,600,450,172.72691345214844,39.13081359863281,40302
ISIC_4983893,600,450,162.45657348632812,24.550153732299805,18952
ISIC_4984469,600,450,171.3556671142578,41.611087799072266,25797
ISIC_4984580,600,450,179.56326293945312,48.686004638671875,37330
ISIC_4984773,600,450,137.40621948242188,20.080276489257812,26106
ISIC_4985100,600,450,135.2797088623047,39.11437225341797,39099
ISIC_4985739,600,450,165.13902282714844,48.364715576171875,27352
ISIC_4987638,600,450,148.82601928710938,37.596290588378906,28040
ISIC_4987986,600,450,128.07748413085938,32.405799865722656,53107
ISIC_4988567,600,450,162.7514190673828,32.646881103515625,20097
ISIC_4989932,600,450,175.2178497314453,40.37370681762695,23150
ISIC_4990358,600,450,133.10316467285156,21.854738235473633,27229
ISIC_4991395,600,450,126.93128204345703,31.842784881591797,28486
ISIC_4992936,600,450,133.67807006835938,43.80678176879883,74305
ISIC_4993836,600,450,108.17449188232422,49.663490295410156,17771
ISIC_4996777,600,450,138.5826873779297,22.0401668548584,28505
ISIC_5000414,600,450,161.37232971191406,32.98633575439453,25021
ISIC_5001424,600,450,132.3324432373047,23.936552047729492,25807
ISIC_5003991,600,450,164.40289306640625,39.980613708496094,25141
ISIC_5004150,600,450,125.4393310546875,43.91692352294922,34733
ISIC_5006126,600,450,76.40067291259766,34.524600982666016,37438
ISIC_5006235,600,450,129.9768524169922,51.317787170410156,18525
ISIC_5007628,600,450,153.45074462890625,38.85801696777344,29621
ISIC_5007629,600,450,127.10196685791016,33.464630126953125,47277
ISIC_5010015,600,450,130.3692169189453,30.470600128173828,47514
ISIC_5010177,600,450,151.58984375,23.665956497192383,32324
ISIC_5010590,600,450,125.0130844116211,42.24997329711914,31772
ISIC_5013715,600,450,136.4670867919922,38.04393768310547,37899
ISIC_5013822,600,450,150.15586853027344,37.4189338684082,25548
ISIC_5015322,600,450,128.04721069335938,39.70088195800781,38736
ISIC_5016123,600,450,179.70208740234375,27.073850631713867,29489
ISIC_5017355,600,450,146.659912109375,55.35188293457031,27682
ISIC_5018463,600,450,162.75106811523438,23.92970848083496,17221
ISIC_5018607,600,450,140.90916442871094,38.80988311767578,53095
ISIC_5019119,600,450,175.97640991210938,30.52105140686035,24372
ISIC_5019273,600,450,125.75843811035156,42.88462448120117,45928
ISIC_5020961,600,450,152.04638671875,54.730690002441406,32761
ISIC_5021319,600,450,121.39476776123047,50.514408111572266,30671
ISIC_5022439,600,450,135.1731414794922,22.507396697998047,27489
ISIC_5022731,600,450,143.1224365234375,40.06263732910156,20400
ISIC_5023550,600,450,140.40927124023438,58.36756134033203,33302
ISIC_5026774,600,450,169.24639892578125,30.191083908081055,24791
ISIC_5027597,600,450,139.25473022460938,20.740711212158203,27416
ISIC_5027796,600,450,134.1106719970703,21.07308006286621,22702
ISIC_5029533,600,450,135.4160919189453,36.106624603271484,43420
ISIC_5030554,600,450,100.91248321533203,44.2826042175293,53424
ISIC_5030934,600,450,187.20635986328125,33.44086456298828,33187
ISIC_5030992,600,450,184.6514129638672,33.752071380615234,48743
ISIC_5031508,600,450,99.47990417480469,38.65885925292969,23660
ISIC_5032675,600,450,210.7053680419922,28.634780883789062,35718
ISIC_5033470,600,450,142.3899688720703,18.618350982666016,23523
ISIC_5036259,600,450,176.6068115234375,24.821470260620117,22294
ISIC_5037023,600,450,144.93673706054688,17.938405990600586,38837
ISIC_5037826,600,450,126.21597290039062,43.7385139465332,40549
ISIC_5038305,600,450,113.02763366699219,38.280426025390625,67966
ISIC_5042080,600,450,131.61001586914062,32.93386459350586,35881
ISIC_5042253,600,450,163.640625,20.951845169067383,18474
ISIC_5042685,600,450,124.97307586669922,24.208084106445312,28910
ISIC_5043276,600,450,125.13768005371094,45.2178840637207,51306
ISIC_5043555,600,450,111.4761962890625,61.929344177246094,20384
ISIC_5043700,600,450,133.47569274902344,28.576126098632812,42747
ISIC_5044856,600,450,169.4937744140625,16.63760757446289,19004
ISIC_5047126,600,450,144.07818603515625,43.852455139160156,37403
ISIC_5047162,600,450,152.38882446289062,22.73291015625,17223
ISIC_5047383,600,450,128.87246704101562,18.229167938232422,49392
ISIC_5049585,600,450,156.9122772216797,28.412935256958008,21161
ISIC_5050587,600,450,149.7821502685547,36.79218292236328,35262
ISIC_5052804,600,450,144.0105743408203,18.947229385375977,22672
ISIC_5053442,600,450,165.5956573486328,35.201290130615234,26578
ISIC_5054723,600,450,135.2044219970703,35.0361328125,36478
ISIC_5054841,600,450,133.60134887695312,28.93685531616211,24000
ISIC_5054970,600,450,146.6893310546875,25.769817352294922,28400
ISIC_5055083,600,450,149.77183532714844,32.85165023803711,29063
ISIC_5056247,600,450,142.8544921875,22.058849334716797,25049
ISIC_5056347,600,450,131.2568359375,33.2960319519043,38932
ISIC_5058087,600,450,134.157958984375,35.37531661987305,32049
ISIC_5058400,600,450,136.80250549316406,42.731143951416016,41042
ISIC_5058408,600,450,143.8208465576172,67.80559539794922,40979
ISIC_5059174,600,450,134.07513427734375,43.03840637207031,41239
ISIC_5060422,600,450,88.60166931152344,41.79966354370117,37084
ISIC_5062257,600,450,107.7574691772461,60.28700637817383,32552
ISIC_5062776,600,450,153.81475830078125,22.633146286010742,24224
ISIC_5063002,600,450,157.03053283691406,33.635986328125,28925
ISIC_5063574,600,450,127.84162139892578,37.55095291137695,31703
ISIC_5064090,600,450,191.58836364746094,22.559833526611328,20608
ISIC_5064865,600,450,151.14073181152344,54.897727966308594,28243
ISIC_5065727,600,450,133.1985626220703,37.029441833496094,39999
ISIC_5067697,600,450,111.20320892333984,50.530067443847656,52839
ISIC_5068413,600,450,136.8644561767578,43.733699798583984,38879
ISIC_5070126,600,450,124.60015106201172,28.523597717285156,33674
ISIC_5070221,600,450,138.9156951904297,31.097835540771484,31511
ISIC_5071145,600,450,131.03524780273438,41.16635513305664,58893
ISIC_5072182,600,450,150.23304748535156,34.97350311279297,36045
ISIC_5074726,600,450,126.3304672241211,24.28322410583496,28146
ISIC_5076582,600,450,138.38731384277344,46.632450103759766,43376
ISIC_5076767,600,450,179.6945343017578,15.34752082824707,39811
ISIC_5077872,600,450,157.85964965820312,32.696903228759766,33193
ISIC_5078639,600,450,145.71267700195312,12.136517524719238,18621
ISIC_5079694,600,450,118.91345977783203,25.809751510620117,32380
ISIC_5080331,600,450,165.12857055664062,57.370296478271484,32020
ISIC_5082399,600,450,108.6129150390625,44.648277282714844,42748
ISIC_5083462,600,450,118.70149230957031,41.450782775878906,42915
ISIC_5083538,600,450,116.7217025756836,34.53134536743164,34034
ISIC_5083671,600,450,163.476806640625,35.350799560546875,42330
ISIC_5083751,600,450,172.85179138183594,31.179121017456055,40470
ISIC_5084322,600,450,123.30267333984375,48.09885787963867,55153
ISIC_5084418,600,450,121.54412078857422,30.113351821899414,45137
ISIC_5084798,600,450,144.87889099121094,28.97854995727539,49035
ISIC_5084963,600,450,172.6993408203125,19.787548065185547,29092
ISIC_5085980,600,450,153.03733825683594,23.943965911865234,16017
ISIC_5086729,600,450,145.50814819335938,28.52776336669922,47714
ISIC_5087027,600,450,128.06228637695312,41.86700439453125,44841
ISIC_5087561,600,450,132.62709045410156,29.35787010192871,35392
ISIC_5089274,600,450,159.82872009277344,21.12264633178711,24418
ISIC_5089532,600,450,158.50811767578125,63.0992546081543,27986
ISIC_5090480,600,450,140.8979949951172,10.33527946472168,23501
ISIC_5091185,600,450,113.07681274414062,45.2391471862793,56168
ISIC_5092515,600,450,166.3640899658203,39.40571594238281,28647
ISIC_5092532,600,450,140.77883911132812,29.32040023803711,40022
ISIC_5092781,600,450,126.64535522460938,33.85166549682617,50406
ISIC_5093195,600,450,153.9137420654297,32.98676300048828,23917
ISIC_5093287,600,450,144.00955200195312,35.72607421875,32929
ISIC_5093839,600,450,141.4819793701172,54.488319396972656,39064
ISIC_5093862,600,450,150.53953552246094,21.878393173217773,30775
ISIC_5097119,600,450,151.787109375,41.018577575683594,36915
ISIC_5097850,600,450,122.18795013427734,41.868106842041016,53438
ISIC_5099169,600,450,149.4165802001953,54.5727424621582,29145
ISIC_5100065,600,450,127.63583374023438,55.17008972167969,55626
ISIC_5101018,600,450,163.22354125976562,37.49266815185547,65647
ISIC_5101364,600,450,138.17874145507812,34.53376770019531,42660
ISIC_5101807,600,450,121.16897583007812,42.640201568603516,62874
ISIC_5103206,600,450,161.117919921875,49.64493179321289,35720
ISIC_5104415,600,450,125.58016967773438,21.139163970947266,36668
ISIC_5107821,600,450,150.71726989746094,22.479806900024414,25797
ISIC_5110123,600,450,138.03579711914062,44.215633392333984,44190
ISIC_5110194,600,450,136.11959838867188,45.37359619140625,90049
ISIC_5111361,600,450,132.10487365722656,46.248817443847656,39887
ISIC_5115393,600,450,140.0115966796875,41.81368637084961,34727
ISIC_5116256,600,450,147.65499877929688,49.51897430419922,24876
ISIC_5116537,600,450,115.86641693115234,39.7700309753418,47735
ISIC_5116668,600,450,133.49566650390625,17.789854049682617,21376
ISIC_5120336,600,450,179.55670166015625,23.185476303100586,35833
ISIC_5120362,600,450,96.89885711669922,22.866878509521484,27731
ISIC_5121043,600,450,129.65603637695312,39.0124626159668,43313
ISIC_5121192,600,450,122.53406524658203,30.69400978088379,34618
ISIC_5124607,600,450,143.84320068359375,14.135669708251953,21225
ISIC_5126567,600,450,163.64515686035156,46.89751434326172,37732
ISIC_5128007,600,450,114.83826446533203,39.94041061401367,40830
ISIC_5128167,600,450,154.02328491210938,37.63447570800781,48551
ISIC_5128796,600,450,151.7181396484375,43.042659759521484,25872
ISIC_5129541,600,450,139.5799102783203,44.09420394897461,24104
ISIC_5129863,600,450,172.1547088623047,20.276134490966797,17715
ISIC_5132321,600,450,145.69349670410156,35.407588958740234,27511
ISIC_5132630,600,450,161.9549560546875,47.37489700317383,28842
ISIC_5133092,600,450,108.09788513183594,25.454265594482422,34102
ISIC_5134271,600,450,130.5399932861328,37.767608642578125,39149
ISIC_5135274,600,450,138.53033447265625,31.95098114013672,39095
ISIC_5135443,600,450,169.98411560058594,28.741939544677734,37777
ISIC_5135848,600,450,119.56207275390625,41.064979553222656,47371
ISIC_5136915,600,450,167.87841796875,31.37796401977539,61780
ISIC_5137393,600,450,131.8445587158203,52.95325469970703,47214
ISIC_5137477,600,450,155.5275421142578,34.89396286010742,40128
ISIC_5138441,600,450,133.20709228515625,39.69097137451172,37866
ISIC_5138739,600,450,147.53041076660156,40.45252227783203,25707
ISIC_5139740,600,450,130.37124633789062,39.06871032714844,43741
ISIC_5140960,600,450,127.09252166748047,41.362884521484375,33748
ISIC_5142210,600,450,137.36032104492188,23.215194702148438,25111
ISIC_5144687,600,450,147.9890899658203,21.208473205566406,26646
ISIC_5145664,600,450,139.42417907714844,18.927865982055664,25707
ISIC_5148533,600,450,140.56568908691406,47.34023666381836,50673
ISIC_5149059,600,450,137.31947326660156,42.41914367675781,68970
ISIC_5149156,600,450,141.38482666015625,50.18170166015625,59615
ISIC_5149324,600,450,166.32272338867188,24.124317169189453,29230
ISIC_5149579,600,450,134.11216735839844,25.962987899780273,38187
ISIC_5150525,600,450,156.5526885986328,40.25391387939453,40709
ISIC_5150740,600,450,120.08273315429688,31.137434005737305,34156
ISIC_5151650,600,450,139.95069885253906,67.70895385742188,32924
ISIC_5152130,600,450,131.0685272216797,32.01460647583008,31336
ISIC_5152492,600,450,123.16142272949219,57.98686599731445,65031
ISIC_5156331,600,450,141.69879150390625,29.668556213378906,31158
ISIC_5156395,600,450,191.14315795898438,44.270320892333984,29698
ISIC_5157183,600,450,164.35140991210938,29.733728408813477,23583
ISIC_5157495,600,450,172.00186157226562,63.471038818359375,28512
ISIC_5158158,600,450,198.29600524902344,20.095890045166016,31741
ISIC_5159139,600,450,149.2061004638672,17.75318717956543,21501
ISIC_5159606,600,450,97.19950866699219,53.205772399902344,34138
ISIC_5163313,600,450,187.4730987548828,32.01075744628906,48521
ISIC_5164012,600,450,163.80770874023438,23.1126766204834,23172
ISIC_5164646,600,450,154.34310913085938,42.41387176513672,27448
ISIC_5165824,600,450,142.87403869628906,36.69655990600586,43486
ISIC_5167204,600,450,137.04464721679688,38.051597595214844,43784
ISIC_5168814,600,450,89.61829376220703,43.57273864746094,46836
ISIC_5168853,600,450,129.93275451660156,39.7415885925293,29915
ISIC_5169938,600,450,160.14283752441406,44.16117858886719,29215
ISIC_5171624,600,450,157.3034210205078,28.206825256347656,28265
ISIC_5171808,600,450,151.0318603515625,16.40597915649414,29883
ISIC_5173097,600,450,186.82711791992188,30.06012725830078,49455
ISIC_5173419,600,450,155.96592712402344,56.02338409423828,42496
ISIC_5173718,600,450,127.40013122558594,57.13050842285156,32501
ISIC_5174175,600,450,162.94015502929688,30.262235641479492,34889
ISIC_5174728,600,450,164.99136352539062,21.365989685058594,21943
ISIC_5175946,600,450,163.8910369873047,65.41798400878906,28427
ISIC_5176734,600,450,135.8975372314453,46.64653015136719,58929
ISIC_5177404,600,450,120.89533996582031,45.46991729736328,49888
ISIC_5178054,600,450,130.00718688964844,32.72941207885742,38687
ISIC_5178949,600,450,144.06138610839844,31.783384323120117,34555
ISIC_5179024,600,450,144.0736846923828,19.4315242767334,24584
ISIC_5179141,600,450,183.4473876953125,49.60980224609375,50447
ISIC_5180185,600,450,148.77615356445312,17.491455078125,19760
ISIC_5180599,600,450,160.83775329589844,38.99599838256836,32200
ISIC_5182952,600,450,148.49386596679688,28.46013832092285,29203
ISIC_5184106,600,450,165.83718872070312,34.97789764404297,30034
ISIC_5185179,600,450,148.09866333007812,20.88568687438965,19156
ISIC_5185355,600,450,178.18753051757812,36.22334289550781,46406
ISIC_5185588,600,450,142.76808166503906,36.57149124145508,20798
ISIC_5186161,600,450,162.11697387695312,26.834369659423828,50044
ISIC_5186218,600,450,142.4124298095703,29.008970260620117,42231
ISIC_5186409,600,450,117.89987182617188,35.04667663574219,29484
ISIC_5187564,600,450,148.3495635986328,45.87074279785156,29127
ISIC_5188025,600,450,143.0121307373047,33.48286437988281,27971
ISIC_5188621,600,450,137.45468139648438,27.254919052124023,31523
ISIC_5191763,600,450,161.91543579101562,46.44172286987305,29795
ISIC_5192756,600,450,127.93017578125,31.497344970703125,29365
ISIC_5192807,600,450,134.7288055419922,17.980796813964844,34041
ISIC_5192894,600,450,134.07818603515625,44.61233139038086,39547
ISIC_5194644,600,450,150.60195922851562,29.097240447998047,15427
ISIC_5195959,600,450,157.26832580566406,54.09914016723633,29391
ISIC_5197331,600,450,163.39822387695312,28.121536254882812,24405
ISIC_5197529,600,450,132.96022033691406,32.392799377441406,39168
ISIC_5199166,600,450,116.20864868164062,33.47665023803711,68153
ISIC_5200686,600,450,201.48158264160156,31.529508590698242,23273
ISIC_5201104,600,450,128.15884399414062,44.701255798339844,33085
ISIC_5203019,600,450,105.7353515625,40.898780822753906,14671
ISIC_5203294,600,450,111.59152221679688,27.069257736206055,40078
ISIC_5203599,600,450,139.7216033935547,45.65751647949219,33397
ISIC_5205572,600,450,157.82354736328125,23.218976974487305,36833
ISIC_5205716,600,450,133.70516967773438,25.471654891967773,41648
ISIC_5206219,600,450,97.42982482910156,30.689912796020508,30139
ISIC_5207549,600,450,137.79940795898438,39.3177490234375,27408
ISIC_5208838,600,450,162.53079223632812,27.27259635925293,34743
ISIC_5209351,600,450,150.5668487548828,32.487579345703125,22781
ISIC_5210175,600,450,140.08470153808594,32.706382751464844,35290
ISIC_5212180,600,450,122.63646697998047,34.38148498535156,46945
ISIC_5212488,600,450,124.10184478759766,21.447599411010742,46700
ISIC_5213096,600,450,132.24176025390625,41.55632400512695,64803
ISIC_5213643,600,450,112.18441772460938,35.882118225097656,19533
ISIC_5214169,600,450,122.21924591064453,39.686885833740234,36230
ISIC_5214703,600,450,145.2759246826172,23.195280075073242,18350
ISIC_5216960,600,450,137.2847137451172,20.81016731262207,26029
ISIC_5217075,600,450,144.30029296875,19.137928009033203,16458
ISIC_5217912,600,450,126.18244171142578,31.096391677856445,40618
ISIC_5218005,600,450,144.2511749267578,54.143592834472656,36132
ISIC_5218432,600,450,174.07000732421875,42.83308792114258,32801
ISIC_5221340,600,450,147.48968505859375,44.12301254272461,41387
ISIC_5223774,600,450,178.7389678955078,40.91276168823242,44704
ISIC_5224246,600,450,162.69923400878906,21.85478973388672,25056
ISIC_5225765,600,450,111.0294189453125,21.625717163085938,28343
ISIC_5227758,600,450,121.2070541381836,19.930784225463867,32667
ISIC_5228122,600,450,128.09896850585938,27.81180191040039,35508
ISIC_5230169,600,450,99.47735595703125,37.070762634277344,39177
ISIC_5230761,600,450,144.748291015625,72.29714965820312,42162
ISIC_5232497,600,450,117.2593765258789,49.097694396972656,48781
ISIC_5232516,600,450,153.6886749267578,16.781930923461914,26892
ISIC_5233296,600,450,117.16009521484375,34.890113830566406,26559
ISIC_5233519,600,450,148.43331909179688,33.40888595581055,30371
ISIC_5233869,600,450,118.91217803955078,37.857688903808594,44945
ISIC_5235518,600,450,153.260498046875,24.75231170654297,23492
ISIC_5238772,600,450,138.81919860839844,25.929141998291016,28623
ISIC_5239106,600,450,154.03192138671875,25.589527130126953,27438
ISIC_5240279,600,450,173.59158325195312,71.13992309570312,33842
ISIC_5240908,600,450,171.82870483398438,29.217491149902344,52760
ISIC_5242109,600,450,128.4218292236328,36.2728157043457,43581
ISIC_5242235,600,450,156.30682373046875,24.541410446166992,23840
ISIC_5242239,600,450,131.3550262451172,36.48102951049805,42155
ISIC_5242567,600,450,143.43206787109375,40.43572998046875,42584
ISIC_5243282,600,450,173.83106994628906,27.88869285583496,34991
ISIC_5246161,600,450,157.4674835205078,33.500885009765625,22942
ISIC_5246163,600,450,164.72691345214844,30.133708953857422,65339
ISIC_5246923,600,450,139.23016357421875,49.92911911010742,27578
ISIC_5247248,600,450,143.89781188964844,49.8993034362793,45397
ISIC_5248965,600,450,166.6300811767578,52.73189163208008,44132
ISIC_5249128,600,450,117.62916564941406,42.79476547241211,41467
ISIC_5249321,600,450,147.02952575683594,23.608301162719727,26671
ISIC_5253456,600,450,120.21017456054688,43.952903747558594,49100
ISIC_5253746,600,450,146.34213256835938,33.37620544433594,25106
ISIC_5254610,600,450,162.60272216796875,30.498294830322266,41969
ISIC_5255131,600,450,193.60940551757812,34.620445251464844,21149
ISIC_5258143,600,450,133.2920379638672,25.640958786010742,25951
ISIC_5259848,600,450,150.498046875,30.945350646972656,55792
ISIC_5260184,600,450,129.64157104492188,36.424774169921875,36092
ISIC_5261229,600,450,142.19400024414062,28.3425350189209,47197
ISIC_5261867,600,450,70.31440734863281,33.454368591308594,23735
ISIC_5264230,600,450,136.63162231445312,39.12413024902344,38339
ISIC_5266605,600,450,183.4612579345703,23.112403869628906,27366
ISIC_5268767,600,450,161.58587646484375,10.978434562683105,12452
ISIC_5270147,600,450,170.13363647460938,49.75837707519531,25917
ISIC_5271791,600,450,159.16610717773438,18.18358039855957,24408
ISIC_5272574,600,450,155.42640686035156,19.674072265625,14320
ISIC_5273681,600,450,137.72018432617188,52.06239318847656,31232
ISIC_5274848,600,450,136.4429168701172,27.116867065429688,48864
ISIC_5274972,600,450,167.90463256835938,17.371225357055664,19229
ISIC_5275192,600,450,164.93333435058594,29.436487197875977,23089
ISIC_5276989,600,450,151.3994598388672,34.25712585449219,33918
ISIC_5279946,600,450,159.85421752929688,32.14228057861328,22057
ISIC_5280186,600,450,120.58013153076172,30.16799545288086,36436
ISIC_5280833,600,450,115.65804290771484,44.847511291503906,49082
ISIC_5280874,600,450,111.24394989013672,34.482906341552734,29804
ISIC_5280916,600,450,122.5451889038086,31.22035789489746,39868
ISIC_5281912,600,450,174.12503051757812,51.4542121887207,31026
ISIC_5282437,600,450,144.24227905273438,37.015281677246094,42424
ISIC_5283239,600,450,109.71884155273438,32.56806182861328,34537
ISIC_5284704,600,450,109.85001373291016,29.847904205322266,32512
ISIC_5286872,600,450,145.01678466796875,17.241539001464844,32049
ISIC_5287761,600,450,142.0970001220703,27.234642028808594,37403
ISIC_5287888,600,450,124.12711334228516,39.1102294921875,44260
ISIC_5289955,600,450,95.8927001953125,64.8326416015625,25237
ISIC_5291074,600,450,118.14451599121094,48.00165557861328,42694
ISIC_5291256,600,450,115.55156707763672,42.11224365234375,39996
ISIC_5291973,600,450,131.44119262695312,35.9708366394043,27513
ISIC_5293815,600,450,145.30178833007812,25.813535690307617,17925
ISIC_5294377,600,450,146.0091094970703,52.04851150512695,26560
ISIC_5294669,600,450,133.63058471679688,26.71510887145996,49469
ISIC_5296244,600,450,186.136474609375,31.87337875366211,23169
ISIC_5296837,600,450,148.95437622070312,48.276363372802734,19801
ISIC_5297462,600,450,138.43905639648438,17.791292190551758,18289
ISIC_5298476,600,450,145.4849853515625,29.795055389404297,21874
ISIC_5298792,600,450,118.92256927490234,37.76251220703125,33070
ISIC_5299228,600,450,137.5294647216797,42.38205337524414,44877
ISIC_5299723,600,450,125.56790924072266,39.14871597290039,34892
ISIC_5301048,600,450,117.2469253540039,35.94064712524414,44026
ISIC_5301687,600,450,123.99622344970703,50.25029754638672,44731
ISIC_5304804,600,450,160.93528747558594,21.686389923095703,25260
ISIC_5305490,600,450,91.83928680419922,31.779216766357422,36766
ISIC_5305591,600,450,122.24901580810547,35.81536102294922,36582
ISIC_5306039,600,450,153.4744415283203,24.99049949645996,40700
ISIC_5306085,600,450,150.64524841308594,46.803810119628906,22268
ISIC_5306258,600,450,140.28402709960938,47.461212158203125,66542
ISIC_5308020,600,450,131.427734375,32.796112060546875,56773
ISIC_5308373,600,450,135.49771118164062,38.33970642089844,41941
ISIC_5308424,600,450,127.39330291748047,31.278207778930664,31785
ISIC_5310379,600,450,131.6367645263672,43.440223693847656,33850
ISIC_5310585,600,450,142.55577087402344,35.14091491699219,25372
ISIC_5310763,600,450,145.83486938476562,61.01117706298828,27771
ISIC_5311382,600,450,169.7028350830078,17.855335235595703,26710
ISIC_5312126,600,450,111.87784576416016,19.833749771118164,30413
ISIC_5313254,600,450,164.67994689941406,21.36730194091797,19792
ISIC_5313507,600,450,175.03297424316406,24.002347946166992,30990
ISIC_5314299,600,450,125.91725158691406,48.62354278564453,67853
ISIC_5314319,600,450,175.6903839111328,24.69227409362793,39485
ISIC_5315022,600,450,125.26192474365234,38.63685607910156,48037
ISIC_5315549,600,450,128.3910369873047,57.9210205078125,14579
ISIC_5315833,600,450,161.04656982421875,36.03885269165039,20975
ISIC_5317598,600,450,135.82049560546875,41.356990814208984,50733
ISIC_5318049,600,450,141.01663208007812,37.08614730834961,40182
ISIC_5318502,600,450,139.0431365966797,46.81657409667969,39506
ISIC_5318655,600,450,118.7410888671875,41.64980697631836,49578
ISIC_5319529,600,450,87.55455017089844,32.219364166259766,27423
ISIC_5321479,600,450,165.19374084472656,18.12869644165039,17819
ISIC_5322852,600,450,157.55691528320312,70.32534790039062,39041
ISIC_5323349,600,450,114.6302490234375,38.05837631225586,45028
ISIC_5324767,600,450,153.32357788085938,34.0750617980957,18849
ISIC_5325202,600,450,130.1252899169922,40.01887512207031,40738
ISIC_5325372,600,450,148.67738342285156,57.17599105834961,26276
ISIC_5328474,600,450,112.87699890136719,23.191144943237305,27865
ISIC_5328520,600,450,172.19480895996094,48.029876708984375,37308
ISIC_5329894,600,450,130.31024169921875,39.86666488647461,14191
ISIC_5330823,600,450,119.22218322753906,38.29860305786133,53861
ISIC_5333979,600,450,121.1881103515625,39.81161880493164,51160
ISIC_5334491,600,450,145.93124389648438,33.34370422363281,37746
ISIC_5335240,600,450,119.59709930419922,26.277700424194336,39232
ISIC_5340961,600,450,127.00790405273438,33.973793029785156,43462
ISIC_5341557,600,450,121.063232421875,44.231842041015625,55154
ISIC_5341584,600,450,144.9678955078125,27.83417510986328,43398
ISIC_5342805,600,450,134.46839904785156,33.904136657714844,32378
ISIC_5342950,600,450,123.89712524414062,33.73194122314453,20017
ISIC_5342997,600,450,117.64698028564453,37.3978271484375,36745
ISIC_5343449,600,450,155.80833435058594,44.42549133300781,31689
ISIC_5343551,600,450,162.37155151367188,42.27451705932617,29237
ISIC_5343716,600,450,177.27584838867188,35.002742767333984,40415
ISIC_5344273,600,450,161.62860107421875,17.236324310302734,20995
ISIC_5345557,600,450,106.8258285522461,27.904293060302734,46238
ISIC_5345684,600,450,127.3197250366211,38.380855560302734,49732
ISIC_5348732,600,450,107.89542388916016,29.524995803833008,26411
ISIC_5349344,600,450,139.7469940185547,39.3151969909668,34377
ISIC_5349431,600,450,164.3685302734375,25.08409309387207,53753
ISIC_5349810,600,450,102.29149627685547,28.08845329284668,35553
ISIC_5350161,600,450,142.70840454101562,36.437191009521484,27768
ISIC_5350286,600,450,150.58226013183594,22.80549430847168,19725
ISIC_5350988,600,450,151.19189453125,41.60588836669922,36824
ISIC_5352383,600,450,163.60862731933594,30.230819702148438,23478
ISIC_5352485,600,450,138.89285278320312,37.29985046386719,42630
ISIC_5352626,600,450,162.85386657714844,29.632858276367188,24018
ISIC_5353872,600,450,142.48867797851562,36.159908294677734,37436
ISIC_5356282,600,450,142.37037658691406,35.13930130004883,33970
ISIC_5358212,600,450,155.46688842773438,27.550344467163086,31493
ISIC_5360213,600,450,141.86585998535156,46.370731353759766,28286
ISIC_5362779,600,450,141.68576049804688,21.59358787536621,25449
ISIC_5363218,600,450,146.4846954345703,17.9261417388916,26033
ISIC_5364113,600,450,171.89764404296875,34.59730529785156,47179
ISIC_5364143,600,450,126.06028747558594,43.62372589111328,46730
ISIC_5364900,600,450,171.4452667236328,55.63822555541992,44539
ISIC_5366005,600,450,121.19551849365234,44.68254852294922,45496
ISIC_5367270,600,450,104.35218811035156,47.91027069091797,40101
ISIC_5371928,600,450,163.51426696777344,25.588603973388672,33985
ISIC_5372698,600,450,123.87025451660156,34.61819076538086,31281
ISIC_5372884,600,450,148.25892639160156,30.68851089477539,19904
ISIC_5372934,600,450,157.28012084960938,36.598838806152344,26987
ISIC_5373218,600,450,139.89334106445312,35.044212341308594,36039
ISIC_5373976,600,450,157.7848663330078,61.29024124145508,26775
ISIC_5374944,600,450,117.97350311279297,45.5784797668457,52413
ISIC_5376495,600,450,140.5952606201172,42.70476150512695,43022
ISIC_5378143,600,450,111.44181823730469,24.667404174804688,24935
ISIC_5378715,600,450,115.31138610839844,42.68648147583008,44976
ISIC_5378716,600,450,154.99960327148438,26.948320388793945,24455
ISIC_5378878,600,450,134.5666961669922,41.67425537109375,43682
ISIC_5379619,600,450,160.41195678710938,39.35630416870117,37308
ISIC_5380414,600,450,167.6727294921875,49.086910247802734,39057
ISIC_5380664,600,450,146.97108459472656,31.045635223388672,27589
ISIC_5380715,600,450,181.3418731689453,38.45006561279297,24763
ISIC_5381632,600,450,129.27268981933594,32.790157318115234,31218
ISIC_5381727,600,450,126.98839569091797,30.891111373901367,26818
ISIC_5383160,600,450,151.67857360839844,46.21142578125,29184
ISIC_5383487,600,450,147.5151824951172,38.26325607299805,46126
ISIC_5385783,600,450,162.09738159179688,34.492408752441406,24864
ISIC_5386166,600,450,139.22349548339844,33.248863220214844,22508
ISIC_5386998,600,450,138.4554901123047,39.62568283081055,40551
ISIC_5387219,600,450,136.55030822753906,41.82339859008789,33392
ISIC_5387790,600,450,131.52113342285156,42.45393753051758,44407
ISIC_5390171,600,450,177.5901641845703,18.51775360107422,33318
ISIC_5392764,600,450,187.70457458496094,25.31060791015625,35021
ISIC_5395930,600,450,121.55536651611328,38.85305404663086,45232
ISIC_5395949,600,450,158.36398315429688,56.761383056640625,43582
ISIC_5398396,600,450,131.25372314453125,22.90438461303711,26622
ISIC_5398617,600,450,182.07383728027344,36.746788024902344,21448
ISIC_5398729,600,450,113.3502197265625,41.12678146362305,43638
ISIC_5399025,600,450,193.7340850830078,21.285354614257812,24842
ISIC_5399116,600,450,135.44261169433594,20.46404266357422,38967
ISIC_5399167,600,450,166.78440856933594,36.533233642578125,35478
ISIC_5399582,600,450,139.4676971435547,35.0670280456543,28581
ISIC_5400013,600,450,178.27142333984375,24.465972900390625,41548
ISIC_5402488,600,450,117.99751281738281,29.813610076904297,22041
ISIC_5402789,600,450,117.39794921875,30.61687469482422,44190
ISIC_5403535,600,450,130.97708129882812,38.08938980102539,42999
ISIC_5403927,600,450,131.92015075683594,38.770652770996094,53698
ISIC_5405039,600,450,178.03366088867188,36.49098587036133,37649
ISIC_5406249,600,450,135.4702606201172,34.98286437988281,70381
ISIC_5406917,600,450,135.14163208007812,38.24336624145508,42432
ISIC_5407200,600,450,110.30899810791016,58.00680160522461,19898
ISIC_5408628,600,450,114.14978790283203,40.42715835571289,34855
ISIC_5409072,600,450,154.236083984375,71.38203430175781,27097
ISIC_5409281,600,450,142.63816833496094,32.996578216552734,44233
ISIC_5409428,600,450,84.09054565429688,45.67631530761719,31946
ISIC_5410210,600,450,160.80740356445312,37.82482147216797,40172
ISIC_5412380,600,450,140.78433227539062,70.9934310913086,36938
ISIC_5412550,600,450,157.4656524658203,59.46900939941406,32343
ISIC_5413870,600,450,115.34917449951172,38.292877197265625,31040
ISIC_5415740,600,450,171.5160369873047,24.643905639648438,19495
ISIC_5416645,600,450,165.68836975097656,46.15337371826172,101478
ISIC_5416823,600,450,114.99543762207031,39.65926742553711,36296
ISIC_5418047,600,450,151.50645446777344,34.19667434692383,38935
ISIC_5419605,600,450,159.365234375,28.319246292114258,25045
ISIC_5420310,600,450,150.89710998535156,37.533355712890625,34281
ISIC_5420985,600,450,64.45453643798828,48.686195373535156,62673
ISIC_5423101,600,450,107.46382141113281,53.51374435424805,87902
ISIC_5424675,600,450,153.29379272460938,29.51283073425293,23790
ISIC_5425472,600,450,137.6280975341797,35.172000885009766,42910
ISIC_5425962,600,450,165.63157653808594,27.288545608520508,31786
ISIC_5426572,600,450,190.3135986328125,18.969554901123047,19001
ISIC_5427398,600,450,166.7414093017578,21.890060424804688,18032
ISIC_5428941,600,450,156.3010711669922,40.23823165893555,24347
ISIC_5430362,600,450,133.8089141845703,24.759326934814453,24496
ISIC_5431278,600,450,136.3188934326172,35.714935302734375,29728
ISIC_5432141,600,450,124.95989990234375,47.39338684082031,44350
ISIC_5433214,600,450,130.40579223632812,33.02047348022461,39467
ISIC_5433476,600,450,174.94065856933594,32.69914245605469,35407
ISIC_5433961,600,450,139.40740966796875,24.84437370300293,44778
ISIC_5434141,600,450,141.0264434814453,11.790827751159668,23600
ISIC_5435068,600,450,117.72221374511719,41.53705596923828,55330
ISIC_5435390,600,450,133.1468505859375,31.132125854492188,38535
ISIC_5436116,600,450,162.38522338867188,35.063594818115234,28934
ISIC_5436595,600,450,147.43272399902344,43.2359619140625,30105
ISIC_5437238,600,450,131.32904052734375,32.667598724365234,30725
ISIC_5438818,600,450,162.99725341796875,29.877717971801758,39067
ISIC_5439956,600,450,118.06351470947266,31.399860382080078,25928
ISIC_5440216,600,450,170.39910888671875,28.614852905273438,17964
ISIC_5440611,600,450,127.83231353759766,36.048988342285156,29749
ISIC_5441520,600,450,145.29632568359375,48.946624755859375,39059
ISIC_5441652,600,450,131.2881317138672,35.26701354980469,39741
ISIC_5442946,600,450,117.10813903808594,38.85570526123047,30844
ISIC_5442968,600,450,149.13278198242188,28.81121826171875,24181
ISIC_5443014,600,450,123.8509750366211,35.6769905090332,40008
ISIC_5443280,600,450,131.58078002929688,41.070396423339844,44649
ISIC_5444755,600,450,129.9588623046875,33.6895751953125,38664
ISIC_5446350,600,450,125.65978240966797,27.420799255371094,32893
ISIC_5447057,600,450,118.63353729248047,29.111732482910156,23454
ISIC_5449503,600,450,103.38247680664062,41.83711624145508,83584
ISIC_5449756,600,450,133.48155212402344,25.304384231567383,42049
ISIC_5450702,600,450,116.11331176757812,43.61396026611328,49571
ISIC_5451038,600,450,172.6285858154297,41.5724983215332,20422
ISIC_5452534,600,450,131.77304077148438,39.22150802612305,44388
ISIC_5452980,600,450,167.43580627441406,27.64451789855957,21966
ISIC_5455211,600,450,136.02731323242188,37.916358947753906,50341
ISIC_5456124,600,450,158.6164093017578,29.85476303100586,48643
ISIC_5456265,600,450,118.99768829345703,35.543216705322266,29040
ISIC_5457545,600,450,161.53746032714844,17.80499267578125,30000
ISIC_5459597,600,450,140.15928649902344,24.98126792907715,34174
ISIC_5460617,600,450,152.1741180419922,34.46272659301758,28144
ISIC_5461210,600,450,145.7978515625,43.628299713134766,23727
ISIC_5462275,600,450,156.4996337890625,26.427011489868164,38739
ISIC_5463407,600,450,129.09060668945312,25.919158935546875,28369
ISIC_5466262,600,450,154.85772705078125,23.728212356567383,38036
ISIC_5466448,600,450,126.84266662597656,24.03948402404785,33020
ISIC_5466692,600,450,136.6640167236328,33.05876159667969,36531
ISIC_5466838,600,450,121.35887145996094,32.06194305419922,29842
ISIC_5467966,600,450,150.5081329345703,26.780498504638672,30987
ISIC_5469285,600,450,156.08065795898438,24.826622009277344,18823
ISIC_5469861,600,450,141.56710815429688,44.1319465637207,29619
ISIC_5471903,600,450,83.9034194946289,47.83506774902344,18203
ISIC_5472264,600,450,130.63632202148438,23.806007385253906,27279
ISIC_5474962,600,450,135.0215606689453,36.2628059387207,48620
ISIC_5475497,600,450,128.41748046875,46.037086486816406,64765
ISIC_5475721,600,450,148.79147338867188,36.8634147644043,26521
ISIC_5476166,600,450,115.00714874267578,30.256107330322266,47543
ISIC_5478943,600,450,127.41473388671875,36.46043395996094,52269
ISIC_5479076,600,450,94.54710388183594,34.91763687133789,60488
ISIC_5480309,600,450,169.1377410888672,33.553001403808594,22629
ISIC_5481679,600,450,147.64547729492188,41.57107925415039,39822
ISIC_5483293,600,450,157.5111846923828,26.46089744567871,34635
ISIC_5483404,600,450,137.1887664794922,44.5670051574707,27394
ISIC_5483548,600,450,123.64399719238281,47.585689544677734,24442
ISIC_5483736,600,450,125.4908447265625,41.1029052734375,48970
ISIC_5484742,600,450,148.66102600097656,29.423524856567383,28111
ISIC_5488940,600,450,148.5950469970703,37.88205337524414,20331
ISIC_5489979,600,450,144.3145294189453,38.738197326660156,21228
ISIC_5491732,600,450,142.87921142578125,33.1882209777832,29610
ISIC_5492973,600,450,200.80690002441406,29.581106185913086,30869
ISIC_5493878,600,450,107.9673080444336,43.59410095214844,45800
ISIC_5493908,600,450,128.8111114501953,28.90289306640625,28806
ISIC_5494355,600,450,120.98973083496094,61.41652297973633,24552
ISIC_5494529,600,450,185.30235290527344,48.1074333190918,87922
ISIC_5494556,600,450,143.8375244140625,46.514156341552734,20153
ISIC_5494808,600,450,116.2951431274414,32.789833068847656,49559
ISIC_5495313,600,450,126.7747573852539,36.812461853027344,32455
ISIC_5498094,600,450,128.19219970703125,21.036014556884766,24505
ISIC_5498605,600,450,116.24268341064453,35.8456916809082,54857
ISIC_5499900,600,450,120.66654968261719,24.711280822753906,31061
ISIC_5499953,600,450,131.3230743408203,45.79541778564453,48664
ISIC_5501232,600,450,152.63072204589844,18.412195205688477,26863
ISIC_5501634,600,450,121.11026000976562,32.33400344848633,33480
ISIC_5503156,600,450,119.21817016601562,41.61335754394531,38657
ISIC_5503515,600,450,129.05014038085938,40.94488525390625,24046
ISIC_5508754,600,450,192.57908630371094,34.713687896728516,12352
ISIC_5509679,600,450,180.97579956054688,33.59489822387695,27528
ISIC_5509823,600,450,120.0611343383789,22.44947624206543,27155
ISIC_5510526,600,450,159.6400604248047,66.72309112548828,26825
ISIC_5511054,600,450,150.86575317382812,20.266250610351562,19107
ISIC_5511326,600,450,168.61170959472656,36.09180450439453,49344
ISIC_5511950,600,450,154.6219024658203,30.872350692749023,26568
ISIC_5512440,600,450,148.36807250976562,32.90068435668945,27717
ISIC_5513367,600,450,143.87295532226562,60.73685073852539,33869
ISIC_5513734,600,450,112.15241241455078,36.32796859741211,39705
ISIC_5514135,600,450,155.77545166015625,19.121631622314453,36306
ISIC_5517161,600,450,157.7721710205078,30.663942337036133,26768
ISIC_5517500,600,450,139.00437927246094,18.447721481323242,23778
ISIC_5517639,600,450,141.9399871826172,30.295360565185547,37583
ISIC_5518035,600,450,162.54446411132812,18.71881866455078,38581
ISIC_5518449,600,450,112.32617950439453,34.51120376586914,36252
ISIC_5519093,600,450,121.95073699951172,37.64784240722656,38528
ISIC_5520243,600,450,124.90010833740234,43.29051971435547,52560
ISIC_5521398,600,450,161.25830078125,32.12641906738281,39265
ISIC_5521729,600,450,167.32595825195312,35.76538848876953,41752
ISIC_5527533,600,450,123.81219482421875,37.475067138671875,34600
ISIC_5527895,600,450,143.8887176513672,27.603252410888672,30842
ISIC_5528057,600,450,132.28128051757812,43.445587158203125,49736
ISIC_5529151,600,450,127.623291015625,46.89378356933594,49025
ISIC_5529223,600,450,156.4740753173828,36.92896270751953,21856
ISIC_5531874,600,450,143.12086486816406,36.67277908325195,22466
ISIC_5533850,600,450,141.11175537109375,32.84915542602539,50219
ISIC_5534471,600,450,126.79827117919922,35.328651428222656,37019
ISIC_5536536,600,450,127.36753845214844,40.64164733886719,49366
ISIC_5539676,600,450,150.820556640625,16.526702880859375,24156
ISIC_5539918,600,450,151.29598999023438,46.32605743408203,47627
ISIC_5541499,600,450,143.70697021484375,19.946542739868164,21824
ISIC_5542359,600,450,117.36093139648438,39.162139892578125,28581
ISIC_5542563,600,450,144.06874084472656,33.52202606201172,28273
ISIC_5542664,600,450,149.57681274414062,24.826663970947266,53634
ISIC_5543636,600,450,130.4303741455078,40.289310455322266,55388
ISIC_5543919,600,450,123.7214126586914,26.79828643798828,27149
ISIC_5547547,600,450,159.09837341308594,39.03522872924805,45036
ISIC_5548095,600,450,129.23658752441406,27.4038143157959,22731
ISIC_5550212,600,450,147.554443359375,21.121959686279297,23669
ISIC_5552185,600,450,115.97722625732422,37.57673263549805,34169
ISIC_5552359,600,450,161.59678649902344,34.36574172973633,37465
ISIC_5552683,600,450,144.03936767578125,45.63667297363281,23233
ISIC_5553297,600,450,137.06272888183594,37.255584716796875,44573
ISIC_5553426,600,450,159.47024536132812,21.977115631103516,25953
ISIC_5553849,600,450,149.9398651123047,28.30107307434082,22796
ISIC_5554081,600,450,148.38926696777344,32.88725662231445,41174
ISIC_5554902,600,450,131.6680450439453,41.22011947631836,51719
ISIC_5555712,600,450,193.959716796875,31.785839080810547,25902
ISIC_5558301,600,450,130.55455017089844,23.40665626525879,27941
ISIC_5558490,600,450,120.08375549316406,31.52301788330078,33462
ISIC_5559099,600,450,175.74952697753906,40.337791442871094,44268
ISIC_5559799,600,450,148.0307159423828,32.17347717285156,31354
ISIC_5562336,600,450,170.41285705566406,44.183502197265625,22231
ISIC_5562574,600,450,162.04510498046875,38.596534729003906,55470
ISIC_5564663,600,450,134.0724334716797,36.88754653930664,44799
ISIC_5564889,600,450,173.73287963867188,19.701059341430664,29281
ISIC_5566200,600,450,125.60456085205078,22.157787322998047,27712
ISIC_5566320,600,450,133.59425354003906,37.71516418457031,32807
ISIC_5566852,600,450,152.0485382080078,29.4851131439209,26159
ISIC_5567558,600,450,166.48387145996094,45.744110107421875,26228
ISIC_5567599,600,450,160.51597595214844,27.78961944580078,23772
ISIC_5569473,600,450,146.12550354003906,20.757455825805664,30290
ISIC_5570317,600,450,155.18212890625,53.10232925415039,44305
ISIC_5570534,600,450,186.28199768066406,20.002906799316406,26659
ISIC_5574831,600,450,137.3341064453125,26.195417404174805,37995
ISIC_5579782,600,450,134.71995544433594,43.673484802246094,46470
ISIC_5580645,600,450,126.64302062988281,42.10517883300781,56398
ISIC_5584851,600,450,136.21351623535156,54.764923095703125,38432
ISIC_5584967,600,450,134.2071533203125,43.642494201660156,35525
ISIC_5585397,600,450,124.90980529785156,29.42171287536621,47442
ISIC_5587236,600,450,157.34170532226562,28.09244155883789,27420
ISIC_5588619,600,450,134.3029022216797,58.53719711303711,14672
ISIC_5588711,600,450,157.88681030273438,34.59147262573242,50966
ISIC_5592478,600,450,135.3483428955078,38.411556243896484,39576
ISIC_5594942,600,450,138.88328552246094,42.85947799682617,52166
ISIC_5595298,600,450,169.98001098632812,20.793203353881836,25741
ISIC_5596458,600,450,136.99549865722656,45.6983528137207,45514
ISIC_5597278,600,450,142.5650177001953,18.086076736450195,26036
ISIC_5597408,600,450,147.7293701171875,32.062076568603516,35984
ISIC_5597650,600,450,141.67396545410156,28.50442886352539,23881
ISIC_5602394,600,450,146.22174072265625,33.23261260986328,31922
ISIC_5602590,600,450,139.22023010253906,22.493379592895508,31497
ISIC_5602626,600,450,126.63713836669922,29.337865829467773,33516
ISIC_5602759,600,450,137.63565063476562,23.54275894165039,27609
ISIC_5604357,600,450,153.94090270996094,29.7849063873291,24106
ISIC_5605119,600,450,153.2406005859375,29.43983268737793,42240
ISIC_5605406,600,450,127.31037902832031,36.337890625,42466
ISIC_5605573,600,450,138.47584533691406,20.17449378967285,26529
ISIC_5607139,600,450,157.11936950683594,27.788623809814453,24014
ISIC_5607257,600,450,147.85289001464844,25.791501998901367,32226
ISIC_5607559,600,450,144.4517822265625,35.7885627746582,27911
ISIC_5607642,600,450,127.48823547363281,22.406185150146484,27046
ISIC_5607974,600,450,126.45887756347656,37.25532150268555,16769
ISIC_5609956,600,450,164.8184356689453,32.88031005859375,48700
ISIC_5610942,600,450,121.69824981689453,32.5877799987793,32280
ISIC_5612498,600,450,135.67991638183594,32.59576416015625,44076
ISIC_5612751,600,450,155.34307861328125,39.78440856933594,39530
ISIC_5614068,600,450,125.0155258178711,23.51865005493164,27067
ISIC_5614863,600,450,153.89064025878906,36.44157791137695,34383
ISIC_5616230,600,450,134.1704864501953,21.905574798583984,24871
ISIC_5620414,600,450,123.42485046386719,38.927589416503906,36563
ISIC_5620416,600,450,168.83682250976562,29.385948181152344,35360
ISIC_5620717,600,450,133.79498291015625,33.44944763183594,39803
ISIC_5622324,600,450,138.05369567871094,29.959802627563477,31038
ISIC_5622862,600,450,120.7938003540039,30.423738479614258,32246
ISIC_5624559,600,450,155.55636596679688,18.942005157470703,22324
ISIC_5625173,600,450,86.58252716064453,45.343170166015625,17802
ISIC_5626843,600,450,149.40972900390625,40.11383819580078,36059
ISIC_5627117,600,450,149.72886657714844,29.345596313476562,34935
ISIC_5628874,600,450,156.46536254882812,36.78184509277344,27536
ISIC_5629148,600,450,130.22109985351562,64.80343627929688,38417
ISIC_5629312,600,450,159.23114013671875,37.17768859863281,37093
ISIC_5630379,600,450,139.6285858154297,14.077677726745605,20564
ISIC_5632058,600,450,125.0249252319336,42.72856521606445,46479
ISIC_5632079,600,450,107.46831512451172,44.2778434753418,53682
ISIC_5633193,600,450,138.13568115234375,32.320796966552734,48159
ISIC_5634198,600,450,188.1127471923828,57.940860748291016,25882
ISIC_5634823,600,450,143.77044677734375,23.018341064453125,17270
ISIC_5636046,600,450,179.39649963378906,56.43589401245117,50325
ISIC_5638742,600,450,175.07791137695312,21.452335357666016,20413
ISIC_5638800,600,450,148.3371124267578,42.622310638427734,27438
ISIC_5640000,600,450,136.83074951171875,34.345123291015625,29158
ISIC_5641672,600,450,128.63150024414062,36.45961380004883,43616
ISIC_5642029,600,450,125.88459014892578,33.10675048828125,40490
ISIC_5642271,600,450,135.3374481201172,22.59453010559082,23746
ISIC_5643199,600,450,147.0775146484375,33.89754867553711,24271
ISIC_5643547,600,450,158.4918975830078,29.86183738708496,22192
ISIC_5644081,600,450,132.6248321533203,40.00328826904297,37420
ISIC_5645178,600,450,130.14022827148438,47.141395568847656,55931
ISIC_5645559,600,450,151.8532257080078,19.760835647583008,20349
ISIC_5647228,600,450,162.07911682128906,21.719207763671875,37928
ISIC_5647684,600,450,149.98558044433594,39.95595932006836,28401
ISIC_5648144,600,450,156.5284881591797,45.64663314819336,38298
ISIC_5648712,600,450,112.8035888671875,45.372413635253906,31410
ISIC_5649480,600,450,117.73513793945312,39.81889724731445,51430
ISIC_5649736,600,450,130.90699768066406,35.48088836669922,49865
ISIC_5651049,600,450,132.5614471435547,40.37872314453125,33882
ISIC_5653892,600,450,152.86639404296875,33.51177215576172,28236
ISIC_5655170,600,450,136.77914428710938,53.41804122924805,42870
ISIC_5655393,600,450,132.93252563476562,35.69966506958008,47823
ISIC_5656373,600,450,148.7121124267578,37.804542541503906,36943
ISIC_5657135,600,450,124.35749053955078,49.40961837768555,58127
ISIC_5657346,600,450,148.52728271484375,30.47272300720215,27493
ISIC_5657666,600,450,122.29582214355469,39.297786712646484,37479
ISIC_5659142,600,450,108.6872329711914,27.705900192260742,37482
ISIC_5659521,600,450,163.6651611328125,37.4532470703125,26507
ISIC_5660553,600,450,152.18930053710938,46.10519027709961,33388
ISIC_5660758,600,450,119.56110382080078,40.4745979309082,46621
ISIC_5661142,600,450,130.08233642578125,38.38703155517578,43109
ISIC_5661673,600,450,137.82542419433594,20.368188858032227,29248
ISIC_5662432,600,450,123.99583435058594,40.978633880615234,31637
ISIC_5663141,600,450,136.15916442871094,61.093875885009766,32101
ISIC_5664212,600,450,193.86451721191406,26.098255157470703,35953
ISIC_5664395,600,450,130.96087646484375,37.946128845214844,43545
ISIC_5665171,600,450,151.18321228027344,39.49129867553711,27776
ISIC_5665189,600,450,111.75634765625,31.879533767700195,28565
ISIC_5666984,600,450,134.55780029296875,47.86455154418945,31145
ISIC_5667513,600,450,160.36849975585938,59.709442138671875,44340
ISIC_5667703,600,450,136.3547821044922,49.275089263916016,46446
ISIC_5667730,600,450,120.1492919921875,41.872859954833984,59965
ISIC_5671011,600,450,165.40225219726562,18.15725326538086,33569
ISIC_5671567,600,450,146.01202392578125,26.00986099243164,29034
ISIC_5674733,600,450,124.51533508300781,35.90940856933594,45793
ISIC_5675115,600,450,129.31149291992188,48.47098922729492,15818
ISIC_5675875,600,450,197.55899047851562,32.57160186767578,27938
ISIC_5676014,600,450,148.14112854003906,38.66375732421875,31275
ISIC_5678147,600,450,156.0438690185547,24.291601181030273,20936
ISIC_5678929,600,450,112.14781188964844,38.9742317199707,45355
ISIC_5679759,600,450,120.57327270507812,22.336946487426758,26528
ISIC_5680223,600,450,100.14241790771484,38.835899353027344,60417
ISIC_5680960,600,450,135.6077423095703,27.37108612060547,42288
ISIC_5681371,600,450,175.870849609375,39.038658142089844,37621
ISIC_5681698,600,450,136.20469665527344,35.07045364379883,39165
ISIC_5682266,600,450,120.9930648803711,40.830265045166016,37151
ISIC_5683123,600,450,130.89723205566406,35.921531677246094,30087
ISIC_5685120,600,450,159.71461486816406,26.533187866210938,22748
ISIC_5686620,600,450,124.12031555175781,29.28094482421875,17298
ISIC_5686692,600,450,132.2274627685547,40.40251159667969,28160
ISIC_5686739,600,450,158.10845947265625,27.367616653442383,25757
ISIC_5688333,600,450,129.04783630371094,27.061433792114258,31174
ISIC_5688654,600,450,119.34554290771484,31.897655487060547,28811
ISIC_5689234,600,450,137.17274475097656,38.74783706665039,37063
ISIC_5689912,600,450,121.5293197631836,50.26722717285156,47584
ISIC_5691487,600,450,110.80416870117188,22.49666404724121,41761
ISIC_5693691,600,450,168.64639282226562,35.16304016113281,23312
ISIC_5695123,600,450,152.4444580078125,27.40315055847168,16677
ISIC_5696217,600,450,143.32281494140625,25.23417091369629,34459
ISIC_5696393,600,450,99.81304931640625,29.387638092041016,20766
ISIC_5696465,600,450,117.61546325683594,43.156131744384766,23366
ISIC_5698613,600,450,167.7980499267578,28.233205795288086,21699
ISIC_5699349,600,450,159.31236267089844,39.35989761352539,42365
ISIC_5701696,600,450,87.07966613769531,35.71434783935547,17927
ISIC_5701708,600,450,140.32760620117188,33.234474182128906,30161
ISIC_5702669,600,450,161.0958251953125,24.54111099243164,25787
ISIC_5703250,600,450,209.51490783691406,34.15612030029297,33641
ISIC_5703946,600,450,119.66826629638672,33.51716613769531,38520
ISIC_5706380,600,450,162.7108154296875,36.87306594848633,32629
ISIC_5706764,600,450,150.64366149902344,24.44072914123535,32950
ISIC_5706903,600,450,120.90935516357422,25.340986251831055,43462
ISIC_5707338,600,450,127.27232360839844,29.623004913330078,30648
ISIC_5707695,600,450,129.53237915039062,18.216567993164062,23729
ISIC_5708137,600,450,149.4528350830078,20.349910736083984,27515
ISIC_5709229,600,450,165.48341369628906,39.04991912841797,43570
ISIC_5709448,600,450,143.28883361816406,42.522708892822266,33974
ISIC_5711226,600,450,192.222900390625,24.353404998779297,34596
ISIC_5711940,600,450,147.63360595703125,37.89616012573242,23758
ISIC_5713218,600,450,155.6371612548828,45.760433197021484,25283
ISIC_5714213,600,450,113.4302978515625,47.0214729309082,55696
ISIC_5714368,600,450,164.1267547607422,19.52371597290039,18619
ISIC_5714567,600,450,131.280517578125,22.869972229003906,27336
ISIC_5714835,600,450,137.4303741455078,32.149810791015625,28378
ISIC_5715952,600,450,136.22889709472656,37.81962203979492,43080
ISIC_5715959,600,450,177.21200561523438,24.549728393554688,19557
ISIC_5716450,600,450,120.57256317138672,31.18669891357422,41036
ISIC_5719893,600,450,112.8799819946289,49.47058868408203,54698
ISIC_5720812,600,450,155.98690795898438,28.936668395996094,48638
ISIC_5721106,600,450,127.16869354248047,49.06145095825195,61992
ISIC_5721122,600,450,169.8858642578125,34.947059631347656,43930
ISIC_5721420,600,450,118.68595886230469,33.699951171875,24372
ISIC_5722425,600,450,117.86418151855469,35.24102020263672,50068
ISIC_5722582,600,450,144.38853454589844,33.404335021972656,30009
ISIC_5723091,600,450,148.36370849609375,24.94610023498535,26929
ISIC_5725725,600,450,171.5154571533203,48.70766067504883,47081
ISIC_5728005,600,450,157.5406494140625,28.194561004638672,24543
ISIC_5728052,600,450,155.98876953125,43.71101760864258,28156
ISIC_5728121,600,450,160.53164672851562,48.648433685302734,26459
ISIC_5728294,600,450,148.6493682861328,75.7469711303711,22344
ISIC_5728378,600,450,109.95851135253906,38.03125762939453,40738
ISIC_5729101,600,450,181.04090881347656,17.334672927856445,37470
ISIC_5731785,600,450,137.56748962402344,34.07170104980469,35838
ISIC_5736506,600,450,117.9634780883789,31.52668571472168,43467
ISIC_5737122,600,450,130.9851837158203,44.20762634277344,25600
ISIC_5739264,600,450,168.33578491210938,35.35658264160156,27836
ISIC_5739546,600,450,144.49197387695312,33.23343276977539,40752
ISIC_5741122,600,450,129.54635620117188,31.44719886779785,36827
ISIC_5743197,600,450,183.22833251953125,50.60966873168945,28847
ISIC_5744011,600,450,152.66595458984375,66.60627746582031,29273
ISIC_5744822,600,450,128.98875427246094,21.144376754760742,26393
ISIC_5744902,600,450,135.8295440673828,31.642005920410156,31033
ISIC_5745120,600,450,137.13519287109375,33.53205871582031,34084
ISIC_5745126,600,450,156.04037475585938,44.346412658691406,28185
ISIC_5745809,600,450,149.7153778076172,35.97296905517578,23829
ISIC_5745824,600,450,171.99365234375,38.57436752319336,36954
ISIC_5746261,600,450,135.4636688232422,38.35210037231445,43068
ISIC_5748062,600,450,163.09652709960938,48.614402770996094,35271
ISIC_5748990,600,450,120.26657104492188,42.27962875366211,37544
ISIC_5753091,600,450,147.4839630126953,31.292503356933594,32378
ISIC_5754710,600,450,171.31980895996094,33.89486312866211,20275
ISIC_5756614,600,450,119.5743637084961,47.42063903808594,22745
ISIC_5756622,600,450,116.51954650878906,45.41458511352539,39407
ISIC_5759990,600,450,129.41488647460938,31.6983642578125,34568
ISIC_5760018,600,450,135.7752685546875,33.77751159667969,38891
ISIC_5761443,600,450,156.51524353027344,69.93058776855469,52633
ISIC_5761656,600,450,123.50908660888672,44.94643020629883,41012
ISIC_5761793,600,450,116.79135131835938,36.19441604614258,30999
ISIC_5761944,600,450,165.37364196777344,32.058746337890625,24184
ISIC_5763228,600,450,144.91746520996094,50.361045837402344,20438
ISIC_5763649,600,450,118.77269744873047,32.775394439697266,40972
ISIC_5765413,600,450,153.5035400390625,33.564422607421875,25896
ISIC_5765489,600,450,110.04503631591797,20.861820220947266,36487
ISIC_5766012,600,450,104.8740463256836,48.03079605102539,65683
ISIC_5766792,600,450,116.96794128417969,31.63332748413086,26142
ISIC_5766997,600,450,121.64710998535156,15.705471992492676,24991
ISIC_5767646,600,450,153.69140625,15.176085472106934,15623
ISIC_5767870,600,450,140.70928955078125,45.92170715332031,30083
ISIC_5770369,600,450,145.4636993408203,34.819156646728516,46638
ISIC_5772488,600,450,138.2705535888672,8.64993667602539,18627
ISIC_5773512,600,450,116.58379364013672,31.993274688720703,25899
ISIC_5775199,600,450,138.4462890625,47.86711120605469,36368
ISIC_5776632,600,450,112.00520324707031,48.59287643432617,54488
ISIC_5777376,600,450,133.78997802734375,32.77705764770508,39461
ISIC_5777416,600,450,155.9825439453125,24.172224044799805,22509
ISIC_5778156,600,450,125.45272064208984,44.4099006652832,44055
ISIC_5778552,600,450,150.52536010742188,30.644168853759766,46991
ISIC_5780488,600,450,134.7970733642578,17.260496139526367,23179
ISIC_5780905,600,450,140.6670684814453,23.15477752685547,41212
ISIC_5782959,600,450,170.59059143066406,23.36570167541504,32676
ISIC_5783163,600,450,108.66886138916016,36.7509765625,38682
ISIC_5783892,600,450,119.7549057006836,23.59292221069336,31311
ISIC_5784227,600,450,131.11094665527344,37.136287689208984,40960
ISIC_5785000,600,450,174.1404571533203,54.18388748168945,34933
ISIC_5785135,600,450,153.41226196289062,24.848148345947266,24951
ISIC_5785962,600,450,164.68283081054688,36.76300811767578,36369
ISIC_5787263,600,450,175.4582977294922,35.421791076660156,25479
ISIC_5787657,600,450,114.96438598632812,34.7226676940918,37503
ISIC_5787999,600,450,171.7892303466797,13.951937675476074,16849
ISIC_5788717,600,450,107.8489761352539,54.9708137512207,30458
ISIC_5788932,600,450,102.9497299194336,35.76739501953125,24829
ISIC_5790117,600,450,152.22393798828125,46.520416259765625,30339
ISIC_5792555,600,450,153.2673797607422,32.30017852783203,20954
ISIC_5792872,600,450,139.35263061523438,21.971277236938477,22279
ISIC_5793548,600,450,141.76377868652344,31.550785064697266,32642
ISIC_5794441,600,450,119.73683166503906,39.1815185546875,42141
ISIC_5795242,600,450,159.6182098388672,23.78724479675293,19756
ISIC_5795871,600,450,97.07748413085938,39.90351867675781,29259
ISIC_5796545,600,450,120.00814056396484,35.627464294433594,38211
ISIC_5798282,600,450,135.61257934570312,20.360937118530273,26923
ISIC_5798737,600,450,151.3451385498047,38.10581970214844,36978
ISIC_5800499,600,450,154.24337768554688,29.710407257080078,31615
ISIC_5801703,600,450,137.01400756835938,49.66659164428711,41540
ISIC_5802479,600,450,142.64952087402344,40.61380386352539,34365
ISIC_5803437,600,450,130.40133666992188,41.50577926635742,39793
ISIC_5804154,600,450,95.64176940917969,57.85654830932617,26769
ISIC_5804522,600,450,173.3020782470703,18.39383316040039,25201
ISIC_5804674,600,450,142.04908752441406,22.770185470581055,24699
ISIC_5806581,600,450,141.7295684814453,41.327110290527344,39572
ISIC_5807024,600,450,142.75448608398438,58.26589584350586,26617
ISIC_5811144,600,450,174.4183349609375,45.459388732910156,36290
ISIC_5813817,600,450,161.89756774902344,26.0969295501709,24921
ISIC_5814193,600,450,116.39407348632812,23.118257522583008,16405
ISIC_5814633,600,450,102.9587173461914,31.896881103515625,43708
ISIC_5817638,600,450,132.4371795654297,40.36687088012695,37056
ISIC_5817907,600,450,160.3962860107422,22.478029251098633,30654
ISIC_5818083,600,450,153.51547241210938,39.02320861816406,25067
ISIC_5819591,600,450,139.57614135742188,19.668888092041016,23672
ISIC_5820253,600,450,137.5814666748047,43.03971481323242,47720
ISIC_5821583,600,450,137.2492218017578,46.443641662597656,31855
ISIC_5822186,600,450,163.48712158203125,30.618675231933594,28372
ISIC_5823053,600,450,149.16293334960938,27.68313217163086,37186
ISIC_5824457,600,450,113.07997131347656,38.7201042175293,33320
ISIC_5825703,600,450,137.0167236328125,35.606689453125,42241
ISIC_5826859,600,450,177.07748413085938,60.80155944824219,31219
ISIC_5826969,600,450,130.85850524902344,30.11509132385254,23827
ISIC_5828606,600,450,167.88198852539062,24.305721282958984,19960
ISIC_5829304,600,450,128.19845581054688,43.124515533447266,57572
ISIC_5829840,600,450,153.77273559570312,13.273346900939941,20758
ISIC_5830124,600,450,162.10060119628906,24.644493103027344,30217
ISIC_5830376,600,450,168.08387756347656,26.35662841796875,32187
ISIC_5831158,600,450,143.55270385742188,10.729257583618164,15540
ISIC_5832081,600,450,146.5942840576172,11.762479782104492,18742
ISIC_5833236,600,450,150.05035400390625,35.03862762451172,30681
ISIC_5833579,600,450,165.80523681640625,57.02623748779297,41056
ISIC_5833727,600,450,136.21578979492188,41.651649475097656,38240
ISIC_5834421,600,450,134.86048889160156,23.76201057434082,25411
ISIC_5835110,600,450,156.4469757080078,34.330013275146484,24945
ISIC_5835836,600,450,132.2447052001953,40.778934478759766,37947
ISIC_5835958,600,450,142.74229431152344,23.76447868347168,28580
ISIC_5836006,600,450,148.0846405029297,19.079824447631836,43320
ISIC_5836698,600,450,139.41061401367188,16.68783950805664,28196
ISIC_5836740,600,450,163.9112548828125,17.545896530151367,18165
ISIC_5836804,600,450,117.57199096679688,46.702701568603516,55352
ISIC_5837451,600,450,159.19606018066406,24.20003318786621,22109
ISIC_5838920,600,450,124.04839324951172,38.25265884399414,43510
ISIC_5838991,600,450,137.791748046875,19.593400955200195,37058
ISIC_5840837,600,450,116.7710189819336,41.589046478271484,60783
ISIC_5841367,600,450,154.64903259277344,39.426570892333984,37656
ISIC_5841767,600,450,128.42222595214844,26.804485321044922,27006
ISIC_5841896,600,450,155.53135681152344,24.368669509887695,18573
ISIC_5842417,600,450,120.06059265136719,41.903167724609375,46251
ISIC_5842460,600,450,156.39013671875,18.575916290283203,17733
ISIC_5844410,600,450,133.2318572998047,23.739253997802734,34102
ISIC_5845284,600,450,139.67335510253906,38.62916946411133,41351
ISIC_5846378,600,450,146.17356872558594,33.75830841064453,34726
ISIC_5846820,600,450,169.92181396484375,40.000633239746094,45784
ISIC_5850185,600,450,136.11085510253906,48.48223876953125,21037
ISIC_5850719,600,450,132.0198974609375,50.75200271606445,29571
ISIC_5854998,600,450,147.43174743652344,29.510448455810547,33820
ISIC_5855684,600,450,129.5941925048828,38.376869201660156,38496
ISIC_5856068,600,450,125.32630157470703,39.4231071472168,44393
ISIC_5856786,600,450,158.98690795898438,44.74073028564453,36579
ISIC_5862938,600,450,122.9127197265625,35.143070220947266,31921
ISIC_5863020,600,450,136.5900115966797,28.898393630981445,28139
ISIC_5863516,600,450,177.5083465576172,46.899173736572266,22606
ISIC_5863762,600,450,164.26046752929688,17.64057731628418,19664
ISIC_5866382,600,450,129.92642211914062,25.2981014251709,52173
ISIC_5866736,600,450,174.8567657470703,57.77175521850586,24988
ISIC_5866836,600,450,116.63373565673828,41.127017974853516,31704
ISIC_5867806,600,450,163.10675048828125,27.808570861816406,23778
ISIC_5868168,600,450,163.70205688476562,64.12477111816406,31283
ISIC_5870525,600,450,130.63047790527344,34.259090423583984,27192
ISIC_5871089,600,450,153.5719451904297,39.898433685302734,50938
ISIC_5872506,600,450,186.76446533203125,28.660110473632812,55009
ISIC_5873094,600,450,128.13253784179688,19.418502807617188,24556
ISIC_5873586,600,450,158.22108459472656,28.087785720825195,22151
ISIC_5874846,600,450,140.7848663330078,33.62828063964844,24305
ISIC_5874977,600,450,96.82731628417969,39.655113220214844,48679
ISIC_5876786,600,450,124.8004150390625,43.749900817871094,23044
ISIC_5879011,600,450,109.1678237915039,42.134185791015625,39411
ISIC_5879809,600,450,146.08152770996094,35.5560302734375,18791
ISIC_5880013,600,450,161.8289794921875,34.736148834228516,28257
ISIC_5881121,600,450,129.6893768310547,44.667266845703125,57665
ISIC_5881643,600,450,160.65481567382812,30.357433319091797,28297
ISIC_5883189,600,450,157.0841522216797,29.537912368774414,27107
ISIC_5885112,600,450,126.10279846191406,33.49129867553711,33201
ISIC_5888492,600,450,178.9786834716797,41.83066177368164,42352
ISIC_5889637,600,450,138.15048217773438,32.01726531982422,33390
ISIC_5889858,600,450,148.1634521484375,31.5382022857666,21859
ISIC_5891194,600,450,166.2093048095703,25.192289352416992,18395
ISIC_5891979,600,450,138.14205932617188,27.065465927124023,46567
ISIC_5892185,600,450,135.8876190185547,27.13165283203125,38784
ISIC_5892371,600,450,127.9366683959961,50.02509689331055,50707
ISIC_5892391,600,450,187.0090789794922,36.559486389160156,55745
ISIC_5892763,600,450,148.6945037841797,34.16924285888672,28376
ISIC_5893482,600,450,150.00279235839844,27.58094024658203,25763
ISIC_5893703,600,450,147.70704650878906,32.51059341430664,29295
ISIC_5894257,600,450,184.7479705810547,24.6910457611084,21671
ISIC_5896495,600,450,152.20053100585938,41.771453857421875,34561
ISIC_5896651,600,450,164.6099090576172,34.06490707397461,32722
ISIC_5897869,600,450,163.4320526123047,23.84349250793457,20869
ISIC_5898651,600,450,126.96971893310547,42.99729919433594,46675
ISIC_5899712,600,450,92.62694549560547,38.939579010009766,68692
ISIC_5901264,600,450,133.5059051513672,17.805774688720703,23720
ISIC_5901436,600,450,97.47051239013672,19.119522094726562,21134
ISIC_5902397,600,450,123.48773193359375,43.96063232421875,38370
ISIC_5902730,600,450,163.3683624267578,23.00608253479004,30426
ISIC_5903044,600,450,185.57850646972656,28.26432228088379,30463
ISIC_5903611,600,450,142.2766571044922,42.093685150146484,25901
ISIC_5903776,600,450,133.3284149169922,41.43330764770508,39566
ISIC_5904770,600,450,121.60670471191406,29.31460952758789,29273
ISIC_5906534,600,450,165.95474243164062,48.995967864990234,34643
ISIC_5908271,600,450,140.64157104492188,28.526426315307617,33630
ISIC_5909840,600,450,146.2749481201172,24.652721405029297,36418
ISIC_5912360,600,450,184.01394653320312,27.81304931640625,28535
ISIC_5913482,600,450,155.49990844726562,58.367557525634766,38879
ISIC_5913999,600,450,112.21216583251953,44.29140853881836,51638
ISIC_5916190,600,450,158.30303955078125,38.67973327636719,42511
ISIC_5918971,600,450,148.91993713378906,28.37331771850586,15773
ISIC_5920610,600,450,167.75253295898438,29.15594482421875,33888
ISIC_5921357,600,450,135.74050903320312,44.62478256225586,36153
ISIC_5922496,600,450,114.7320556640625,42.865089416503906,67169
ISIC_5923153,600,450,158.17684936523438,32.182334899902344,23750
ISIC_5923228,600,450,136.22042846679688,42.221378326416016,28018
ISIC_5923764,600,450,127.42240142822266,39.3846435546875,33356
ISIC_5923799,600,450,131.93975830078125,37.26499938964844,37199
ISIC_5924611,600,450,136.0736541748047,32.99845504760742,60938
ISIC_5925251,600,450,155.714111328125,25.46504783630371,29960
ISIC_5925439,600,450,159.81016540527344,34.5737190246582,33010
ISIC_5925562,600,450,159.537109375,21.33938980102539,22866
ISIC_5927575,600,450,139.64112854003906,31.322389602661133,58987
ISIC_5930151,600,450,146.66085815429688,36.51166915893555,50645
ISIC_5930303,600,450,154.98223876953125,28.47279930114746,28979
ISIC_5930904,600,450,136.45394897460938,44.11012649536133,37634
ISIC_5932619,600,450,143.38983154296875,35.054203033447266,30916
ISIC_5932820,600,450,97.97291564941406,42.29572677612305,52860
ISIC_5933216,600,450,174.88449096679688,24.713727951049805,61303
ISIC_5933489,600,450,107.5692138671875,30.679567337036133,44075
ISIC_5933605,600,450,129.14883422851562,24.31545639038086,41362
ISIC_5933645,600,450,174.0076446533203,23.035810470581055,30475
ISIC_5934405,600,450,133.7425994873047,38.44807052612305,41705
ISIC_5935086,600,450,171.52572631835938,28.891218185424805,28399
ISIC_5936023,600,450,102.45891571044922,46.162635803222656,41467
ISIC_5936623,600,450,143.1717529296875,36.074806213378906,48905
ISIC_5937588,600,450,150.50987243652344,29.509803771972656,36326
ISIC_5938313,600,450,110.18315124511719,33.82296371459961,22263
ISIC_5938890,600,450,123.85746002197266,28.059226989746094,26215
ISIC_5943320,600,450,124.23151397705078,26.70760726928711,27407
ISIC_5943733,600,450,167.850830078125,53.380348205566406,43680
ISIC_5944362,600,450,149.91156005859375,14.488685607910156,21057
ISIC_5944719,600,450,122.50891876220703,37.71010208129883,38126
ISIC_5947061,600,450,141.3521270751953,22.10574722290039,27434
ISIC_5947091,600,450,159.87571716308594,66.91132354736328,29413
ISIC_5947102,600,450,146.5307159423828,38.319095611572266,37083
ISIC_5947248,600,450,129.3204345703125,52.72098159790039,44687
ISIC_5947742,600,450,89.18062591552734,55.530540466308594,34929
ISIC_5949139,600,450,139.5025177001953,19.995624542236328,25346
ISIC_5950652,600,450,69.4186019897461,42.14879608154297,57467
ISIC_5951892,600,450,118.75162506103516,48.30193328857422,34416
ISIC_5953259,600,450,157.31459045410156,24.167259216308594,23114
ISIC_5953692,600,450,133.33322143554688,73.31449127197266,27572
ISIC_5953696,600,450,137.7119598388672,32.392024993896484,52257
ISIC_5954681,600,450,133.1179656982422,40.41064453125,36066
ISIC_5957176,600,450,150.10643005371094,43.482845306396484,42780
ISIC_5958284,600,450,162.5018310546875,34.023094177246094,25963
ISIC_5959720,600,450,158.2679443359375,33.133201599121094,23873
ISIC_5959727,600,450,176.0423126220703,38.199283599853516,43021
ISIC_5960820,600,450,146.77149963378906,14.727561950683594,16526
ISIC_5962154,600,450,161.83592224121094,20.9224853515625,23970
ISIC_5962509,600,450,130.75198364257812,31.616195678710938,31911
ISIC_5962854,600,450,142.99893188476562,26.017595291137695,19833
ISIC_5962932,600,450,136.8332977294922,36.795101165771484,27265
ISIC_5963071,600,450,173.7095947265625,32.626434326171875,23058
ISIC_5963269,600,450,115.46441650390625,45.637264251708984,45032
ISIC_5965144,600,450,166.80995178222656,27.403316497802734,31779
ISIC_5966582,600,450,114.34207153320312,45.82228469848633,76300
ISIC_5966811,600,450,154.17276000976562,30.446252822875977,22492
ISIC_5967560,600,450,111.60201263427734,43.21792221069336,39129
ISIC_5967889,600,450,148.58236694335938,17.282054901123047,23314
ISIC_5967951,600,450,194.708740234375,29.205472946166992,37747
ISIC_5968779,600,450,147.8512725830078,26.025110244750977,30162
ISIC_5972709,600,450,170.30447387695312,21.500205993652344,16546
ISIC_5973129,600,450,141.43572998046875,31.101511001586914,23011
ISIC_5975267,600,450,130.0280303955078,33.422176361083984,39309
ISIC_5975949,600,450,157.95997619628906,29.993410110473633,34201
ISIC_5977035,600,450,102.409423828125,30.9876766204834,56184
ISIC_5977103,600,450,143.85098266601562,31.639829635620117,18053
ISIC_5977837,600,450,123.47786712646484,33.980628967285156,28843
ISIC_5978873,600,450,158.66969299316406,36.189510345458984,33226
ISIC_5979125,600,450,144.66473388671875,15.637248039245605,24068
ISIC_5979628,600,450,132.96731567382812,45.47636032104492,39894
ISIC_5980977,600,450,178.0889129638672,27.632604598999023,21844
ISIC_5981777,600,450,153.25733947753906,15.671984672546387,15365
ISIC_5983030,600,450,139.34927368164062,33.14834213256836,36679
ISIC_5984406,600,450,127.00276184082031,36.781883239746094,37602
ISIC_5984628,600,450,136.05055236816406,34.39999008178711,31455
ISIC_5984979,600,450,139.38980102539062,41.21613311767578,37443
ISIC_5985397,600,450,142.255859375,40.91739273071289,41348
ISIC_5985462,600,450,159.6415557861328,64.13603973388672,28137
ISIC_5986238,600,450,142.19223022460938,50.80815124511719,32028
ISIC_5986993,600,450,136.83912658691406,38.170501708984375,33731
ISIC_5987390,600,450,141.17257690429688,19.470035552978516,25314
ISIC_5989590,600,450,157.91375732421875,24.64983367919922,21026
ISIC_5990006,600,450,157.952392578125,15.029302597045898,18225
ISIC_5991571,600,450,133.49063110351562,25.437475204467773,32507
ISIC_5992256,600,450,147.84864807128906,40.403995513916016,45115
ISIC_5992562,600,450,145.4164276123047,38.70100402832031,30699
ISIC_5993206,600,450,143.01956176757812,50.969146728515625,24081
ISIC_5993711,600,450,127.66498565673828,30.404088973999023,31534
ISIC_5993743,600,450,150.12789916992188,66.34832000732422,31826
ISIC_5994355,600,450,137.79638671875,28.364877700805664,30428
ISIC_5995507,600,450,101.96743774414062,37.296470642089844,38892
ISIC_5995935,600,450,146.6195526123047,64.51081848144531,40651
ISIC_5996604,600,450,146.4778289794922,39.8136100769043,39782
ISIC_5996846,600,450,174.80015563964844,12.650310516357422,24691
ISIC_5997052,600,450,165.7095947265625,27.994773864746094,23840
ISIC_5997076,600,450,144.2019805908203,21.599407196044922,24911
ISIC_5997631,600,450,114.59197998046875,41.14458465576172,35712
ISIC_5997924,600,450,133.93251037597656,55.75678253173828,22956
ISIC_5998955,600,450,165.65695190429688,17.693307876586914,17817
ISIC_5999967,600,450,137.02064514160156,44.61866760253906,40390
ISIC_6001166,600,450,114.78096008300781,38.86798858642578,27404
ISIC_6002261,600,450,126.2478256225586,34.46894836425781,35650
ISIC_6002458,600,450,122.8322982788086,36.52093505859375,23765
ISIC_6003134,600,450,154.76292419433594,31.02836799621582,25412
ISIC_6005450,600,450,114.31727600097656,39.00250244140625,24102
ISIC_6005822,600,450,108.00689697265625,41.12226867675781,42465
ISIC_6005871,600,450,174.95159912109375,17.898578643798828,24699
ISIC_6006215,600,450,143.14834594726562,24.69923973083496,49491
ISIC_6007784,600,450,121.30438232421875,47.3448600769043,46773
ISIC_6008036,600,450,165.5857391357422,38.85514831542969,38375
ISIC_6013412,600,450,192.9634552001953,43.48487854003906,24689
ISIC_6013907,600,450,114.47931671142578,33.175758361816406,45719
ISIC_6015386,600,450,154.14950561523438,28.972503662109375,55273
ISIC_6016454,600,450,150.48924255371094,34.04377365112305,45298
ISIC_6020001,600,450,181.85556030273438,28.98763084411621,28190
ISIC_6022197,600,450,123.64454650878906,28.72964096069336,28538
ISIC_6023245,600,450,143.99606323242188,21.796276092529297,16576
ISIC_6023488,600,450,152.5037384033203,30.370250701904297,35151
ISIC_6023822,600,450,125.26966857910156,40.35840606689453,32054
ISIC_6025998,600,450,141.89503479003906,25.001108169555664,22530
ISIC_6026183,600,450,147.78518676757812,13.833205223083496,19542
ISIC_6026220,600,450,138.1901397705078,45.070308685302734,42442
ISIC_6026324,600,450,155.2822265625,41.39159393310547,29674
ISIC_6027594,600,450,134.21031188964844,23.724834442138672,38627
ISIC_6028688,600,450,130.10061645507812,27.631032943725586,26748
ISIC_6031825,600,450,121.36604309082031,51.10334396362305,16962
ISIC_6033339,600,450,130.0546417236328,34.66779327392578,41571
ISIC_6033345,600,450,145.2517852783203,50.92499923706055,44021
ISIC_6033449,600,450,169.85247802734375,30.776342391967773,57776
ISIC_6036586,600,450,174.55142211914062,41.24040603637695,35895
ISIC_6037847,600,450,128.4439697265625,39.21828842163086,35989
ISIC_6038041,600,450,119.32319641113281,47.63451385498047,44936
ISIC_6038047,600,450,178.00706481933594,31.395296096801758,40834
ISIC_6038213,600,450,97.19596862792969,31.878440856933594,25533
ISIC_6038731,600,450,127.9344482421875,32.489784240722656,35171
ISIC_6039070,600,450,157.1073455810547,33.77039337158203,40952
ISIC_6039074,600,450,160.90460205078125,27.430702209472656,25788
ISIC_6041310,600,450,123.88780212402344,35.87333679199219,36547
ISIC_6042297,600,450,106.78726959228516,33.932159423828125,31542
ISIC_6043504,600,450,147.8824462890625,49.60551071166992,44941
ISIC_6043617,600,450,172.34410095214844,40.778141021728516,27547
ISIC_6043649,600,450,145.4736328125,17.927091598510742,22300
ISIC_6043805,600,450,157.62640380859375,29.643327713012695,41352
ISIC_6044114,600,450,144.3856964111328,20.583148956298828,24870
ISIC_6044250,600,450,117.65975952148438,28.703628540039062,33363
ISIC_6044458,600,450,193.7787628173828,27.278322219848633,24790
ISIC_6044977,600,450,118.66285705566406,29.97886848449707,41330
ISIC_6044984,600,450,121.69640350341797,33.941619873046875,33117
ISIC_6045266,600,450,173.40176391601562,19.79263687133789,26875
ISIC_6045854,600,450,140.2215576171875,20.965314865112305,20059
ISIC_6046943,600,450,157.75987243652344,28.355928421020508,29311
ISIC_6047038,600,450,146.97413635253906,52.604557037353516,30188
ISIC_6047898,600,450,166.7494659423828,39.465301513671875,29025
ISIC_6048736,600,450,108.30342102050781,33.872982025146484,26627
ISIC_6048752,600,450,179.07191467285156,44.059120178222656,25780
ISIC_6050192,600,450,155.4940948486328,34.950523376464844,44918
ISIC_6053581,600,450,145.1441650390625,24.929006576538086,26563
ISIC_6055280,600,450,150.07574462890625,36.525508880615234,45017
ISIC_6056059,600,450,152.58506774902344,33.89057540893555,40404
ISIC_6058576,600,450,122.40422821044922,38.9575080871582,50748
ISIC_6059802,600,450,144.07894897460938,26.48582649230957,37875
ISIC_6061665,600,450,140.4259033203125,25.551660537719727,17250
ISIC_6062128,600,450,130.32162475585938,30.951656341552734,39253
ISIC_6063074,600,450,120.41791534423828,26.874372482299805,30394
ISIC_6063897,600,450,163.3976287841797,34.892662048339844,35374
ISIC_6063928,600,450,152.06326293945312,41.68596649169922,26175
ISIC_6065573,600,450,171.62034606933594,33.827335357666016,33544
ISIC_6069821,600,450,119.3754653930664,37.48195266723633,40047
ISIC_6070426,600,450,155.00450134277344,20.737308502197266,25549
ISIC_6070480,600,450,95.4480209350586,38.82015609741211,41603
ISIC_6070696,600,450,150.47377014160156,34.26333236694336,61298
ISIC_6072439,600,450,151.73306274414062,28.096189498901367,54517
ISIC_6072797,600,450,146.7953338623047,35.60144805908203,23112
ISIC_6074237,600,450,145.0083770751953,18.346160888671875,23094
ISIC_6074880,600,450,117.8471908569336,34.385345458984375,31010
ISIC_6076049,600,450,112.3311996459961,33.75933074951172,56442
ISIC_6076241,600,450,143.37979125976562,28.568096160888672,41987
ISIC_6076269,600,450,152.55812072753906,20.54566764831543,26850
ISIC_6077125,600,450,109.75216674804688,29.779348373413086,44237
ISIC_6078508,600,450,174.02635192871094,40.40555191040039,35114
ISIC_6078907,600,450,182.26400756835938,28.822025299072266,34733
ISIC_6078911,600,450,116.20367431640625,29.692543029785156,21615
ISIC_6078993,600,450,95.49176025390625,35.855430603027344,17803
ISIC_6079632,600,450,125.03829193115234,32.28155517578125,43783
ISIC_6080382,600,450,141.50869750976562,43.974876403808594,46522
ISIC_6082679,600,450,147.52235412597656,50.946044921875,59570
ISIC_6083072,600,450,135.3157958984375,34.3976936340332,39945
ISIC_6085286,600,450,152.06707763671875,58.12274932861328,31563
ISIC_6087081,600,450,145.1885223388672,34.26081466674805,42089
ISIC_6089148,600,450,154.22528076171875,30.410602569580078,26790
ISIC_6089668,600,450,130.113525390625,37.55818176269531,27964
ISIC_6092124,600,450,154.75071716308594,28.73773193359375,25720
ISIC_6093126,600,450,146.99827575683594,31.769664764404297,24806
ISIC_6097869,600,450,175.54856872558594,12.774136543273926,30572
ISIC_6098668,600,450,160.55625915527344,33.128807067871094,29272
ISIC_6101727,600,450,147.0721435546875,16.831130981445312,21938
ISIC_6104937,600,450,166.09706115722656,47.92412185668945,28030
ISIC_6106457,600,450,146.50889587402344,23.055543899536133,54579
ISIC_6110252,600,450,149.36602783203125,43.67573928833008,40988
ISIC_6110952,600,450,178.75694274902344,39.18928146362305,50110
ISIC_6111856,600,450,131.08242797851562,35.21516418457031,42871
ISIC_6112801,600,450,160.39566040039062,43.63475799560547,41912
ISIC_6112946,600,450,196.5826416015625,35.871097564697266,35728
ISIC_6113465,600,450,174.09584045410156,32.83860397338867,38428
ISIC_6114177,600,450,161.34347534179688,28.815589904785156,27810
ISIC_6114272,600,450,141.31776428222656,38.790130615234375,35417
ISIC_6115342,600,450,136.8039093017578,49.570960998535156,32298
ISIC_6115571,600,450,156.72833251953125,27.530282974243164,53030
ISIC_6115749,600,450,173.05374145507812,29.247802734375,24093
ISIC_6116093,600,450,139.88198852539062,31.864089965820312,27813
ISIC_6119301,600,450,171.18341064453125,52.39311981201172,30125
ISIC_6119319,600,450,162.27284240722656,45.05548858642578,25487
ISIC_6119517,600,450,155.91165161132812,22.768436431884766,28508
ISIC_6119847,600,450,159.8024444580078,50.61788558959961,62077
ISIC_6120702,600,450,133.33155822753906,35.84092712402344,45719
ISIC_6121019,600,450,163.485107421875,14.832071304321289,16120
ISIC_6121310,600,450,134.9355010986328,28.669754028320312,51767
ISIC_6122024,600,450,130.77154541015625,28.258140563964844,27091
ISIC_6123621,600,450,171.93441772460938,21.766740798950195,30900
ISIC_6123844,600,450,175.72950744628906,27.766817092895508,25878
ISIC_6124320,600,450,151.9328155517578,22.793214797973633,26669
ISIC_6125353,600,450,65.4509506225586,49.582054138183594,53570
ISIC_6125719,600,450,159.09986877441406,46.030479431152344,66260
ISIC_6129735,600,450,155.47727966308594,16.657150268554688,28303
ISIC_6130175,600,450,162.61468505859375,49.8131103515625,43217
ISIC_6131855,600,450,138.2527618408203,40.34809112548828,36563
ISIC_6133264,600,450,118.76873016357422,17.911724090576172,24933
ISIC_6134081,600,450,135.52821350097656,61.76908493041992,25400
ISIC_6135860,600,450,115.19412994384766,35.84080505371094,37898
ISIC_6136291,600,450,147.07281494140625,42.111083984375,32836
ISIC_6137075,600,450,179.13323974609375,44.274200439453125,34053
ISIC_6138103,600,450,159.01393127441406,29.569576263427734,25546
ISIC_6138256,600,450,113.95523834228516,36.94668960571289,38636
ISIC_6138743,600,450,129.65533447265625,36.82752990722656,39050
ISIC_6141128,600,450,139.37132263183594,34.8720817565918,18719
ISIC_6141356,600,450,152.60137939453125,43.09306716918945,21003
ISIC_6142601,600,450,36.55409240722656,34.47304916381836,51065
ISIC_6142928,600,450,206.14474487304688,19.34162139892578,30224
ISIC_6144096,600,450,138.04837036132812,27.67405891418457,36669
ISIC_6144246,600,450,122.3853759765625,41.71202850341797,46082
ISIC_6145727,600,450,121.03685760498047,34.33860397338867,41764
ISIC_6151299,600,450,152.7103271484375,56.38645935058594,25214
ISIC_6155449,600,450,155.72381591796875,44.9883918762207,31539
ISIC_6158597,600,450,133.32461547851562,46.97211837768555,45084
ISIC_6160419,600,450,152.1094512939453,55.96961212158203,42296
ISIC_6161217,600,450,165.54429626464844,33.0783805847168,26766
ISIC_6161362,600,450,143.7389678955078,49.927303314208984,27844
ISIC_6161975,600,450,148.73147583007812,60.56610107421875,49544
ISIC_6162564,600,450,185.36578369140625,35.83150863647461,39130
ISIC_6162714,600,450,117.9415512084961,26.20639991760254,27279
ISIC_6163759,600,450,168.42446899414062,47.78433609008789,43562
ISIC_6164551,600,450,128.10020446777344,65.31690979003906,31105
ISIC_6166836,600,450,123.391357421875,42.726993560791016,61533
ISIC_6167082,600,450,178.1820831298828,32.8817024230957,38816
ISIC_6167270,600,450,158.4459228515625,26.281787872314453,25585
ISIC_6167402,600,450,127.68006896972656,39.607940673828125,30719
ISIC_6167789,600,450,192.70875549316406,32.91476058959961,28424
ISIC_6168154,600,450,130.7107696533203,45.0701904296875,41715
ISIC_6168277,600,450,143.99073791503906,11.00619125366211,16228
ISIC_6168958,600,450,130.76397705078125,37.1276741027832,36217
ISIC_6169732,600,450,145.17742919921875,44.2554817199707,38015
ISIC_6170751,600,450,139.1336212158203,27.675079345703125,29978
ISIC_6170894,600,450,182.33062744140625,60.43990707397461,38201
ISIC_6171480,600,450,124.4256820678711,43.22835159301758,46311
ISIC_6171588,600,450,142.0477752685547,20.310251235961914,23876
ISIC_6173661,600,450,123.25897216796875,30.28619956970215,30142
ISIC_6173678,600,450,170.80335998535156,54.71791458129883,52419
ISIC_6174823,600,450,108.81114196777344,41.51277160644531,52163
ISIC_6175134,600,450,160.2460174560547,48.005977630615234,30657
ISIC_6175375,600,450,131.98471069335938,52.57974624633789,34895
ISIC_6175607,600,450,143.23338317871094,28.922096252441406,39587
ISIC_6175610,600,450,130.92164611816406,37.598018646240234,48432
ISIC_6176256,600,450,152.79345703125,32.6490364074707,25677
ISIC_6176939,600,450,142.02151489257812,11.387843132019043,18887
ISIC_6177577,600,450,134.73297119140625,24.93976593017578,22024
ISIC_6178342,600,450,122.89800262451172,39.477386474609375,33264
ISIC_6181244,600,450,132.66305541992188,29.583709716796875,31751
ISIC_6181707,600,450,123.38953399658203,37.76750946044922,42690
ISIC_6182960,600,450,139.6412811279297,37.84609603881836,17436
ISIC_6183115,600,450,108.85945892333984,50.9950065612793,38220
ISIC_6183477,600,450,172.2106475830078,19.76844024658203,30531
ISIC_6186797,600,450,143.80804443359375,25.314760208129883,31524
ISIC_6187812,600,450,132.05308532714844,38.30416488647461,28838
ISIC_6190061,600,450,123.47770690917969,33.86168670654297,43328
ISIC_6190757,600,450,158.53952026367188,20.70272445678711,23223
ISIC_6190923,600,450,119.29397583007812,42.33968734741211,35676
ISIC_6191034,600,450,154.2923583984375,30.91754913330078,32868
ISIC_6191797,600,450,118.63262939453125,38.823272705078125,32740
ISIC_6192197,600,450,142.01788330078125,21.97597885131836,21333
ISIC_6193525,600,450,153.95654296875,45.53786849975586,26801
ISIC_6193755,600,450,129.5064239501953,25.918262481689453,41361
ISIC_6193935,600,450,182.48265075683594,43.52216339111328,42277
ISIC_6194754,600,450,129.32733154296875,42.0766487121582,50077
ISIC_6195452,600,450,176.02603149414062,62.83580780029297,35267
ISIC_6195604,600,450,160.06887817382812,65.98206329345703,26111
ISIC_6196224,600,450,121.07709503173828,42.972660064697266,70748
ISIC_6196546,600,450,167.62010192871094,48.67302322387695,32608
ISIC_6201208,600,450,159.43588256835938,34.6158447265625,28716
ISIC_6202224,600,450,171.46514892578125,21.584617614746094,19413
ISIC_6208118,600,450,145.9813995361328,38.24318313598633,44285
ISIC_6210274,600,450,145.15536499023438,26.39861488342285,24913
ISIC_6212007,600,450,160.43751525878906,71.22638702392578,45788
ISIC_6212400,600,450,144.34817504882812,25.427824020385742,39713
ISIC_6212964,600,450,144.502685546875,23.352046966552734,24134
ISIC_6213875,600,450,155.0469512939453,25.17521095275879,21795
ISIC_6214078,600,450,140.73654174804688,48.17359924316406,29305
ISIC_6214871,600,450,170.65353393554688,22.553733825683594,32898
ISIC_6216289,600,450,119.40294647216797,27.245868682861328,19314
ISIC_6216368,600,450,112.81645202636719,39.422977447509766,29061
ISIC_6217593,600,450,127.83771514892578,41.26963424682617,39826
ISIC_6217625,600,450,91.1502456665039,31.604774475097656,48987
ISIC_6218940,600,450,105.48760223388672,37.96095657348633,23880
ISIC_6221334,600,450,151.7796173095703,32.953128814697266,24176
ISIC_6221556,600,450,123.51970672607422,29.316781997680664,28691
ISIC_6221926,600,450,128.4503173828125,33.175357818603516,41891
ISIC_6222224,600,450,139.96002197265625,22.756132125854492,27220
ISIC_6222747,600,450,148.12159729003906,38.962284088134766,54639
ISIC_6227786,600,450,125.58757781982422,56.18425750732422,31677
ISIC_6227794,600,450,124.68122100830078,45.165184020996094,38676
ISIC_6228708,600,450,125.7697982788086,43.68113708496094,46882
ISIC_6230570,600,450,137.2543182373047,70.53359985351562,46960
ISIC_6234798,600,450,126.12752532958984,53.287235260009766,38673
ISIC_6235050,600,450,173.3671875,29.951526641845703,34720
ISIC_6236484,600,450,141.46730041503906,31.651527404785156,27666
ISIC_6236784,600,450,139.2821502685547,70.97521209716797,29641
ISIC_6239096,600,450,117.07913208007812,47.30821990966797,43863
ISIC_6239365,600,450,127.24764251708984,44.57575225830078,19632
ISIC_6240958,600,450,117.54232025146484,22.760717391967773,46320
ISIC_6241374,600,450,131.0121307373047,41.91212844848633,32672
ISIC_6241508,600,450,156.12867736816406,22.956321716308594,22047
ISIC_6241776,600,450,131.23233032226562,33.29313659667969,35260
ISIC_6242060,600,450,169.70018005371094,23.83567237854004,29803
ISIC_6242110,600,450,143.47421264648438,40.527286529541016,31921
ISIC_6245930,600,450,152.41128540039062,42.28290557861328,33940
ISIC_6246107,600,450,103.46959686279297,33.15898132324219,31609
ISIC_6246297,600,450,146.28671264648438,26.991512298583984,43466
ISIC_6248808,600,450,146.92477416992188,16.133831024169922,21203
ISIC_6250101,600,450,132.9486846923828,29.654869079589844,49841
ISIC_6250232,600,450,133.83901977539062,21.22443962097168,32145
ISIC_6250586,600,450,165.17379760742188,23.512149810791016,18838
ISIC_6252155,600,450,115.8961410522461,44.79898452758789,40864
ISIC_6252442,600,450,148.3660430908203,12.82658576965332,19974
ISIC_6252730,600,450,133.42660522460938,32.99600601196289,38945
ISIC_6254065,600,450,155.1390838623047,29.743106842041016,32298
ISIC_6254946,600,450,121.1931381225586,29.672822952270508,19070
ISIC_6256140,600,450,194.23098754882812,36.546958923339844,36027
ISIC_6259246,600,450,143.42681884765625,28.490331649780273,28970
ISIC_6260438,600,450,125.15731048583984,36.22043991088867,49863
ISIC_6261700,600,450,144.92813110351562,37.558250427246094,31694
ISIC_6262662,600,450,132.71412658691406,46.38405990600586,50531
ISIC_6271290,600,450,167.141845703125,45.766239166259766,26798
ISIC_6272354,600,450,155.81690979003906,25.31231117248535,24279
ISIC_6272878,600,450,155.4263153076172,21.800613403320312,19318
ISIC_6274759,600,450,139.9178009033203,44.05419921875,48395
ISIC_6276225,600,450,144.2216033935547,26.369110107421875,28954
ISIC_6277878,600,450,105.97220611572266,15.942962646484375,23154
ISIC_6277936,600,450,136.5636749267578,38.85161590576172,44338
ISIC_6278796,600,450,180.12863159179688,43.83149719238281,45552
ISIC_6278944,600,450,114.05653381347656,23.654909133911133,28147
ISIC_6279832,600,450,153.30352783203125,28.997583389282227,26163
ISIC_6280109,600,450,146.6999053955078,39.617530822753906,25588
ISIC_6285261,600,450,158.341064453125,37.55607604980469,36590
ISIC_6285557,600,450,124.5274658203125,38.77045440673828,45058
ISIC_6287649,600,450,166.54248046875,47.722801208496094,38975
ISIC_6287939,600,450,147.65855407714844,33.335784912109375,26278
ISIC_6288293,600,450,150.4257049560547,14.891900062561035,24679
ISIC_6289625,600,450,137.2314453125,38.82747268676758,41462
ISIC_6289650,600,450,161.63414001464844,59.11610794067383,34098
ISIC_6290373,600,450,165.17144775390625,35.97417068481445,40158
ISIC_6290458,600,450,161.0122528076172,26.405498504638672,34812
ISIC_6291927,600,450,130.2305908203125,24.95543670654297,28891
ISIC_6292733,600,450,136.6090087890625,35.180877685546875,45027
ISIC_6293492,600,450,145.0617218017578,38.959346771240234,31230
ISIC_6294166,600,450,162.0619659423828,28.576614379882812,25442
ISIC_6294381,600,450,121.08927154541016,37.83723449707031,36465
ISIC_6295397,600,450,141.30807495117188,15.508130073547363,26731
ISIC_6296087,600,450,135.9834442138672,23.388391494750977,28791
ISIC_6297552,600,450,167.4746856689453,28.207311630249023,24192
ISIC_6297733,600,450,149.07533264160156,31.936355590820312,27099
ISIC_6298290,600,450,187.64930725097656,30.480321884155273,56785
ISIC_6300467,600,450,123.2461166381836,37.55649948120117,69070
ISIC_6300729,600,450,136.651123046875,41.07282257080078,50606
ISIC_6303124,600,450,126.35038757324219,30.591434478759766,26168
ISIC_6303187,600,450,128.40963745117188,51.0607795715332,35138
ISIC_6303646,600,450,127.27017974853516,41.90644454956055,41725
ISIC_6305309,600,450,145.91903686523438,33.16901397705078,33843
ISIC_6305500,600,450,134.5270538330078,23.64668846130371,26803
ISIC_6306620,600,450,154.52674865722656,24.728923797607422,21909
ISIC_6311996,600,450,188.4348907470703,33.60009765625,30810
ISIC_6312254,600,450,174.26385498046875,17.622325897216797,20028
ISIC_6312345,600,450,166.4781494140625,34.15449905395508,28511
ISIC_6313303,600,450,135.99786376953125,34.59176254272461,34275
ISIC_6314287,600,450,137.7679443359375,25.998170852661133,29572
ISIC_6314890,600,450,193.55946350097656,58.99425506591797,29952
ISIC_6315101,600,450,185.0653076171875,37.385398864746094,54320
ISIC_6315760,600,450,144.91319274902344,12.294894218444824,17084
ISIC_6317276,600,450,123.98072052001953,36.381099700927734,41646
ISIC_6318069,600,450,135.3504638671875,47.04539108276367,39429
ISIC_6318075,600,450,186.4224395751953,26.624921798706055,36451
ISIC_6318524,600,450,128.04266357421875,20.194921493530273,27205
ISIC_6319452,600,450,134.5109405517578,41.310543060302734,49544
ISIC_6320048,600,450,176.70745849609375,41.47980880737305,25241
ISIC_6321631,600,450,118.65673065185547,30.204574584960938,30595
ISIC_6323263,600,450,146.4470672607422,38.56907272338867,28483
ISIC_6325623,600,450,158.3498077392578,33.51108932495117,24928
ISIC_6327414,600,450,125.9619140625,16.07039451599121,24815
ISIC_6327728,600,450,142.5477752685547,37.7554817199707,27437
ISIC_6327820,600,450,106.44313049316406,60.691619873046875,37488
ISIC_6328753,600,450,134.8435516357422,34.152713775634766,37429
ISIC_6328900,600,450,126.07440185546875,37.38932418823242,35272
ISIC_6330968,600,450,132.6322784423828,24.71880340576172,25728
ISIC_6332308,600,450,145.4302978515625,37.5859260559082,25287
ISIC_6333133,600,450,151.25799560546875,32.7862434387207,43131
ISIC_6333987,600,450,151.6034393310547,15.030293464660645,15703
ISIC_6334226,600,450,126.45594024658203,35.713314056396484,34933
ISIC_6335160,600,450,121.98800659179688,37.05730438232422,37583
ISIC_6335386,600,450,176.22665405273438,61.64127731323242,30282
ISIC_6336489,600,450,104.72663879394531,46.27574157714844,21821
ISIC_6336649,600,450,121.2134017944336,37.1395378112793,37438
ISIC_6337323,600,450,168.9228973388672,13.629800796508789,13397
ISIC_6338368,600,450,134.3856964111328,19.499099731445312,30055
ISIC_6339347,600,450,194.01522827148438,37.652618408203125,27219
ISIC_6340932,600,450,112.39701843261719,35.32477951049805,23117
ISIC_6342177,600,450,166.77394104003906,35.550376892089844,37332
ISIC_6343807,600,450,131.81072998046875,24.697490692138672,30795
ISIC_6344855,600,450,161.20921325683594,22.51592254638672,20240
ISIC_6345022,600,450,169.99984741210938,28.043760299682617,51667
ISIC_6347418,600,450,137.14739990234375,23.498027801513672,26057
ISIC_6347449,600,450,141.4657440185547,37.065086364746094,23937
ISIC_6347753,600,450,153.5060577392578,17.619449615478516,17759
ISIC_6348068,600,450,152.6607666015625,40.451480865478516,19263
ISIC_6349110,600,450,116.14080047607422,32.44045639038086,21867
ISIC_6349779,600,450,125.72433471679688,38.425498962402344,54189
ISIC_6350988,600,450,148.71751403808594,43.349647521972656,41657
ISIC_6351671,600,450,126.80810546875,56.95387268066406,39955
ISIC_6352343,600,450,146.24761962890625,39.638492584228516,30660
ISIC_6353654,600,450,200.89303588867188,30.005199432373047,24618
ISIC_6354001,600,450,153.7224884033203,26.56878662109375,25399
ISIC_6355154,600,450,192.69480895996094,41.08686065673828,32951
ISIC_6356372,600,450,151.4342498779297,18.006200790405273,16597
ISIC_6356942,600,450,195.8720245361328,36.75001907348633,28456
ISIC_6357740,600,450,173.4297332763672,25.499094009399414,18917
ISIC_6358122,600,450,131.25120544433594,24.179244995117188,27170
ISIC_6358411,600,450,183.14584350585938,39.11416244506836,23966
ISIC_6358504,600,450,132.2521209716797,40.47775650024414,43760
ISIC_6359039,600,450,161.68316650390625,31.97879981994629,34091
ISIC_6360071,600,450,137.58477783203125,21.3572940826416,20046
ISIC_6361233,600,450,161.31178283691406,25.614988327026367,25489
ISIC_6361677,600,450,170.58749389648438,24.94161033630371,35443
ISIC_6362082,600,450,134.69786071777344,44.991207122802734,30891
ISIC_6362619,600,450,114.07701873779297,41.34115982055664,26034
ISIC_6363175,600,450,121.51182556152344,36.6093635559082,31910
ISIC_6363473,600,450,124.87476348876953,38.00267791748047,37141
ISIC_6364449,600,450,119.47152709960938,44.069313049316406,36599
ISIC_6365045,600,450,144.20326232910156,27.853252410888672,38964
ISIC_6365088,600,450,153.09959411621094,54.983543395996094,51390
ISIC_6365827,600,450,146.24766540527344,30.324752807617188,33630
ISIC_6365981,600,450,138.86431884765625,28.72663116455078,32311
ISIC_6366299,600,450,98.49591827392578,34.88936996459961,52552
ISIC_6366384,600,450,150.97576904296875,48.22509765625,29645
ISIC_6366558,600,450,138.05581665039062,31.86945152282715,35652
ISIC_6367091,600,450,157.66087341308594,30.283737182617188,25633
ISIC_6367931,600,450,150.6206817626953,48.1202507019043,34251
ISIC_6368553,600,450,151.3490447998047,25.73609733581543,31243
ISIC_6368798,600,450,161.44110107421875,18.430925369262695,21731
ISIC_6369423,600,450,131.0943603515625,30.953210830688477,39621
ISIC_6372109,600,450,160.29933166503906,42.38283157348633,53317
ISIC_6372573,600,450,160.86802673339844,17.120492935180664,34540
ISIC_6373409,600,450,157.59425354003906,44.692806243896484,24819
ISIC_6374674,600,450,151.74537658691406,42.58761978149414,23840
ISIC_6376058,600,450,176.66871643066406,25.288597106933594,39590
ISIC_6376325,600,450,144.66058349609375,44.766727447509766,30256
ISIC_6376654,600,450,130.678466796875,72.30783081054688,32428
ISIC_6378396,600,450,201.81455993652344,35.45172119140625,20268
ISIC_6383214,600,450,139.8994140625,27.41840171813965,23497
ISIC_6383216,600,450,146.93971252441406,44.84191131591797,30193
ISIC_6384870,600,450,160.4622039794922,55.197261810302734,28059
ISIC_6385276,600,450,137.59413146972656,38.2161979675293,50958
ISIC_6385484,600,450,135.1460723876953,35.65593338012695,31214
ISIC_6387236,600,450,137.88397216796875,41.76593017578125,62511
ISIC_6389005,600,450,168.76290893554688,32.29087448120117,19267
ISIC_6389514,600,450,152.8096160888672,42.65015411376953,31233
ISIC_6391608,600,450,147.77749633789062,33.39093780517578,43899
ISIC_6391693,600,450,156.33145141601562,24.513202667236328,19581
ISIC_6393409,600,450,176.544921875,39.371334075927734,44059
ISIC_6394582,600,450,171.66896057128906,15.298255920410156,21873
ISIC_6396169,600,450,154.86367797851562,34.18975830078125,26436
ISIC_6400148,600,450,129.85955810546875,52.44526672363281,31756
ISIC_6401647,600,450,142.94935607910156,33.62468338012695,19673
ISIC_6402697,600,450,136.4364471435547,40.63705062866211,46796
ISIC_6402943,600,450,177.77008056640625,19.534221649169922,19566
ISIC_6403341,600,450,143.8641815185547,24.142602920532227,34348
ISIC_6404972,600,450,146.85435485839844,39.78511428833008,53367
ISIC_6405078,600,450,151.6316375732422,28.608074188232422,27640
ISIC_6405109,600,450,191.91912841796875,17.767271041870117,38352
ISIC_6405124,600,450,120.16705322265625,38.384117126464844,40473
ISIC_6408424,600,450,121.91141510009766,42.49018478393555,43115
ISIC_6409368,600,450,148.70376586914062,39.24474334716797,21436
ISIC_6409954,600,450,155.66778564453125,37.993690490722656,29202
ISIC_6412771,600,450,161.10028076171875,28.487411499023438,45517
ISIC_6415417,600,450,166.29034423828125,37.99748992919922,23132
ISIC_6416950,600,450,157.9174346923828,27.091676712036133,20392
ISIC_6417102,600,450,146.1385498046875,18.121614456176758,22307
ISIC_6417205,600,450,151.1970977783203,30.914369583129883,25530
ISIC_6418734,600,450,157.3800048828125,23.100013732910156,21392
ISIC_6419369,600,450,160.68252563476562,36.029022216796875,40853
ISIC_6420151,600,450,128.62376403808594,28.7518310546875,24206
ISIC_6421085,600,450,154.88755798339844,29.504980087280273,22420
ISIC_6421198,600,450,160.73263549804688,42.356910705566406,52397
ISIC_6422570,600,450,128.24339294433594,35.2965087890625,42529
ISIC_6423450,600,450,119.14546203613281,44.19423294067383,24986
ISIC_6424694,600,450,120.70907592773438,33.4166374206543,42791
ISIC_6425898,600,450,139.67538452148438,30.00907325744629,29460
ISIC_6428004,600,450,135.52015686035156,38.76926040649414,29147
ISIC_6428132,600,450,152.27769470214844,44.8410530090332,30335
ISIC_6428254,600,450,156.13279724121094,31.185775756835938,19445
ISIC_6428825,600,450,136.76773071289062,23.608806610107422,40610
ISIC_6428982,600,450,127.71044158935547,42.88687515258789,36921
ISIC_6429343,600,450,136.115966796875,41.10688781738281,28375
ISIC_6433212,600,450,193.8289337158203,27.98072624206543,51039
ISIC_6433757,600,450,132.1041717529297,33.8409423828125,48864
ISIC_6434822,600,450,142.49366760253906,30.868621826171875,35557
ISIC_6435029,600,450,173.8827667236328,28.4310302734375,23389
ISIC_6435462,600,450,111.81370544433594,27.235000610351562,30094
ISIC_6437956,600,450,131.62718200683594,33.28778839111328,40039
ISIC_6438673,600,450,128.5155029296875,34.08571243286133,33141
ISIC_6440668,600,450,145.79541015625,30.421262741088867,31324
ISIC_6442452,600,450,149.5812530517578,56.72990798950195,37289
ISIC_6444211,600,450,191.4532470703125,47.5555305480957,43115
ISIC_6444803,600,450,96.83492279052734,29.97614860534668,39806
ISIC_6447813,600,450,111.18020629882812,63.616336822509766,29987
ISIC_6449173,600,450,134.79762268066406,36.1186637878418,43112
ISIC_6450883,600,450,139.7914581298828,41.104408264160156,45887
ISIC_6450911,600,450,129.09088134765625,34.86185836791992,46413
ISIC_6451061,600,450,162.23138427734375,26.65644645690918,33288
ISIC_6451701,600,450,143.1360321044922,10.400057792663574,20917
ISIC_6453932,600,450,128.91749572753906,39.76066589355469,33114
ISIC_6454913,600,450,144.11761474609375,26.143997192382812,24005
ISIC_6455103,600,450,127.42188262939453,48.16632843017578,32689
ISIC_6455546,600,450,93.40962219238281,40.52108383178711,28218
ISIC_6455558,600,450,150.41477966308594,47.219051361083984,26046
ISIC_6457111,600,450,144.3641357421875,23.24642562866211,28367
ISIC_6457249,600,450,143.86802673339844,16.89777374267578,22298
ISIC_6457838,600,450,130.7452850341797,32.707279205322266,33399
ISIC_6458495,600,450,148.8136749267578,28.154964447021484,35300
ISIC_6458884,600,450,156.56170654296875,31.312705993652344,29937
ISIC_6460339,600,450,129.74990844726562,42.96035385131836,42325
ISIC_6461356,600,450,168.90887451171875,10.951988220214844,16857
ISIC_6462791,600,450,154.4625701904297,28.364173889160156,29587
ISIC_6465036,600,450,115.28729248046875,46.588623046875,43027
ISIC_6465119,600,450,148.53811645507812,50.68247985839844,48201
ISIC_6465943,600,450,165.05343627929688,46.30773162841797,34310
ISIC_6467453,600,450,125.34427642822266,30.365081787109375,30178
ISIC_6467881,600,450,90.78868865966797,41.20417404174805,29417
ISIC_6467926,600,450,145.4802703857422,46.432437896728516,55046
ISIC_6469024,600,450,152.6572265625,30.740541458129883,26829
ISIC_6469131,600,450,126.84793090820312,41.91459655761719,49391
ISIC_6469847,600,450,143.1907196044922,14.036744117736816,18452
ISIC_6470630,600,450,139.70077514648438,26.00676155090332,47811
ISIC_6473978,600,450,142.45330810546875,35.91408157348633,36524
ISIC_6475371,600,450,142.5834503173828,43.30449295043945,36541
ISIC_6475622,600,450,111.7123031616211,26.06980323791504,24024
ISIC_6476734,600,450,139.55357360839844,20.761611938476562,49072
ISIC_6477645,600,450,136.13082885742188,42.0184326171875,38634
ISIC_6479651,600,450,114.39263153076172,41.95063018798828,49035
ISIC_6480143,600,450,154.2667694091797,55.18361282348633,38520
ISIC_6480550,600,450,157.6876678466797,29.156246185302734,54039
ISIC_6481562,600,450,144.54953002929688,38.3452033996582,40432
ISIC_6483899,600,450,120.67684173583984,41.292572021484375,36237
ISIC_6484434,600,450,137.66554260253906,35.32339859008789,41407
ISIC_6484641,600,450,149.83070373535156,35.31862258911133,23830
ISIC_6484898,600,450,121.35067749023438,32.42967987060547,58582
ISIC_6484938,600,450,142.13204956054688,13.369954109191895,22307
ISIC_6485726,600,450,181.11277770996094,32.71320343017578,44899
ISIC_6485921,600,450,165.75144958496094,18.343107223510742,44464
ISIC_6486344,600,450,152.97518920898438,41.63113784790039,41795
ISIC_6486784,600,450,132.41136169433594,37.94899368286133,29664
ISIC_6487282,600,450,110.31378936767578,39.81950378417969,48020
ISIC_6488682,600,450,160.60523986816406,22.508499145507812,21957
ISIC_6491504,600,450,126.40901947021484,40.79068374633789,34885
ISIC_6491752,600,450,107.71736145019531,51.18891143798828,28956
ISIC_6492760,600,450,150.98284912109375,29.19773292541504,28576
ISIC_6494733,600,450,145.200439453125,42.2189826965332,30992
ISIC_6499536,600,450,123.5914535522461,57.652679443359375,35320
ISIC_6500642,600,450,152.55577087402344,37.697044372558594,27447
ISIC_6503533,600,450,162.24188232421875,17.435312271118164,18576
ISIC_6503857,600,450,121.13179016113281,39.578582763671875,52242
ISIC_6505724,600,450,138.9420928955078,34.57158279418945,44533
ISIC_6506817,600,450,127.78372192382812,37.26140594482422,42387
ISIC_6508139,600,450,148.3491973876953,39.03693389892578,26739
ISIC_6508531,600,450,157.1298828125,28.137771606445312,33760
ISIC_6508737,600,450,137.91732788085938,66.79119110107422,28788
ISIC_6511262,600,450,166.88348388671875,21.16880989074707,46062
ISIC_6511897,600,450,143.68930053710938,50.634281158447266,30879
ISIC_6513947,600,450,121.83561706542969,40.789920806884766,35330
ISIC_6513986,600,450,126.46375274658203,33.80000305175781,56142
ISIC_6517004,600,450,157.44993591308594,38.838768005371094,45357
ISIC_6517752,600,450,110.80859375,53.80668258666992,24586
ISIC_6517818,600,450,105.00272369384766,47.929386138916016,42058
ISIC_6518344,600,450,93.24821472167969,45.35295104980469,21855
ISIC_6519570,600,450,139.4663848876953,34.724327087402344,36605
ISIC_6521283,600,450,142.14154052734375,39.96872329711914,56438
ISIC_6522135,600,450,162.6968536376953,32.42795181274414,20216
ISIC_6523987,600,450,158.49998474121094,59.2486457824707,37084
ISIC_6524360,600,450,122.30078887939453,35.14445877075195,32529
ISIC_6527571,600,450,138.90213012695312,37.84386444091797,26093
ISIC_6529382,600,450,132.42379760742188,44.631412506103516,38881
ISIC_6529674,600,450,155.8950653076172,47.70023727416992,37907
ISIC_6532286,600,450,132.96484375,19.74166488647461,23224
ISIC_6533290,600,450,151.63890075683594,34.071903228759766,45573
ISIC_6533664,600,450,175.80484008789062,33.040977478027344,42652
ISIC_6534601,600,450,139.09803771972656,37.41386032104492,37084
ISIC_6535679,600,450,158.72125244140625,32.93984603881836,53289
ISIC_6537586,600,450,168.18153381347656,39.303218841552734,44673
ISIC_6537636,600,450,129.77720642089844,42.051700592041016,40103
ISIC_6538108,600,450,144.51588439941406,45.08909606933594,28838
ISIC_6538197,600,450,116.14228057861328,37.908912658691406,46761
ISIC_6538645,600,450,141.77923583984375,10.015878677368164,18685
ISIC_6539237,600,450,140.89559936523438,29.090410232543945,31004
ISIC_6539281,600,450,176.76199340820312,56.047462463378906,35401
ISIC_6543284,600,450,156.76791381835938,41.00837326049805,26767
ISIC_6544356,600,450,95.38439178466797,57.185325622558594,24134
ISIC_6545015,600,450,141.9324493408203,43.81535720825195,23386
ISIC_6545294,600,450,156.69081115722656,28.1924991607666,35900
ISIC_6546601,600,450,139.66661071777344,33.58562088012695,38419
ISIC_6548664,600,450,153.1926727294922,20.87360382080078,35269
ISIC_6548919,600,450,132.9441375732422,44.41853713989258,27112
ISIC_6550385,600,450,111.59134674072266,38.70653533935547,37255
ISIC_6550491,600,450,150.78524780273438,29.199951171875,31237
ISIC_6550575,600,450,165.4530029296875,28.684581756591797,26060
ISIC_6550801,600,450,158.46585083007812,25.802566528320312,25682
ISIC_6551027,600,450,148.14553833007812,63.4785270690918,40536
ISIC_6551157,600,450,186.74339294433594,20.080692291259766,39455
ISIC_6551749,600,450,153.5252227783203,30.689218521118164,28756
ISIC_6552603,600,450,175.2206573486328,23.156190872192383,24922
ISIC_6553055,600,450,157.50286865234375,35.309085845947266,28887
ISIC_6555872,600,450,138.48245239257812,22.750282287597656,45597
ISIC_6556418,600,450,130.95912170410156,41.2609977722168,34170
ISIC_6558065,600,450,150.9356689453125,17.365827560424805,22917
ISIC_6558326,600,450,152.92422485351562,26.564748764038086,25006
ISIC_6559313,600,450,203.05242919921875,43.29602813720703,41545
ISIC_6560005,600,450,140.70697021484375,41.64291763305664,39694
ISIC_6561654,600,450,128.90646362304688,31.710052490234375,27084
ISIC_6562442,600,450,133.5023651123047,47.54994583129883,35740
ISIC_6562880,600,450,134.8615264892578,26.488035202026367,30830
ISIC_6562927,600,450,137.64039611816406,24.729045867919922,50860
ISIC_6563482,600,450,128.8977508544922,38.125274658203125,43193
ISIC_6563965,600,450,152.11476135253906,31.090885162353516,39707
ISIC_6564259,600,450,124.2055892944336,43.72172927856445,51286
ISIC_6565806,600,450,158.521240234375,17.251049041748047,37062
ISIC_6566236,600,450,159.61941528320312,36.31568145751953,47342
ISIC_6566937,600,450,115.01773834228516,34.53376388549805,32496
ISIC_6566959,600,450,120.60492706298828,34.435646057128906,33683
ISIC_6567490,600,450,160.2548828125,37.238868713378906,38869
ISIC_6568898,600,450,119.99150848388672,37.677452087402344,28330
ISIC_6569850,600,450,154.5711212158203,27.42891502380371,27364
ISIC_6571694,600,450,170.8844451904297,33.04810333251953,41942
ISIC_6573003,600,450,184.51708984375,22.63974952697754,28082
ISIC_6573433,600,450,169.19410705566406,27.068021774291992,42129
ISIC_6573445,600,450,155.20286560058594,45.89455795288086,98168
ISIC_6576436,600,450,135.48959350585938,58.12622833251953,30860
ISIC_6576845,600,450,153.85931396484375,32.54644012451172,30812
ISIC_6576920,600,450,119.81813049316406,40.333641052246094,39392
ISIC_6578156,600,450,151.66392517089844,42.89232635498047,39664
ISIC_6579356,600,450,137.0658416748047,24.46796989440918,25887
ISIC_6580142,600,450,136.12387084960938,29.934589385986328,45060
ISIC_6580622,600,450,157.70008850097656,29.443492889404297,24592
ISIC_6580770,600,450,112.27049255371094,44.331295013427734,37162
ISIC_6581346,600,450,145.9210968017578,39.33686447143555,34894
ISIC_6581571,600,450,162.8727569580078,23.145044326782227,31675
ISIC_6581608,600,450,139.0578155517578,15.179234504699707,23358
ISIC_6582004,600,450,145.78514099121094,41.58623123168945,23723
ISIC_6583245,600,450,189.20449829101562,63.31235122680664,23063
ISIC_6583340,600,450,133.36813354492188,38.28385543823242,49673
ISIC_6583732,600,450,124.80712127685547,43.38778305053711,42207
ISIC_6584815,600,450,143.31370544433594,31.905702590942383,44533
ISIC_6587157,600,450,143.56903076171875,34.71675109863281,38626
ISIC_6588275,600,450,129.92091369628906,32.92269515991211,26129
ISIC_6588395,600,450,166.81690979003906,36.654823303222656,61585
ISIC_6588483,600,450,100.64507293701172,43.65266036987305,64397
ISIC_6589696,600,450,167.41233825683594,32.184120178222656,30561
ISIC_6590195,600,450,165.76116943359375,26.872610092163086,25369
ISIC_6590453,600,450,135.93093872070312,47.22093963623047,35853
ISIC_6590580,600,450,165.10476684570312,26.96489143371582,21339
ISIC_6591439,600,450,174.70135498046875,23.13155174255371,40022
ISIC_6593095,600,450,114.15413665771484,37.7625617980957,37185
ISIC_6593403,600,450,168.82260131835938,38.08451843261719,51765
ISIC_6595206,600,450,119.79827880859375,27.60382080078125,34491
ISIC_6595434,600,450,135.12977600097656,44.14621353149414,50249
ISIC_6595713,600,450,157.06915283203125,24.50375747680664,39919
ISIC_6596926,600,450,171.35818481445312,23.714052200317383,24224
ISIC_6597463,600,450,125.55757904052734,33.90031814575195,38854
ISIC_6597735,600,450,133.43605041503906,29.123897552490234,30315
ISIC_6598411,600,450,148.6272430419922,31.04275894165039,48886
ISIC_6598962,600,450,116.62438201904297,30.84293556213379,42135
ISIC_6600474,600,450,87.05572509765625,29.9871768951416,38261
ISIC_6600475,600,450,165.81961059570312,36.912715911865234,22021
ISIC_6601126,600,450,148.47744750976562,36.924259185791016,40853
ISIC_6601890,600,450,116.06781005859375,50.41535186767578,42935
ISIC_6602302,600,450,115.78706359863281,19.780424118041992,24230
ISIC_6603218,600,450,116.26825714111328,35.872108459472656,48215
ISIC_6603451,600,450,138.81390380859375,24.12991714477539,24450
ISIC_6603709,600,450,114.33843231201172,29.11380958557129,41427
ISIC_6605295,600,450,129.37376403808594,34.375125885009766,40529
ISIC_6606816,600,450,119.12934112548828,50.00215148925781,22519
ISIC_6608996,600,450,137.35543823242188,40.13639831542969,36154
ISIC_6609894,600,450,176.24856567382812,30.37495231628418,47203
ISIC_6610991,600,450,128.98541259765625,45.49192810058594,44123
ISIC_6611061,600,450,146.47360229492188,14.900075912475586,19498
ISIC_6612352,600,450,136.68682861328125,26.290502548217773,38620
ISIC_6612848,600,450,153.77932739257812,27.12755584716797,20626
ISIC_6613152,600,450,148.88809204101562,29.070878982543945,32175
ISIC_6614371,600,450,143.51380920410156,22.633113861083984,29143
ISIC_6614498,600,450,164.4341583251953,34.255523681640625,24542
ISIC_6615782,600,450,139.5694580078125,29.11101531982422,28830
ISIC_6616937,600,450,168.5673828125,21.416980743408203,21154
ISIC_6617227,600,450,137.2712860107422,45.05155944824219,39302
ISIC_6618250,600,450,163.15493774414062,42.694313049316406,30650
ISIC_6620223,600,450,104.39642333984375,28.59376335144043,44388
ISIC_6622403,600,450,171.70433044433594,26.474994659423828,14668
ISIC_6623298,600,450,122.06414031982422,28.941823959350586,30584
ISIC_6625178,600,450,141.73179626464844,44.73850631713867,46434
ISIC_6625361,600,450,105.17017364501953,30.592069625854492,33450
ISIC_6625754,600,450,127.85298919677734,37.90373611450195,52316
ISIC_6626242,600,450,160.80093383789062,32.78459548950195,20027
ISIC_6629495,600,450,138.8040313720703,41.0593147277832,31441
ISIC_6629742,600,450,131.71978759765625,33.5241813659668,25938
ISIC_6630088,600,450,122.4270248413086,45.33998489379883,38811
ISIC_6631462,600,450,128.385009765625,31.609664916992188,31960
ISIC_6634268,600,450,139.07958984375,43.968467712402344,42222
ISIC_6634769,600,450,178.63197326660156,24.443424224853516,29909
ISIC_6635963,600,450,165.07608032226562,52.48374557495117,29396
ISIC_6636694,600,450,151.40301513671875,50.528507232666016,33728
ISIC_6638137,600,450,157.8884735107422,58.85130310058594,36236
ISIC_6638374,600,450,169.85888671875,20.274391174316406,28698
ISIC_6638547,600,450,129.38316345214844,53.20014572143555,19429
ISIC_6639016,600,450,131.07162475585938,34.017032623291016,29212
ISIC_6639957,600,450,147.51902770996094,49.542930603027344,26349
ISIC_6640040,600,450,160.6485595703125,24.98735809326172,21654
ISIC_6640885,600,450,129.26170349121094,39.94464874267578,43653
ISIC_6642031,600,450,148.1951446533203,22.309040069580078,22982
ISIC_6642568,600,450,114.60709381103516,41.43288040161133,40393
ISIC_6642775,600,450,129.07986450195312,40.944217681884766,34197
ISIC_6645684,600,450,149.7609405517578,31.08382225036621,26893
ISIC_6646415,600,450,126.05033111572266,40.31850814819336,40618
ISIC_6648449,600,450,150.89178466796875,48.93768310546875,29981
ISIC_6648628,600,450,158.37013244628906,50.0500373840332,28890
ISIC_6650890,600,450,131.5390167236328,40.49641036987305,38899
ISIC_6651888,600,450,151.66542053222656,24.833858489990234,23949
ISIC_6653326,600,450,168.16177368164062,59.13641357421875,38609
ISIC_6653595,600,450,162.7881317138672,28.656124114990234,22720
ISIC_6654586,600,450,106.92122650146484,30.79206085205078,39491
ISIC_6655070,600,450,99.65625762939453,62.29779052734375,28782
ISIC_6657446,600,450,157.8812255859375,18.59732437133789,30101
ISIC_6657890,600,450,147.9922332763672,25.342607498168945,32425
ISIC_6657999,600,450,39.40675735473633,44.21910095214844,65725
ISIC_6660770,600,450,141.14022827148438,35.01748275756836,31617
ISIC_6662978,600,450,160.17991638183594,43.40298080444336,34362
ISIC_6664237,600,450,167.78245544433594,14.755635261535645,15178
ISIC_6664385,600,450,123.04561614990234,47.79160690307617,32704
ISIC_6665062,600,450,139.93325805664062,20.85930824279785,51595
ISIC_6667520,600,450,144.09213256835938,46.5997428894043,46655
ISIC_6669060,600,450,150.26364135742188,27.59813117980957,41138
ISIC_6670414,600,450,131.7681427001953,31.927051544189453,37890
ISIC_6671359,600,450,126.44493865966797,46.9925422668457,44024
ISIC_6672065,600,450,158.74879455566406,22.793025970458984,21195
ISIC_6674353,600,450,160.11134338378906,37.49872589111328,42894
ISIC_6676782,600,450,127.90654754638672,49.651676177978516,42333
ISIC_6677597,600,450,127.44747924804688,35.01007843017578,42697
ISIC_6678187,600,450,168.3885955810547,14.693646430969238,16263
ISIC_6679416,600,450,140.45596313476562,34.64200973510742,36643
ISIC_6679588,600,450,152.79957580566406,24.262849807739258,18409
ISIC_6681430,600,450,118.61132049560547,48.168739318847656,38210
ISIC_6684563,600,450,120.96908569335938,35.733951568603516,42861
ISIC_6685057,600,450,157.6275177001953,39.33796691894531,35836
ISIC_6685424,600,450,139.1878662109375,37.593387603759766,27767
ISIC_6685680,600,450,129.40017700195312,27.773391723632812,28522
ISIC_6687699,600,450,183.7509765625,46.2813835144043,44484
ISIC_6688178,600,450,115.8134536743164,27.82801055908203,27583
ISIC_6689453,600,450,148.65138244628906,25.551607131958008,20445
ISIC_6690222,600,450,192.54684448242188,21.359479904174805,27625
ISIC_6691035,600,450,145.99771118164062,41.01482009887695,29315
ISIC_6691676,600,450,101.89738464355469,55.30709457397461,70003
ISIC_6693050,600,450,140.12522888183594,35.70243453979492,20712
ISIC_6693138,600,450,129.7200927734375,28.340770721435547,23099
ISIC_6694775,600,450,130.27642822265625,41.349918365478516,46788
ISIC_6698584,600,450,132.6864013671875,36.880279541015625,37067
ISIC_6698671,600,450,139.72711181640625,42.348880767822266,32920
ISIC_6698922,600,450,156.95750427246094,32.34842300415039,21482
ISIC_6699542,600,450,136.82925415039062,32.52946472167969,48914
ISIC_6699904,600,450,145.35804748535156,30.647079467773438,36065
ISIC_6700837,600,450,126.72422790527344,25.18785858154297,28788
ISIC_6703068,600,450,159.31716918945312,44.53249740600586,40310
ISIC_6703202,600,450,126.0198745727539,32.48014831542969,29870
ISIC_6704553,600,450,152.05287170410156,54.56513595581055,30158
ISIC_6704813,600,450,116.99744415283203,23.437040328979492,26261
ISIC_6705014,600,450,150.10601806640625,48.31370544433594,36074
ISIC_6705033,600,450,123.54619598388672,36.355342864990234,43047
ISIC_6705073,600,450,133.8172607421875,38.17974853515625,30545
ISIC_6705181,600,450,157.84133911132812,35.85107421875,39498
ISIC_6705726,600,450,123.18364715576172,43.02521514892578,52968
ISIC_6706263,600,450,130.25332641601562,41.12794876098633,47600
ISIC_6707935,600,450,153.8248291015625,19.258703231811523,21449
ISIC_6708834,600,450,166.37957763671875,53.005924224853516,48522
ISIC_6710161,600,450,162.83477783203125,37.262046813964844,25029
ISIC_6712731,600,450,146.1381072998047,30.209035873413086,27471
ISIC_6712916,600,450,145.3298797607422,42.781368255615234,26790
ISIC_6713718,600,450,162.7193145751953,39.773590087890625,39531
ISIC_6713938,600,450,177.8375701904297,29.94108009338379,46171
ISIC_6714325,600,450,142.40296936035156,56.28667449951172,27760
ISIC_6715416,600,450,201.38568115234375,25.68726921081543,19300
ISIC_6716486,600,450,131.17572021484375,32.33347702026367,34364
ISIC_6717021,600,450,127.74907684326172,39.106178283691406,35247
ISIC_6717455,600,450,158.19235229492188,33.29295349121094,24569
ISIC_6719081,600,450,143.1474151611328,12.557438850402832,18017
ISIC_6720006,600,450,134.57212829589844,18.1170654296875,26122
ISIC_6720121,600,450,145.19805908203125,31.051538467407227,32710
ISIC_6724521,600,450,132.0462188720703,39.34389877319336,43405
ISIC_6725643,600,450,138.42742919921875,49.80878829956055,33351
ISIC_6725841,600,450,123.58525085449219,24.24172019958496,30297
ISIC_6728668,600,450,154.05455017089844,32.44075393676758,47461
ISIC_6730312,600,450,142.5346221923828,40.611236572265625,26710
ISIC_6730946,600,450,140.0000762939453,13.013694763183594,25374
ISIC_6731532,600,450,138.16683959960938,29.900571823120117,35517
ISIC_6731947,600,450,135.72695922851562,28.299795150756836,37196
ISIC_6733219,600,450,108.90973663330078,48.65261459350586,52698
ISIC_6735110,600,450,146.76878356933594,56.830020904541016,29715
ISIC_6736703,600,450,216.397705078125,18.505401611328125,50371
ISIC_6738813,600,450,189.8291015625,41.85329818725586,25730
ISIC_6738908,600,450,167.8641357421875,20.65302276611328,26534
ISIC_6739483,600,450,169.0697021484375,16.728883743286133,21235
ISIC_6739511,600,450,128.66790771484375,33.62977981567383,41320
ISIC_6744907,600,450,142.21575927734375,40.93442916870117,38432
ISIC_6745607,600,450,158.54769897460938,37.36085510253906,24701
ISIC_6746042,600,450,156.43374633789062,27.043249130249023,41025
ISIC_6746536,600,450,127.05807495117188,40.81643295288086,56918
ISIC_6747251,600,450,144.74789428710938,22.990488052368164,27503
ISIC_6747832,600,450,142.27027893066406,9.964911460876465,17077
ISIC_6747902,600,450,163.65248107910156,17.97655487060547,17991
ISIC_6747915,600,450,137.55618286132812,22.153059005737305,27374
ISIC_6748152,600,450,143.9232635498047,18.802515029907227,17668
ISIC_6748737,600,450,125.41278076171875,34.83509063720703,44808
ISIC_6748961,600,450,132.25462341308594,31.399076461791992,56098
ISIC_6749742,600,450,141.5702362060547,48.94435119628906,36971
ISIC_6751355,600,450,158.4303436279297,26.28217887878418,23619
ISIC_6751695,600,450,137.4752960205078,36.32044219970703,33291
ISIC_6752467,600,450,147.47727966308594,48.033836364746094,47257
ISIC_6753928,600,450,125.69318389892578,35.15567398071289,29116
ISIC_6754024,600,450,185.3993682861328,31.167545318603516,35786
ISIC_6754150,600,450,137.45742797851562,22.390470504760742,29131
ISIC_6755281,600,450,155.71014404296875,24.306034088134766,25793
ISIC_6756079,600,450,141.8658905029297,29.6317138671875,31622
ISIC_6757914,600,450,153.57070922851562,21.739595413208008,26535
ISIC_6759359,600,450,168.3434295654297,18.890804290771484,25571
ISIC_6760472,600,450,161.1215362548828,41.2607307434082,46782
ISIC_6760541,600,450,117.9538803100586,30.96170997619629,29401
ISIC_6761603,600,450,110.47808074951172,37.91514587402344,46307
ISIC_6761948,600,450,126.39642333984375,32.0320930480957,40083
ISIC_6765536,600,450,166.6178741455078,21.181337356567383,18257
ISIC_6765907,600,450,137.97962951660156,37.979347229003906,36837
ISIC_6767738,600,450,152.4786834716797,26.587162017822266,40059
ISIC_6769979,600,450,114.98065948486328,39.70681381225586,34019
ISIC_6770901,600,450,136.85435485839844,38.0927619934082,31874
ISIC_6771167,600,450,147.32432556152344,46.08879089355469,21326
ISIC_6771998,600,450,158.67431640625,21.82208251953125,21399
ISIC_6773425,600,450,120.82241821289062,41.58048629760742,48295
ISIC_6773668,600,450,222.26800537109375,27.126232147216797,24827
ISIC_6775433,600,450,127.84998321533203,25.395727157592773,28805
ISIC_6775663,600,450,201.6787109375,23.58199119567871,20484
ISIC_6777374,600,450,116.78224182128906,32.138404846191406,31913
ISIC_6780849,600,450,132.90322875976562,48.60611343383789,37239
ISIC_6780966,600,450,166.7100067138672,46.03251647949219,23136
ISIC_6781208,600,450,143.32484436035156,12.908615112304688,18266
ISIC_6782031,600,450,145.38026428222656,47.578819274902344,26432
ISIC_6782350,600,450,117.10399627685547,41.3082389831543,41015
ISIC_6783253,600,450,156.32203674316406,30.696001052856445,28310
ISIC_6784471,600,450,136.20094299316406,33.622642517089844,42192
ISIC_6785657,600,450,143.88198852539062,25.847501754760742,24806
ISIC_6786577,600,450,176.5701141357422,19.748991012573242,36326
ISIC_6787367,600,450,152.73460388183594,35.71765899658203,31921
ISIC_6788333,600,450,168.95266723632812,26.730588912963867,18690
ISIC_6788918,600,450,115.0869140625,45.34480667114258,49951
ISIC_6789387,600,450,122.56331634521484,38.9088020324707,30656
ISIC_6790299,600,450,131.97772216796875,23.979562759399414,39068
ISIC_6790517,600,450,134.75765991210938,30.718095779418945,35283
ISIC_6791466,600,450,189.96701049804688,29.73163414001465,21855
ISIC_6792624,600,450,131.39366149902344,37.310428619384766,47007
ISIC_6795403,600,450,118.18490600585938,43.93260192871094,47683
ISIC_6795963,600,450,153.26434326171875,18.449602127075195,22626
ISIC_6796955,600,450,198.33749389648438,21.218496322631836,25088
ISIC_6801081,600,450,157.9932403564453,35.27056121826172,34051
ISIC_6803790,600,450,150.18946838378906,24.473215103149414,33978
ISIC_6806266,600,450,145.64654541015625,29.71238899230957,30164
ISIC_6806797,600,450,155.46096801757812,46.262264251708984,53853
ISIC_6806931,600,450,174.67274475097656,20.65869903564453,37198
ISIC_6810372,600,450,113.18656158447266,47.333656311035156,39457
ISIC_6810466,600,450,130.33078002929688,34.86070251464844,40279
ISIC_6814138,600,450,134.6822052001953,27.560516357421875,52270
ISIC_6818303,600,450,139.34445190429688,28.94693374633789,29950
ISIC_6818815,600,450,138.04025268554688,40.823509216308594,41271
ISIC_6819573,600,450,142.76089477539062,30.12444305419922,29682
ISIC_6819805,600,450,154.43966674804688,28.214704513549805,22890
ISIC_6820101,600,450,131.1436309814453,38.643463134765625,57802
ISIC_6822533,600,450,183.0277862548828,20.034563064575195,20061
ISIC_6823624,600,450,106.74870300292969,44.599544525146484,41937
ISIC_6823826,600,450,138.30654907226562,29.308170318603516,31484
ISIC_6824445,600,450,103.0602798461914,28.913599014282227,35758
ISIC_6825359,600,450,165.63790893554688,24.777278900146484,14804
ISIC_6827856,600,450,135.82093811035156,40.24843978881836,46763
ISIC_6827974,600,450,148.5172576904297,13.648211479187012,23010
ISIC_6829175,600,450,123.62699890136719,41.991390228271484,36767
ISIC_6831182,600,450,121.03491973876953,32.73324203491211,41432
ISIC_6831651,600,450,126.93608856201172,23.19451332092285,29105
ISIC_6831946,600,450,138.04754638671875,43.398948669433594,35646
ISIC_6833525,600,450,131.2053985595703,47.7796516418457,22705
ISIC_6834207,600,450,123.30376434326172,28.49698257446289,41975
ISIC_6835241,600,450,194.6625213623047,39.81016540527344,23364
ISIC_6838452,600,450,135.90333557128906,43.51218795776367,53117
ISIC_6838890,600,450,119.49789428710938,26.592374801635742,17474
ISIC_6841057,600,450,81.46258544921875,54.151615142822266,29436
ISIC_6842250,600,450,134.30361938476562,36.441776275634766,31941
ISIC_6842565,600,450,139.8296356201172,40.26443862915039,26169
ISIC_6842700,600,450,133.61959838867188,20.317419052124023,36745
ISIC_6843004,600,450,132.4844207763672,40.16572189331055,37426
ISIC_6843700,600,450,165.8861083984375,32.04341125488281,21774
ISIC_6844081,600,450,159.75616455078125,42.825584411621094,30024
ISIC_6845294,600,450,154.80609130859375,30.829769134521484,24490
ISIC_6846051,600,450,111.1560287475586,23.695167541503906,24942
ISIC_6846246,600,450,115.19283294677734,44.583736419677734,38946
ISIC_6847081,600,450,172.97825622558594,42.92991256713867,43846
ISIC_6847930,600,450,128.02505493164062,34.81098937988281,52378
ISIC_6849103,600,450,80.20618438720703,37.90617370605469,17582
ISIC_6851212,600,450,120.96475982666016,42.761268615722656,38828
ISIC_6852771,600,450,146.47340393066406,22.45929718017578,16020
ISIC_6853529,600,450,136.7720489501953,29.508085250854492,35703
ISIC_6854604,600,450,169.6053009033203,27.0408878326416,31163
ISIC_6854833,600,450,122.75837707519531,49.08436584472656,41259
ISIC_6855467,600,450,124.31824493408203,50.86634063720703,46565
ISIC_6856028,600,450,129.65289306640625,26.575973510742188,31139
ISIC_6857013,600,450,194.66000366210938,32.21135711669922,35006
ISIC_6857782,600,450,149.6017608642578,31.847280502319336,25329
ISIC_6860247,600,450,190.52963256835938,44.650909423828125,40814
ISIC_6860570,600,450,117.3416519165039,29.899423599243164,32796
ISIC_6860942,600,450,135.97293090820312,35.85704040527344,41792
ISIC_6861920,600,450,155.8566436767578,36.6624755859375,35899
ISIC_6862130,600,450,148.1171417236328,41.726402282714844,71334
ISIC_6862838,600,450,99.66291046142578,30.785429000854492,25334
ISIC_6863789,600,450,107.7265396118164,26.95250701904297,35115
ISIC_6863904,600,450,123.03115844726562,20.91029167175293,25163
ISIC_6866299,600,450,159.2997283935547,29.873849868774414,21377
ISIC_6866490,600,450,124.87431335449219,39.72667694091797,42362
ISIC_6869534,600,450,130.54592895507812,36.3967170715332,38922
ISIC_6871088,600,450,119.54850006103516,42.546810150146484,45354
ISIC_6872166,600,450,136.65560913085938,47.086334228515625,41380
ISIC_6872189,600,450,139.18695068359375,32.87075424194336,39469
ISIC_6873786,600,450,182.37376403808594,50.11753845214844,18586
ISIC_6874373,600,450,173.2491912841797,33.07672119140625,27933
ISIC_6874595,600,450,152.33517456054688,31.613651275634766,59421
ISIC_6875256,600,450,151.18081665039062,22.001495361328125,17285
ISIC_6875407,600,450,163.93667602539062,24.90093231201172,21522
ISIC_6875484,600,450,142.84799194335938,26.710237503051758,41625
ISIC_6877985,600,450,151.87628173828125,26.745412826538086,27184
ISIC_6881361,600,450,164.83570861816406,28.21696662902832,22880
ISIC_6881589,600,450,146.95089721679688,26.043813705444336,25744
ISIC_6881975,600,450,130.63153076171875,35.10987091064453,48855
ISIC_6881977,600,450,138.01454162597656,28.153339385986328,29444
ISIC_6883494,600,450,114.26708221435547,48.652992248535156,48268
ISIC_6884836,600,450,147.66836547851562,11.937026977539062,16274
ISIC_6886017,600,450,187.89285278320312,12.949234962463379,22633
ISIC_6886169,600,450,182.84808349609375,62.61810302734375,32994
ISIC_6886883,600,450,102.94913482666016,27.943342208862305,31550
ISIC_6887594,600,450,154.16317749023438,36.646297454833984,27575
ISIC_6888436,600,450,124.88819885253906,40.39585494995117,35615
ISIC_6890394,600,450,146.27317810058594,26.661901473999023,25613
ISIC_6890536,600,450,164.40907287597656,25.81173324584961,28481
ISIC_6891841,600,450,130.89100646972656,39.04417037963867,17791
ISIC_6892423,600,450,109.03084564208984,37.06196594238281,37274
ISIC_6893384,600,450,118.82931518554688,36.49861526489258,42992
ISIC_6895047,600,450,164.0872344970703,21.1943359375,35529
ISIC_6895079,600,450,151.92376708984375,25.50660514831543,26670
ISIC_6896664,600,450,130.98052978515625,22.886667251586914,30641
ISIC_6897010,600,450,161.61651611328125,14.853654861450195,17576
ISIC_6898183,600,450,148.22265625,21.073551177978516,20933
ISIC_6899811,600,450,135.85800170898438,27.164440155029297,26833
ISIC_6900216,600,450,128.550537109375,49.68975830078125,49817
ISIC_6900639,600,450,123.55232238769531,35.80549240112305,38912
ISIC_6900958,600,450,134.14114379882812,24.950756072998047,30107
ISIC_6901509,600,450,152.9174346923828,59.43622589111328,38533
ISIC_6901642,600,450,117.38170623779297,41.42456817626953,23244
ISIC_6904480,600,450,67.25212097167969,31.95652198791504,24351
ISIC_6904950,600,450,144.94644165039062,20.974498748779297,22921
ISIC_6905596,600,450,175.43505859375,22.879776000976562,26811
ISIC_6906027,600,450,114.82250213623047,42.91802978515625,41103
ISIC_6906298,600,450,131.73191833496094,33.696067810058594,42043
ISIC_6907436,600,450,152.97401428222656,30.616798400878906,25554
ISIC_6908533,600,450,166.45724487304688,41.14374542236328,25961
ISIC_6908565,600,450,110.66292572021484,45.57159423828125,50232
ISIC_6909525,600,450,135.2196807861328,20.62188720703125,27485
ISIC_6910029,600,450,146.51539611816406,13.935480117797852,20594
ISIC_6910330,600,450,168.41578674316406,41.77751922607422,37832
ISIC_6914066,600,450,122.01155853271484,33.92987823486328,42724
ISIC_6914336,600,450,134.72242736816406,28.844284057617188,38702
ISIC_6914473,600,450,127.66535949707031,44.03163146972656,32467
ISIC_6915298,600,450,159.18630981445312,35.140525817871094,25078
ISIC_6918071,600,450,111.08329772949219,45.41338348388672,43925
ISIC_6919219,600,450,138.49240112304688,47.146480560302734,30827
ISIC_6919900,600,450,150.00502014160156,59.59080123901367,15672
ISIC_6921970,600,450,101.80271911621094,46.39937973022461,42615
ISIC_6924218,600,450,166.1588897705078,15.486953735351562,20007
ISIC_6925418,600,450,139.6064453125,30.674190521240234,28208
ISIC_6926304,600,450,165.38314819335938,30.261476516723633,37323
ISIC_6927702,600,450,112.15447998046875,40.542903900146484,57931
ISIC_6930203,600,450,140.00462341308594,22.545833587646484,22895
ISIC_6931788,600,450,119.06037902832031,38.20940399169922,35659
ISIC_6932479,600,450,128.38417053222656,35.48080062866211,44226
ISIC_6932845,600,450,148.92515563964844,35.13768005371094,27105
ISIC_6933070,600,450,153.09356689453125,27.25775146484375,25014
ISIC_6933511,600,450,141.57308959960938,33.01387405395508,34398
ISIC_6933572,600,450,154.56500244140625,28.776222229003906,30885
ISIC_6933675,600,450,111.41785430908203,38.2485237121582,44159
ISIC_6934066,600,450,145.4526824951172,34.774906158447266,47838
ISIC_6934396,600,450,154.242919921875,27.901033401489258,23683
ISIC_6934564,600,450,128.04092407226562,29.7364444732666,42330
ISIC_6934851,600,450,155.40386962890625,29.739503860473633,42222
ISIC_6935679,600,450,151.09437561035156,18.626245498657227,22864
ISIC_6935765,600,450,148.00369262695312,25.64347267150879,37155
ISIC_6936062,600,450,168.74078369140625,30.14443588256836,40253
ISIC_6936754,600,450,126.59835815429688,17.090625762939453,19575
ISIC_6936920,600,450,162.94183349609375,22.104564666748047,17126
ISIC_6938390,600,450,175.6746826171875,26.00518798828125,28237
ISIC_6938441,600,450,132.16258239746094,25.23535919189453,24779
ISIC_6938646,600,450,117.91585540771484,24.194843292236328,24181
ISIC_6938902,600,450,135.6504364013672,36.43671417236328,41482
ISIC_6939444,600,450,132.83470153808594,34.78639221191406,35477
ISIC_6940173,600,450,170.15289306640625,22.798486709594727,17083
ISIC_6940478,600,450,153.31893920898438,29.118371963500977,22981
ISIC_6941286,600,450,106.64797973632812,46.071632385253906,49309
ISIC_6941420,600,450,147.1514434814453,40.43447494506836,31693
ISIC_6942468,600,450,124.12394714355469,23.09536361694336,38674
ISIC_6943109,600,450,178.11282348632812,23.927698135375977,24577
ISIC_6943209,600,450,135.81256103515625,21.795427322387695,24895
ISIC_6943256,600,450,142.68336486816406,28.64261245727539,24437
ISIC_6945898,600,450,156.02684020996094,19.478166580200195,19560
ISIC_6946162,600,450,127.87779998779297,42.71023941040039,41055
ISIC_6946678,600,450,133.75914001464844,21.688716888427734,27346
ISIC_6949754,600,450,130.25062561035156,24.49524688720703,24569
ISIC_6950225,600,450,215.86773681640625,25.29393768310547,34291
ISIC_6952094,600,450,151.04920959472656,45.29507827758789,27439
ISIC_6952620,600,450,112.68462371826172,40.705474853515625,25961
ISIC_6952812,600,450,172.27919006347656,57.81254196166992,38383
ISIC_6953221,600,450,150.98037719726562,22.192649841308594,26815
ISIC_6954063,600,450,189.38165283203125,45.7109489440918,24001
ISIC_6954599,600,450,147.30819702148438,37.35718536376953,42367
ISIC_6955501,600,450,157.45269775390625,22.14093017578125,29933
ISIC_6956876,600,450,140.8169708251953,28.031248092651367,29899
ISIC_6957053,600,450,136.01312255859375,38.93233871459961,34493
ISIC_6957886,600,450,135.06814575195312,49.140499114990234,52816
ISIC_6958809,600,450,152.0148468017578,22.965646743774414,24738
ISIC_6958882,600,450,151.42129516601562,27.276460647583008,25446
ISIC_6958939,600,450,161.23031616210938,46.2199592590332,32550
ISIC_6959082,600,450,132.5341033935547,18.444040298461914,25844
ISIC_6960107,600,450,134.10745239257812,38.06724166870117,33892
ISIC_6963673,600,450,159.17578125,61.949989318847656,29243
ISIC_6964854,600,450,145.99330139160156,29.9691219329834,42159
ISIC_6965635,600,450,171.98988342285156,35.054542541503906,23643
ISIC_6966227,600,450,133.40008544921875,24.634723663330078,36608
ISIC_6966608,600,450,134.58038330078125,43.0266227722168,48536
ISIC_6967166,600,450,102.35102844238281,36.825443267822266,55942
ISIC_6967255,600,450,131.21649169921875,38.75696563720703,45320
ISIC_6968104,600,450,134.71636962890625,35.27094650268555,41180
ISIC_6968526,600,450,104.38048553466797,36.55344009399414,70600
ISIC_6969322,600,450,170.8993377685547,22.44585418701172,35989
ISIC_6970817,600,450,119.75144958496094,32.65464401245117,22716
ISIC_6970909,600,450,149.7570037841797,46.32732009887695,37201
ISIC_6971136,600,450,125.65574645996094,38.52293395996094,28329
ISIC_6972742,600,450,146.17652893066406,42.31729507446289,25751
ISIC_6973783,600,450,147.41139221191406,44.14768981933594,35795
ISIC_6976701,600,450,132.75123596191406,21.53203582763672,24720
ISIC_6977117,600,450,147.5981903076172,30.357662200927734,31910
ISIC_6977201,600,450,136.99147033691406,41.34962844848633,45753
ISIC_6977564,600,450,131.06936645507812,35.07991409301758,46907
ISIC_6981576,600,450,118.76164245605469,39.59505844116211,23295
ISIC_6982597,600,450,159.92230224609375,33.18570327758789,27857
ISIC_6983648,600,450,121.99618530273438,33.383541107177734,35953
ISIC_6984049,600,450,121.68010711669922,34.047821044921875,41508
ISIC_6984699,600,450,110.86955261230469,35.8820686340332,20319
ISIC_6987320,600,450,159.8340301513672,57.66524887084961,32070
ISIC_6989179,600,450,156.53968811035156,16.308429718017578,15481
ISIC_6989617,600,450,152.34014892578125,20.91280746459961,22954
ISIC_6990939,600,450,159.78883361816406,39.43333053588867,22504
ISIC_6990978,600,450,118.98694610595703,23.73444175720215,21164
ISIC_6991585,600,450,104.91764831542969,44.798622131347656,35618
ISIC_6992532,600,450,167.69285583496094,23.650936126708984,42627
ISIC_6993040,600,450,162.58502197265625,51.6604118347168,25634
ISIC_6993481,600,450,139.0809783935547,21.252140045166016,21578
ISIC_6995667,600,450,152.8138885498047,29.989938735961914,42067
ISIC_6995669,600,450,127.60411071777344,47.129676818847656,27644
ISIC_6996440,600,450,155.40325927734375,47.85161209106445,58601
ISIC_6997256,600,450,121.53748321533203,44.501060485839844,60658
ISIC_6999728,600,450,157.84844970703125,23.094663619995117,23658
ISIC_6999928,600,450,161.89552307128906,27.705060958862305,24432
ISIC_7000928,600,450,143.61395263671875,31.34556007385254,37332
ISIC_7001987,600,450,131.6552734375,33.182716369628906,38096
ISIC_7002238,600,450,133.25389099121094,31.395414352416992,35277
ISIC_7003219,600,450,147.73158264160156,16.985631942749023,20593
ISIC_7004185,600,450,127.39386749267578,33.31592559814453,43270
ISIC_7005364,600,450,139.6505126953125,27.30971908569336,34565
ISIC_7005663,600,450,127.93693542480469,38.00752639770508,47422
ISIC_7005808,600,450,113.19035339355469,37.88240432739258,48789
ISIC_7006091,600,450,120.20873260498047,38.17020797729492,31892
ISIC_7006889,600,450,117.11304473876953,41.150672912597656,27631
ISIC_7006971,600,450,155.056884765625,38.76780319213867,42816
ISIC_7008068,600,450,168.57919311523438,31.161096572875977,25270
ISIC_7009394,600,450,150.57569885253906,19.483936309814453,25494
ISIC_7009788,600,450,149.6508026123047,21.326936721801758,20546
ISIC_7015879,600,450,121.42024993896484,45.23958206176758,24047
ISIC_7016834,600,450,165.8219451904297,27.82911491394043,26208
ISIC_7016980,600,450,124.49238586425781,40.1521110534668,45227
ISIC_7017469,600,450,89.24166107177734,51.915855407714844,28959
ISIC_7018101,600,450,153.02227783203125,32.41478729248047,20913
ISIC_7020196,600,450,158.87400817871094,38.958072662353516,33011
ISIC_7023633,600,450,147.19949340820312,24.825780868530273,24920
ISIC_7029533,600,450,164.46331787109375,29.855850219726562,23897
ISIC_7029585,600,450,133.2593231201172,40.94317626953125,45730
ISIC_7030907,600,450,167.52122497558594,13.437976837158203,17295
ISIC_7030953,600,450,128.2492218017578,36.480411529541016,25198
ISIC_7031050,600,450,125.04448699951172,35.85004425048828,36540
ISIC_7032433,600,450,134.51284790039062,33.1502571105957,30972
ISIC_7033406,600,450,141.2821502685547,31.982709884643555,36570
ISIC_7034446,600,450,126.60868072509766,42.863182067871094,50856
ISIC_7034620,600,450,162.20791625976562,24.96988296508789,24341
ISIC_7035620,600,450,130.17428588867188,38.098201751708984,51450
ISIC_7037056,600,450,177.27273559570312,33.24437713623047,31576
ISIC_7038723,600,450,158.5679931640625,58.44844055175781,61257
ISIC_7040859,600,450,149.29409790039062,35.23889923095703,31425
ISIC_7041996,600,450,142.87014770507812,68.50222778320312,20903
ISIC_7042361,600,450,140.32203674316406,54.56559753417969,30459
ISIC_7042940,600,450,179.18898010253906,51.26005935668945,27066
ISIC_7043547,600,450,173.4987030029297,31.069969177246094,45072
ISIC_7044118,600,450,144.0437469482422,18.488656997680664,21169
ISIC_7044269,600,450,104.58100128173828,49.32023239135742,66364
ISIC_7045012,600,450,150.48294067382812,40.166595458984375,28274
ISIC_7046064,600,450,139.29644775390625,33.74022674560547,32806
ISIC_7047367,600,450,155.2261962890625,28.51445960998535,51100
ISIC_7047621,600,450,131.5738067626953,22.60629653930664,25419
ISIC_7050719,600,450,132.72618103027344,29.38863754272461,32525
ISIC_7051147,600,450,156.97927856445312,37.227142333984375,28138
ISIC_7051193,600,450,137.17245483398438,43.11900329589844,34685
ISIC_7053064,600,450,155.4094696044922,64.79124450683594,31209
ISIC_7053200,600,450,151.20022583007812,21.321393966674805,29521
ISIC_7056997,600,450,124.07472229003906,47.250728607177734,36885
ISIC_7057641,600,450,101.04239654541016,49.14228057861328,53850
ISIC_7058677,600,450,130.04551696777344,41.46897888183594,41562
ISIC_7059546,600,450,137.12509155273438,26.8055477142334,29724
ISIC_7061593,600,450,121.2776107788086,25.738407135009766,28021
ISIC_7063713,600,450,126.7796630859375,23.972606658935547,27508
ISIC_7065051,600,450,149.90408325195312,39.18927001953125,46042
ISIC_7067801,600,450,120.2464599609375,27.921611785888672,26062
ISIC_7067948,600,450,147.82595825195312,23.255401611328125,26331
ISIC_7070121,600,450,151.12652587890625,21.313899993896484,38974
ISIC_7070387,600,450,113.53292083740234,49.2319221496582,60233
ISIC_7072308,600,450,197.9474334716797,44.22603988647461,31305
ISIC_7072857,600,450,144.1133575439453,39.088600158691406,21298
ISIC_7074302,600,450,118.0582504272461,21.376110076904297,23972
ISIC_7074658,600,450,140.12721252441406,24.09943199157715,22095
ISIC_7075127,600,450,171.2997283935547,34.02292251586914,30999
ISIC_7076572,600,450,153.60879516601562,36.55363464355469,47596
ISIC_7077229,600,450,167.64894104003906,42.261497497558594,30672
ISIC_7077927,600,450,94.44038391113281,30.783794403076172,31390
ISIC_7078711,600,450,146.74746704101562,27.147592544555664,28060
ISIC_7079105,600,450,102.90680694580078,70.32125091552734,30132
ISIC_7079437,600,450,124.26215362548828,40.13075256347656,42632
ISIC_7080457,600,450,123.90745544433594,32.39421081542969,30014
ISIC_7081739,600,450,158.7267608642578,34.06529235839844,25756
ISIC_7081965,600,450,133.59190368652344,38.740997314453125,40423
ISIC_7082655,600,450,103.33578491210938,35.965126037597656,64841
ISIC_7082726,600,450,142.19570922851562,33.662349700927734,40709
ISIC_7083773,600,450,141.13844299316406,17.014738082885742,20901
ISIC_7085591,600,450,124.04670715332031,55.910003662109375,21620
ISIC_7087826,600,450,117.46868133544922,29.953134536743164,30392
ISIC_7090643,600,450,162.62364196777344,36.89131164550781,33202
ISIC_7090951,600,450,177.07852172851562,48.0120849609375,26811
ISIC_7094095,600,450,116.17499542236328,50.62987518310547,41170
ISIC_7095135,600,450,145.66700744628906,42.817630767822266,38453
ISIC_7096292,600,450,167.45468139648438,26.94921112060547,44124
ISIC_7096753,600,450,127.6239013671875,26.355337142944336,43976
ISIC_7097983,600,450,92.87823486328125,43.6358757019043,40645
ISIC_7100195,600,450,131.68060302734375,27.102216720581055,16955
ISIC_7100479,600,450,127.27205657958984,44.955604553222656,43506
ISIC_7101608,600,450,192.48666381835938,38.90208053588867,26985
ISIC_7101909,600,450,159.1775665283203,39.03715896606445,24335
ISIC_7103694,600,450,128.1153564453125,32.25640106201172,34032
ISIC_7105831,600,450,125.35796356201172,46.77901077270508,29491
ISIC_7105876,600,450,156.9328155517578,21.473621368408203,24681
ISIC_7105949,600,450,155.9270782470703,27.2435302734375,22643
ISIC_7106496,600,450,123.50447082519531,42.140419006347656,48409
ISIC_7108710,600,450,126.38660430908203,44.483524322509766,34750
ISIC_7109494,600,450,129.71466064453125,31.41136932373047,28426
ISIC_7110025,600,450,152.56967163085938,26.892040252685547,23086
ISIC_7110078,600,450,155.89402770996094,33.6058235168457,46351
ISIC_7110194,600,450,107.06423950195312,44.599979400634766,47567
ISIC_7110687,600,450,206.81541442871094,35.19183349609375,28946
ISIC_7111015,600,450,128.5998077392578,43.85727310180664,37528
ISIC_7112529,600,450,163.14776611328125,39.20716857910156,44122
ISIC_7112600,600,450,130.88525390625,23.238340377807617,30004
ISIC_7113721,600,450,124.3155746459961,37.8412971496582,46587
ISIC_7114135,600,450,138.36961364746094,34.42119216918945,54185
ISIC_7115215,600,450,134.01536560058594,47.411842346191406,47770
ISIC_7115768,600,450,193.8151092529297,45.778472900390625,32617
ISIC_7115858,600,450,119.86311340332031,29.126426696777344,49802
ISIC_7116014,600,450,159.57754516601562,51.96712875366211,29466
ISIC_7116414,600,450,138.65895080566406,35.976619720458984,32082
ISIC_7116804,600,450,161.37945556640625,35.58366775512695,29190
ISIC_7116818,600,450,145.16835021972656,53.021148681640625,23051
ISIC_7117439,600,450,118.25799560546875,42.50417709350586,46667
ISIC_7117747,600,450,119.16817474365234,32.79209518432617,32034
ISIC_7118545,600,450,136.13491821289062,27.892322540283203,43905
ISIC_7119069,600,450,107.39842224121094,64.5475845336914,33597
ISIC_7119768,600,450,115.43914031982422,43.35734558105469,42962
ISIC_7119882,600,450,154.8131561279297,25.88920783996582,22103
ISIC_7122420,600,450,176.81161499023438,37.89579772949219,48414
ISIC_7124407,600,450,149.21653747558594,31.158790588378906,15260
ISIC_7126369,600,450,138.53880310058594,21.43912124633789,23448
ISIC_7127801,600,450,126.30913543701172,39.67720413208008,36909
ISIC_7128280,600,450,155.72512817382812,35.711830139160156,38588
ISIC_7132196,600,450,143.39808654785156,15.176615715026855,19683
ISIC_7133516,600,450,142.3757781982422,43.843475341796875,58232
ISIC_7134919,600,450,172.0027618408203,44.68128967285156,32279
ISIC_7135182,600,450,126.43792724609375,42.386112213134766,40082
ISIC_7136010,600,450,159.0761260986328,12.236076354980469,31681
ISIC_7137132,600,450,115.40890502929688,51.412498474121094,48106
ISIC_7137645,600,450,129.00779724121094,53.76625061035156,33627
ISIC_7138482,600,450,158.07220458984375,34.300533294677734,30339
ISIC_7138580,600,450,153.2199249267578,49.083560943603516,34421
ISIC_7138691,600,450,136.88636779785156,26.850866317749023,42895
ISIC_7139452,600,450,144.87010192871094,42.996543884277344,27159
ISIC_7139592,600,450,192.10765075683594,31.97905158996582,26853
ISIC_7139633,600,450,177.48532104492188,25.862842559814453,31233
ISIC_7140185,600,450,142.98753356933594,31.224143981933594,34807
ISIC_7140233,600,450,156.79673767089844,32.645999908447266,41278
ISIC_7142689,600,450,134.4255828857422,64.90530395507812,48337
ISIC_7142949,600,450,127.68659973144531,54.57527542114258,32585
ISIC_7143220,600,450,158.6949005126953,27.37294578552246,33665
ISIC_7143311,600,450,109.19757080078125,28.869686126708984,44738
ISIC_7143359,600,450,158.020263671875,59.849674224853516,32397
ISIC_7144270,600,450,136.6774139404297,38.258811950683594,38020
ISIC_7144571,600,450,84.6351089477539,21.755874633789062,32683
ISIC_7145117,600,450,176.06585693359375,44.980987548828125,50282
ISIC_7146069,600,450,168.7442169189453,35.22853088378906,31683
ISIC_7147780,600,450,129.0750732421875,31.08706283569336,46288
ISIC_7148211,600,450,129.5364990234375,52.805904388427734,41137
ISIC_7148236,600,450,144.95706176757812,37.654258728027344,40229
ISIC_7149626,600,450,137.37167358398438,56.05117416381836,28707
ISIC_7150018,600,450,134.38462829589844,43.98786926269531,34253
ISIC_7150655,600,450,118.8170166015625,36.129493713378906,35868
ISIC_7151709,600,450,140.47569274902344,43.258460998535156,46616
ISIC_7151845,600,450,139.72154235839844,28.019514083862305,36741
ISIC_7152699,600,450,132.5582275390625,32.457481384277344,52998
ISIC_7153501,600,450,165.73992919921875,22.704620361328125,19048
ISIC_7154038,600,450,170.41220092773438,28.250646591186523,23276
ISIC_7155383,600,450,145.4150390625,28.448537826538086,30435
ISIC_7155489,600,450,170.40740966796875,29.426353454589844,37603
ISIC_7161171,600,450,126.76081085205078,44.101715087890625,49933
ISIC_7162187,600,450,145.68333435058594,31.721086502075195,33144
ISIC_7162704,600,450,96.37935638427734,40.95778274536133,15677
ISIC_7168635,600,450,104.76628112792969,44.296146392822266,50849
ISIC_7169372,600,450,171.81507873535156,33.638511657714844,26317
ISIC_7170025,600,450,179.09971618652344,44.8488655090332,24659
ISIC_7171875,600,450,166.90603637695312,12.376688003540039,21290
ISIC_7173478,600,450,126.79972076416016,41.24794006347656,44875
ISIC_7174859,600,450,184.86776733398438,34.29439926147461,24433
ISIC_7174866,600,450,183.446044921875,19.021024703979492,30999
ISIC_7176018,600,450,143.61524963378906,34.840824127197266,38950
ISIC_7176434,600,450,142.15150451660156,26.777711868286133,28301
ISIC_7176466,600,450,155.8553924560547,42.367279052734375,17753
ISIC_7177310,600,450,116.11320495605469,38.34878158569336,36226
ISIC_7179951,600,450,156.40391540527344,17.64966583251953,34171
ISIC_7179957,600,450,126.81791687011719,20.662538528442383,36297
ISIC_7184100,600,450,131.9696044921875,43.22714614868164,42842
ISIC_7184709,600,450,111.13706970214844,34.205379486083984,26118
ISIC_7185462,600,450,117.23399353027344,49.20116424560547,38096
ISIC_7185513,600,450,123.12166595458984,43.9989128112793,42601
ISIC_7188142,600,450,128.9924774169922,37.989532470703125,33497
ISIC_7188705,600,450,146.72677612304688,18.94560432434082,22965
ISIC_7188767,600,450,137.6634521484375,32.01352310180664,35027
ISIC_7189150,600,450,171.3575439453125,50.78740692138672,37141
ISIC_7189526,600,450,155.37335205078125,27.596084594726562,20814
ISIC_7190000,600,450,147.95962524414062,39.7634162902832,34048
ISIC_7193606,600,450,154.19735717773438,19.759164810180664,21465
ISIC_7194453,600,450,163.46273803710938,25.127105712890625,30503
ISIC_7195517,600,450,173.5729217529297,45.61714553833008,42700
ISIC_7196937,600,450,124.75997924804688,26.187210083007812,25134
ISIC_7196976,600,450,150.80555725097656,17.416107177734375,35464
ISIC_7197136,600,450,135.8345947265625,28.933427810668945,41823
ISIC_7197327,600,450,120.72929382324219,41.547889709472656,41965
ISIC_7198657,600,450,140.48878479003906,46.542205810546875,29741
ISIC_7198900,600,450,154.63323974609375,36.391441345214844,35165
ISIC_7200132,600,450,173.71630859375,21.105228424072266,18561
ISIC_7200189,600,450,171.19845581054688,55.399620056152344,35801
ISIC_7200761,600,450,177.5856170654297,60.91274642944336,33306
ISIC_7201198,600,450,148.72035217285156,38.287635803222656,21951
ISIC_7201806,600,450,154.33380126953125,36.40662384033203,35723
ISIC_7202617,600,450,167.33543395996094,37.6451416015625,27622
ISIC_7204351,600,450,147.64956665039062,26.122459411621094,36890
ISIC_7204645,600,450,140.6244659423828,37.508018493652344,28829
ISIC_7206020,600,450,152.39071655273438,30.112640380859375,18944
ISIC_7206161,600,450,116.5584716796875,27.238197326660156,28911
ISIC_7206588,600,450,190.6245574951172,44.01280212402344,24075
ISIC_7206801,600,450,143.69439697265625,11.462897300720215,20047
ISIC_7207387,600,450,127.80604553222656,38.64908981323242,57854
ISIC_7207962,600,450,136.24661254882812,48.43814468383789,16884
ISIC_7208610,600,450,168.77767944335938,38.96844482421875,44572
ISIC_7208631,600,450,159.66831970214844,29.725027084350586,22923
ISIC_7209186,600,450,126.9395980834961,39.86336898803711,36325
ISIC_7209964,600,450,160.583740234375,27.147899627685547,23929
ISIC_7213515,600,450,138.97657775878906,18.09610939025879,21271
ISIC_7214986,600,450,161.2917022705078,58.78963851928711,35985
ISIC_7215858,600,450,161.34918212890625,28.384803771972656,23777
ISIC_7216047,600,450,134.81814575195312,46.21587371826172,46477
ISIC_7216810,600,450,151.3557891845703,17.92758560180664,20705
ISIC_7217395,600,450,155.8612060546875,25.249475479125977,30415
ISIC_7218635,600,450,131.57769775390625,33.97960662841797,35158
ISIC_7221017,600,450,119.31419372558594,40.247066497802734,32312
ISIC_7222742,600,450,175.406494140625,29.54599952697754,30829
ISIC_7225132,600,450,152.31935119628906,25.138824462890625,41303
ISIC_7226778,600,450,164.66661071777344,39.605491638183594,39480
ISIC_7227216,600,450,137.75839233398438,43.590248107910156,17788
ISIC_7227276,600,450,125.17110443115234,30.707183837890625,33220
ISIC_7227677,600,450,143.7763214111328,66.35266876220703,38725
ISIC_7227895,600,450,144.2078094482422,36.3929557800293,39963
ISIC_7230569,600,450,136.0450439453125,49.01325988769531,21673
ISIC_7231430,600,450,145.07107543945312,36.39495086669922,49189
ISIC_7231732,600,450,154.95904541015625,58.34447479248047,37395
ISIC_7232942,600,450,147.31353759765625,32.864322662353516,30035
ISIC_7234241,600,450,159.88011169433594,33.7100944519043,24684
ISIC_7235047,600,450,144.78158569335938,32.98947525024414,32406
ISIC_7235077,600,450,130.9293670654297,21.292848587036133,27783
ISIC_7235569,600,450,138.9711151123047,21.166141510009766,30961
ISIC_7235822,600,450,125.41780090332031,36.96664810180664,47124
ISIC_7236730,600,450,128.70547485351562,24.890735626220703,19880
ISIC_7236747,600,450,126.87166595458984,41.60316848754883,40475
ISIC_7237752,600,450,127.07474517822266,34.55227279663086,34164
ISIC_7238849,600,450,157.90884399414062,24.295866012573242,17191
ISIC_7239055,600,450,122.02775573730469,28.47010040283203,36853
ISIC_7241087,600,450,141.46664428710938,31.166975021362305,44291
ISIC_7241253,600,450,163.3499298095703,27.035472869873047,21869
ISIC_7241294,600,450,117.16992950439453,29.275188446044922,33454
ISIC_7242126,600,450,145.36080932617188,47.789310455322266,36143
ISIC_7242284,600,450,151.23265075683594,23.395889282226562,30097
ISIC_7242927,600,450,146.5909881591797,33.79303741455078,21504
ISIC_7243195,600,450,146.5857696533203,49.64546203613281,23497
ISIC_7243320,600,450,135.11488342285156,25.255165100097656,27195
ISIC_7243372,600,450,136.97799682617188,18.81133460998535,23119
ISIC_7243538,600,450,129.0606231689453,45.20509338378906,44221
ISIC_7245189,600,450,158.9425811767578,18.847118377685547,16459
ISIC_7246920,600,450,139.75912475585938,36.061378479003906,39275
ISIC_7247605,600,450,135.55718994140625,42.548484802246094,49536
ISIC_7247659,600,450,132.67213439941406,38.616722106933594,38191
ISIC_7248341,600,450,158.90676879882812,39.02561569213867,45482
ISIC_7250021,600,450,169.2996368408203,38.14365768432617,44218
ISIC_7251011,600,450,144.093017578125,18.328266143798828,21450
ISIC_7251638,600,450,148.25115966796875,29.269330978393555,23725
ISIC_7253697,600,450,146.97430419921875,31.44255828857422,41945
ISIC_7254042,600,450,116.09723663330078,38.02030944824219,31254
ISIC_7256008,600,450,145.00645446777344,28.883764266967773,23778
ISIC_7256290,600,450,132.23291015625,37.504337310791016,31694
ISIC_7256474,600,450,155.66990661621094,43.764591217041016,50587
ISIC_7257043,600,450,110.70116424560547,45.770137786865234,30743
ISIC_7259000,600,450,132.67735290527344,21.92157745361328,19998
ISIC_7261168,600,450,188.51364135742188,24.86954689025879,37361
ISIC_7261525,600,450,160.80340576171875,34.714210510253906,22381
ISIC_7263241,600,450,130.84613037109375,30.989883422851562,27899
ISIC_7264785,600,450,141.90655517578125,14.354391098022461,21513
ISIC_7265211,600,450,112.93048858642578,20.866472244262695,26031
ISIC_7266198,600,450,141.26304626464844,34.904232025146484,30362
ISIC_7267324,600,450,128.7838592529297,42.156795501708984,38486
ISIC_7268085,600,450,157.14004516601562,34.038291931152344,36908
ISIC_7271415,600,450,122.39285278320312,47.168819427490234,45965
ISIC_7271787,600,450,111.19221496582031,39.36826705932617,31728
ISIC_7272469,600,450,149.78358459472656,56.37287902832031,28003
ISIC_7272721,600,450,176.7389678955078,14.521492004394531,23520
ISIC_7273308,600,450,136.416748046875,41.265037536621094,38824
ISIC_7273374,600,450,159.01841735839844,21.837383270263672,33744
ISIC_7273851,600,450,70.37017822265625,30.675296783447266,49700
ISIC_7273898,600,450,176.9357452392578,36.06771469116211,36601
ISIC_7274523,600,450,136.22532653808594,26.129560470581055,27735
ISIC_7275427,600,450,144.50836181640625,25.6688289642334,33298
ISIC_7276894,600,450,129.91665649414062,34.26845169067383,29114
ISIC_7277605,600,450,121.00699615478516,39.023006439208984,46680
ISIC_7278376,600,450,161.71275329589844,32.114620208740234,39669
ISIC_7278380,600,450,116.70008850097656,39.4657096862793,43746
ISIC_7278433,600,450,187.97760009765625,32.834224700927734,22460
ISIC_7278817,600,450,160.89918518066406,20.891183853149414,23077
ISIC_7280473,600,450,152.36309814453125,61.486549377441406,43260
ISIC_7282695,600,450,148.506591796875,27.487369537353516,20499
ISIC_7283446,600,450,148.942138671875,33.91901397705078,38916
ISIC_7283528,600,450,146.20689392089844,39.51736831665039,51208
ISIC_7284546,600,450,154.57925415039062,28.14606285095215,22092
ISIC_7285238,600,450,148.1643829345703,33.30360794067383,40205
ISIC_7285901,600,450,123.51490020751953,30.47219467163086,26744
ISIC_7286255,600,450,122.3672103881836,41.868141174316406,41452
ISIC_7287192,600,450,148.735107421875,52.643795013427734,40342
ISIC_7288734,600,450,106.23912048339844,38.546485900878906,43212
ISIC_7289001,600,450,138.7550048828125,20.902559280395508,23087
ISIC_7289828,600,450,141.6324005126953,54.84374237060547,28305
ISIC_7291783,600,450,145.9104766845703,30.673755645751953,26276
ISIC_7292116,600,450,147.69589233398438,31.95741844177246,27220
ISIC_7294780,600,450,141.69052124023438,35.705101013183594,51404
ISIC_7297776,600,450,113.4899673461914,37.94171905517578,23657
ISIC_7298204,600,450,175.66957092285156,31.595558166503906,29984
ISIC_7298601,600,450,95.03494262695312,22.55410385131836,18175
ISIC_7300115,600,450,141.56900024414062,43.52741622924805,59233
ISIC_7302180,600,450,132.94439697265625,37.37224197387695,24185
ISIC_7302567,600,450,179.64796447753906,26.99633026123047,34471
ISIC_7303630,600,450,156.61996459960938,50.1124267578125,30306
ISIC_7303727,600,450,145.39996337890625,29.701377868652344,33942
ISIC_7304468,600,450,145.97222900390625,54.818084716796875,45378
ISIC_7304569,600,450,157.39988708496094,20.294300079345703,37940
ISIC_7304977,600,450,150.42547607421875,57.63472366333008,28699
ISIC_7305201,600,450,160.80201721191406,21.54560661315918,27378
ISIC_7307945,600,450,164.89463806152344,32.90696334838867,20189
ISIC_7308323,600,450,161.3404083251953,34.69664764404297,24514
ISIC_7308563,600,450,158.8479461669922,20.676523208618164,17944
ISIC_7308766,600,450,146.52308654785156,34.564239501953125,62587
ISIC_7308959,600,450,147.43634033203125,34.94798278808594,25354
ISIC_7311133,600,450,158.24278259277344,24.246416091918945,28506
ISIC_7311876,600,450,144.2933807373047,21.811813354492188,27967
ISIC_7312960,600,450,142.42758178710938,22.373998641967773,27284
ISIC_7313587,600,450,173.48458862304688,51.298091888427734,48862
ISIC_7314033,600,450,142.69464111328125,37.04059982299805,39559
ISIC_7315517,600,450,160.29949951171875,35.94891357421875,30472
ISIC_7318590,600,450,132.4290313720703,27.887027740478516,22863
ISIC_7319186,600,450,144.82876586914062,16.773168563842773,18918
ISIC_7319315,600,450,186.59532165527344,27.428787231445312,40496
ISIC_7319337,600,450,131.7728729248047,45.158390045166016,47960
ISIC_7319361,600,450,154.73504638671875,24.16349983215332,19405
ISIC_7320276,600,450,112.95661163330078,42.67802429199219,36896
ISIC_7320560,600,450,132.6941375732422,35.42201614379883,30274
ISIC_7321789,600,450,152.15530395507812,25.170578002929688,64287
ISIC_7322599,600,450,159.18380737304688,36.29520797729492,40514
ISIC_7323450,600,450,134.9381866455078,31.187116622924805,32909
ISIC_7323687,600,450,112.76679229736328,31.412269592285156,55502
ISIC_7324772,600,450,123.94099426269531,42.06309509277344,44472
ISIC_7325617,600,450,161.78616333007812,23.855548858642578,18163
ISIC_7325787,600,450,122.00738525390625,35.232566833496094,33097
ISIC_7325830,600,450,133.8650360107422,29.731216430664062,22784
ISIC_7326413,600,450,147.05287170410156,33.11128234863281,56430
ISIC_7326842,600,450,161.29815673828125,52.160133361816406,32095
ISIC_7328549,600,450,194.56971740722656,31.017723083496094,30759
ISIC_7330557,600,450,156.48098754882812,34.43290328979492,34305
ISIC_7330767,600,450,121.70681762695312,44.567779541015625,48544
ISIC_7330944,600,450,222.16592407226562,25.79024887084961,23546
ISIC_7331674,600,450,128.60055541992188,37.238948822021484,44414
ISIC_7332242,600,450,147.53656005859375,20.5822811126709,26957
ISIC_7334834,600,450,158.76722717285156,37.97136688232422,29082
ISIC_7334939,600,450,151.20083618164062,32.30415344238281,27051
ISIC_7335595,600,450,162.70736694335938,13.416328430175781,16043
ISIC_7335684,600,450,135.80694580078125,38.04540252685547,38818
ISIC_7335701,600,450,127.22427368164062,39.906131744384766,32012
ISIC_7336445,600,450,123.85552215576172,45.02391815185547,44290
ISIC_7337805,600,450,137.20872497558594,81.94160461425781,28753
ISIC_7339771,600,450,139.34170532226562,24.064197540283203,46301
ISIC_7339834,600,450,129.8001708984375,38.226112365722656,44628
ISIC_7340333,600,450,142.93434143066406,16.426197052001953,24202
ISIC_7342682,600,450,143.15554809570312,41.58464813232422,35853
ISIC_7343168,600,450,118.24932098388672,25.339399337768555,25947
ISIC_7343249,600,450,112.89048767089844,44.58924102783203,51249
ISIC_7343701,600,450,126.42688751220703,26.695148468017578,33366
ISIC_7344118,600,450,132.32611083984375,37.93165969848633,39126
ISIC_7345682,600,450,161.05178833007812,30.11713409423828,23998
ISIC_7345955,600,450,129.98597717285156,39.060428619384766,44296
ISIC_7347161,600,450,183.9646759033203,36.71814727783203,28721
ISIC_7347180,600,450,142.11033630371094,47.416656494140625,39051
ISIC_7351010,600,450,143.40545654296875,20.62418556213379,26264
ISIC_7352384,600,450,136.77011108398438,28.274900436401367,33507
ISIC_7354709,600,450,137.91998291015625,33.75751876831055,27143
ISIC_7356122,600,450,158.1200714111328,59.64284896850586,32842
ISIC_7357556,600,450,119.40762329101562,29.38959503173828,31826
ISIC_7358297,600,450,146.0923614501953,35.82426452636719,35550
ISIC_7358947,600,450,139.8533477783203,26.36591911315918,26571
ISIC_7359025,600,450,152.96444702148438,31.903217315673828,33410
ISIC_7359902,600,450,124.31338500976562,43.38792037963867,44845
ISIC_7362585,600,450,168.74658203125,43.721988677978516,29279
ISIC_7363553,600,450,130.9638214111328,37.68155288696289,34554
ISIC_7363608,600,450,171.8767852783203,27.07474136352539,24103
ISIC_7364338,600,450,126.53044891357422,48.14762878417969,46595
ISIC_7364575,600,450,131.32948303222656,41.826210021972656,40954
ISIC_7365593,600,450,159.15399169921875,36.944278717041016,26635
ISIC_7367155,600,450,147.4291229248047,37.14796447753906,22693
ISIC_7368145,600,450,135.85821533203125,34.50564193725586,34541
ISIC_7368174,600,450,168.6252899169922,50.411354064941406,45608
ISIC_7368423,600,450,123.73474884033203,33.613704681396484,37166
ISIC_7370552,600,450,141.00279235839844,37.585330963134766,31739
ISIC_7370617,600,450,137.26467895507812,38.760986328125,39448
ISIC_7372306,600,450,148.42340087890625,25.236299514770508,35139
ISIC_7372500,600,450,139.825439453125,45.33755874633789,33979
ISIC_7374190,600,450,174.6476287841797,31.550817489624023,22865
ISIC_7374556,600,450,141.3858184814453,20.749235153198242,32178
ISIC_7374719,600,450,156.28053283691406,31.712230682373047,33558
ISIC_7375111,600,450,132.50555419921875,38.61679458618164,52711
ISIC_7375960,600,450,106.98658752441406,22.439424514770508,32479
ISIC_7376317,600,450,154.44578552246094,26.492116928100586,44719
ISIC_7377119,600,450,145.33740234375,12.761244773864746,19528
ISIC_7377763,600,450,127.16985321044922,19.467058181762695,21660
ISIC_7377969,600,450,137.58392333984375,33.64289093017578,35619
ISIC_7379221,600,450,131.07872009277344,34.805641174316406,43806
ISIC_7379628,600,450,116.40335083007812,41.43919372558594,23002
ISIC_7381318,600,450,164.48306274414062,32.813961029052734,40427
ISIC_7381334,600,450,128.24465942382812,37.79054260253906,39615
ISIC_7381608,600,450,148.46487426757812,42.890647888183594,25301
ISIC_7382332,600,450,158.4937744140625,30.84269905090332,44733
ISIC_7382599,600,450,116.60060119628906,35.131099700927734,33265
ISIC_7382876,600,450,155.58314514160156,29.9588680267334,42712
ISIC_7382992,600,450,127.04627990722656,40.77134704589844,32368
ISIC_7383105,600,450,124.42375946044922,25.578575134277344,46423
ISIC_7383339,600,450,129.21543884277344,23.29414939880371,23185
ISIC_7384185,600,450,160.6794891357422,29.364160537719727,36668
ISIC_7384502,600,450,128.96490478515625,38.755645751953125,39842
ISIC_7384530,600,450,163.96397399902344,16.331239700317383,25356
ISIC_7385775,600,450,126.54476165771484,34.238651275634766,30425
ISIC_7386871,600,450,122.17355346679688,39.15628433227539,29145
ISIC_7387118,600,450,133.03318786621094,43.44627380371094,47565
ISIC_7387499,600,450,145.91673278808594,37.300384521484375,29813
ISIC_7388680,600,450,145.5357666015625,22.11368751525879,39785
ISIC_7390604,600,450,134.23651123046875,37.72486114501953,39049
ISIC_7390977,600,450,128.50877380371094,53.10927963256836,38567
ISIC_7391014,600,450,153.6251983642578,42.99444580078125,23150
ISIC_7391184,600,450,134.03375244140625,34.188232421875,43478
ISIC_7391511,600,450,165.92718505859375,23.716659545898438,34841
ISIC_7392473,600,450,149.70367431640625,28.92356300354004,43858
ISIC_7393664,600,450,144.8662872314453,42.4068489074707,57621
ISIC_7393792,600,450,147.25770568847656,14.478259086608887,20289
ISIC_7394783,600,450,151.423583984375,19.760072708129883,21032
ISIC_7395485,600,450,165.396484375,39.97806930541992,26261
ISIC_7395651,600,450,72.68901062011719,62.96918869018555,24455
ISIC_7396327,600,450,132.7476043701172,35.972389221191406,47807
ISIC_7396751,600,450,173.7963104248047,36.34257507324219,27912
ISIC_7397137,600,450,131.7019500732422,25.329545974731445,26613
ISIC_7397866,600,450,114.62279510498047,84.08492279052734,23728
ISIC_7398112,600,450,114.88677215576172,40.833805084228516,25858
ISIC_7399251,600,450,121.3965835571289,35.97727966308594,26966
ISIC_7401818,600,450,158.37669372558594,14.451298713684082,16646
ISIC_7402642,600,450,145.2368927001953,37.65290832519531,39397
ISIC_7403025,600,450,127.101806640625,37.06281280517578,16462
ISIC_7403204,600,450,141.51490783691406,42.2169303894043,35414
ISIC_7405877,600,450,128.99752807617188,30.516748428344727,35003
ISIC_7406916,600,450,153.20567321777344,42.91021728515625,52329
ISIC_7408729,600,450,125.99300384521484,41.88481140136719,43096
ISIC_7409855,600,450,150.68722534179688,41.803428649902344,31291
ISIC_7411878,600,450,126.43136596679688,40.052162170410156,43986
ISIC_7413595,600,450,139.70391845703125,20.657024383544922,27829
ISIC_7414517,600,450,196.64967346191406,27.675167083740234,35370
ISIC_7415373,600,450,142.94606018066406,20.67503547668457,25200
ISIC_7415657,600,450,137.87081909179688,40.875606536865234,37510
ISIC_7417921,600,450,116.6482162475586,41.31303024291992,55910
ISIC_7420218,600,450,125.3354263305664,33.674232482910156,30577
ISIC_7423057,600,450,123.40621185302734,40.39303970336914,48332
ISIC_7424118,600,450,146.2998809814453,28.504777908325195,20766
ISIC_7424370,600,450,128.47976684570312,26.18520736694336,27524
ISIC_7425508,600,450,147.52243041992188,33.68206024169922,42168
ISIC_7425846,600,450,144.9448699951172,19.738780975341797,22059
ISIC_7426470,600,450,175.01495361328125,48.7398681640625,34302
ISIC_7430438,600,450,202.8527374267578,30.859952926635742,56335
ISIC_7430526,600,450,130.7576904296875,27.33018684387207,27070
ISIC_7431526,600,450,127.1546401977539,36.99801254272461,36881
ISIC_7434007,600,450,136.77589416503906,41.489864349365234,42254
ISIC_7434343,600,450,136.392822265625,27.50899887084961,32956
ISIC_7434803,600,450,139.58847045898438,19.842113494873047,31768
ISIC_7434991,600,450,114.80899047851562,34.626365661621094,41719
ISIC_7435742,600,450,141.78758239746094,29.79352569580078,50089
ISIC_7435897,600,450,124.92058563232422,44.44028091430664,33024
ISIC_7436110,600,450,195.50738525390625,47.1633415222168,21739
ISIC_7436139,600,450,148.5202178955078,14.949767112731934,18067
ISIC_7436712,600,450,161.02642822265625,35.483097076416016,27542
ISIC_7441024,600,450,131.409912109375,43.088809967041016,25048
ISIC_7442526,600,450,164.80560302734375,34.700504302978516,35712
ISIC_7445585,600,450,119.61994934082031,40.83271789550781,44436
ISIC_7447177,600,450,121.01815032958984,27.00174903869629,40412
ISIC_7447703,600,450,131.4729461669922,37.20818328857422,47643
ISIC_7447961,600,450,193.85598754882812,26.7779483795166,24163
ISIC_7449425,600,450,134.88246154785156,28.067249298095703,37553
ISIC_7450231,600,450,159.94480895996094,41.71765899658203,31317
ISIC_7450315,600,450,155.29725646972656,32.29523849487305,36832
ISIC_7451740,600,450,149.16546630859375,21.675687789916992,23224
ISIC_7451958,600,450,151.83998107910156,22.96733856201172,28232
ISIC_7452036,600,450,163.75657653808594,39.792476654052734,28821
ISIC_7452466,600,450,140.26927185058594,27.759130477905273,20757
ISIC_7453335,600,450,139.2335662841797,79.94319152832031,22666
ISIC_7454308,600,450,131.75534057617188,31.384876251220703,31136
ISIC_7454892,600,450,169.7036895751953,51.90709686279297,32648
ISIC_7454975,600,450,136.5786895751953,29.234054565429688,27077
ISIC_7457072,600,450,125.19075775146484,39.983543395996094,44097
ISIC_7457508,600,450,148.98019409179688,37.08568572998047,36794
ISIC_7458610,600,450,146.59576416015625,37.97410583496094,25134
ISIC_7459629,600,450,149.2410430908203,31.509830474853516,37806
ISIC_7460585,600,450,161.39666748046875,20.24142837524414,21755
ISIC_7461685,600,450,139.9619598388672,27.252954483032227,28727
ISIC_7461810,600,450,146.77149963378906,15.649178504943848,17642
ISIC_7464024,600,450,118.39892578125,40.73833084106445,46316
ISIC_7464071,600,450,147.98289489746094,28.13677406311035,23260
ISIC_7464537,600,450,153.1514434814453,16.33556365966797,17372
ISIC_7465284,600,450,118.3302230834961,39.27321243286133,38658
ISIC_7466654,600,450,122.64482879638672,37.71723556518555,25985
ISIC_7466902,600,450,169.56790161132812,30.513477325439453,45859
ISIC_7467578,600,450,168.91026306152344,51.86289596557617,42243
ISIC_7467595,600,450,144.4170684814453,16.680822372436523,22324
ISIC_7469260,600,450,149.41346740722656,24.565858840942383,37187
ISIC_7469563,600,450,178.34036254882812,42.20641326904297,30814
ISIC_7472074,600,450,146.47549438476562,36.57603454589844,29520
ISIC_7472087,600,450,141.48178100585938,31.403642654418945,18584
ISIC_7472301,600,450,169.64859008789062,35.94651794433594,32348
ISIC_7473131,600,450,139.70655822753906,17.80879020690918,21123
ISIC_7474570,600,450,143.64085388183594,26.108190536499023,36988
ISIC_7475014,600,450,127.80655670166016,35.26669692993164,45428
ISIC_7475784,600,450,146.45562744140625,26.960752487182617,47827
ISIC_7478833,600,450,148.89859008789062,29.074430465698242,46855
ISIC_7479360,600,450,133.7911376953125,37.113548278808594,36641
ISIC_7480455,600,450,163.1468505859375,14.515647888183594,19374
ISIC_7481650,600,450,113.02394104003906,34.640342712402344,36909
ISIC_7481885,600,450,122.32438659667969,24.820907592773438,31577
ISIC_7482467,600,450,156.82655334472656,29.923316955566406,26697
ISIC_7483655,600,450,139.74676513671875,25.284923553466797,30598
ISIC_7484441,600,450,140.828857421875,41.591670989990234,37396
ISIC_7484955,600,450,144.0926971435547,33.7964973449707,36410
ISIC_7485100,600,450,121.62738037109375,39.41088104248047,37545
ISIC_7485318,600,450,133.53233337402344,32.190635681152344,35699
ISIC_7485509,600,450,129.17575073242188,37.44712829589844,41197
ISIC_7486855,600,450,159.83218383789062,25.719738006591797,24255
ISIC_7490723,600,450,147.3702392578125,43.935420989990234,19573
ISIC_7493882,600,450,160.95773315429688,44.00086975097656,58438
ISIC_7493930,600,450,146.76112365722656,43.29500961303711,39612
ISIC_7495478,600,450,137.2664031982422,42.038368225097656,38092
ISIC_7497017,600,450,141.13990783691406,36.35916519165039,42313
ISIC_7497769,600,450,124.17633819580078,37.17671585083008,40364
ISIC_7499602,600,450,124.76972198486328,42.120750427246094,49742
ISIC_7500032,600,450,123.47024536132812,43.29845428466797,29429
ISIC_7500706,600,450,135.19363403320312,32.31845474243164,39513
ISIC_7501563,600,450,128.98516845703125,36.09553909301758,32288
ISIC_7501779,600,450,153.22279357910156,23.944717407226562,29085
ISIC_7501825,600,450,145.7349853515625,44.28888702392578,31202
ISIC_7503610,600,450,128.05128479003906,45.886783599853516,37873
ISIC_7504308,600,450,159.23553466796875,35.342857360839844,27899
ISIC_7504526,600,450,136.77841186523438,45.11965560913086,25979
ISIC_7504717,600,450,103.69022369384766,40.42906951904297,39300
ISIC_7505541,600,450,137.52871704101562,33.09282302856445,39034
ISIC_7505667,600,450,171.51712036132812,20.60167121887207,47865
ISIC_7506601,600,450,135.86183166503906,31.099287033081055,43245
ISIC_7506634,600,450,119.40130615234375,33.38759994506836,46714
ISIC_7507040,600,450,179.0018310546875,36.9574089050293,29217
ISIC_7507238,600,450,157.0528564453125,18.552223205566406,14099
ISIC_7507320,600,450,125.37117767333984,42.608489990234375,52059
ISIC_7507858,600,450,129.27621459960938,24.38399314880371,26332
ISIC_7508643,600,450,191.23048400878906,29.173931121826172,33639
ISIC_7509328,600,450,138.9468231201172,21.335540771484375,32961
ISIC_7509818,600,450,169.70748901367188,38.35850143432617,48644
ISIC_7510898,600,450,149.99046325683594,28.037405014038086,20527
ISIC_7512177,600,450,142.90338134765625,33.786006927490234,36480
ISIC_7512401,600,450,165.4503631591797,24.46370506286621,33683
ISIC_7512488,600,450,160.4726104736328,32.591732025146484,33014
ISIC_7514787,600,450,162.43865966796875,23.398887634277344,18110
ISIC_7516346,600,450,101.01261901855469,40.12575912475586,28812
ISIC_7516657,600,450,136.51544189453125,47.78909683227539,19615
ISIC_7517022,600,450,137.1331329345703,38.84736251831055,31743
ISIC_7518317,600,450,127.820068359375,47.40534591674805,37661
ISIC_7520189,600,450,138.9634246826172,20.802576065063477,31658
ISIC_7520217,600,450,144.55653381347656,19.27013397216797,25413
ISIC_7521530,600,450,151.55972290039062,45.98946762084961,23260
ISIC_7522059,600,450,113.0994873046875,39.26511764526367,46760
ISIC_7522141,600,450,146.82644653320312,28.892011642456055,44794
ISIC_7522903,600,450,134.01779174804688,35.02174377441406,36646
ISIC_7523078,600,450,144.76539611816406,14.405601501464844,17547
ISIC_7523542,600,450,142.97235107421875,32.75239181518555,36580
ISIC_7526819,600,450,136.57119750976562,22.95813751220703,30390
ISIC_7527340,600,450,187.61683654785156,23.03702735900879,43272
ISIC_7527742,600,450,142.4568634033203,14.511870384216309,20620
ISIC_7529554,600,450,143.9927520751953,22.02621841430664,28670
ISIC_7530101,600,450,158.76885986328125,30.177703857421875,31819
ISIC_7531562,600,450,152.48849487304688,57.741493225097656,22897
ISIC_7531601,600,450,145.13209533691406,11.917046546936035,26360
ISIC_7533028,600,450,146.48715209960938,28.576231002807617,30091
ISIC_7534938,600,450,185.73838806152344,50.754268646240234,24980
ISIC_7535027,600,450,110.70772552490234,39.1835823059082,52784
ISIC_7535768,600,450,137.75637817382812,39.75592803955078,29248
ISIC_7535873,600,450,97.21746063232422,66.93138885498047,23682
ISIC_7535899,600,450,137.7948455810547,25.22859764099121,28534
ISIC_7537434,600,450,164.42483520507812,19.01498794555664,19439
ISIC_7541009,600,450,201.20346069335938,36.784358978271484,40049
ISIC_7541188,600,450,167.56607055664062,39.20587158203125,25529
ISIC_7541402,600,450,184.95809936523438,39.231109619140625,28775
ISIC_7541597,600,450,161.14732360839844,18.887502670288086,32175
ISIC_7542892,600,450,124.31405639648438,43.99393081665039,40134
ISIC_7544069,600,450,107.99405670166016,43.330657958984375,24475
ISIC_7546221,600,450,141.4103546142578,36.14256286621094,21286
ISIC_7546528,600,450,145.27569580078125,38.442100524902344,45218
ISIC_7547412,600,450,150.95252990722656,52.3982048034668,41624
ISIC_7547900,600,450,120.53762817382812,17.159469604492188,25532
ISIC_7548109,600,450,128.46144104003906,29.73360252380371,34387
ISIC_7548342,600,450,146.3453369140625,36.61627197265625,23158
ISIC_7548850,600,450,133.47901916503906,61.3638801574707,35297
ISIC_7550834,600,450,181.7508544921875,23.230844497680664,37425
ISIC_7550843,600,450,130.98867797851562,36.19768142700195,15988
ISIC_7551222,600,450,163.24440002441406,32.486724853515625,48664
ISIC_7553451,600,450,131.54190063476562,34.811676025390625,49675
ISIC_7553601,600,450,156.1014862060547,21.49595069885254,34068
ISIC_7555202,600,450,118.7921371459961,44.5035400390625,47173
ISIC_7555988,600,450,137.46636962890625,20.698637008666992,20743
ISIC_7557765,600,450,139.02047729492188,34.31706619262695,53105
ISIC_7558897,600,450,166.27235412597656,22.53861427307129,26739
ISIC_7559808,600,450,142.72369384765625,24.102039337158203,22241
ISIC_7559942,600,450,147.98385620117188,24.99448013305664,26544
ISIC_7560146,600,450,184.82469177246094,37.02437973022461,40839
ISIC_7560911,600,450,130.2704315185547,32.84089660644531,42489
ISIC_7560933,600,450,140.3015899658203,35.04325866699219,25245
ISIC_7562678,600,450,129.17478942871094,22.27469825744629,26826
ISIC_7563152,600,450,148.58082580566406,46.5775146484375,36447
ISIC_7563649,600,450,152.91171264648438,33.70099639892578,32688
ISIC_7563753,600,450,137.96067810058594,30.741893768310547,24317
ISIC_7563945,600,450,143.36273193359375,35.85236740112305,39197
ISIC_7566277,600,450,104.52855682373047,36.944095611572266,58868
ISIC_7566402,600,450,103.87992095947266,42.38863754272461,40602
ISIC_7567589,600,450,155.18972778320312,30.07328224182129,24564
ISIC_7567880,600,450,119.41582489013672,39.420867919921875,35294
ISIC_7569602,600,450,127.12970733642578,35.128265380859375,41497
ISIC_7571181,600,450,136.51104736328125,42.97865676879883,44653
ISIC_7572651,600,450,117.7596664428711,42.64841079711914,54748
ISIC_7575073,600,450,118.36689758300781,43.473731994628906,37664
ISIC_7579556,600,450,166.6876678466797,39.57117462158203,31875
ISIC_7580736,600,450,119.58688354492188,45.71977615356445,34556
ISIC_7581757,600,450,170.94064331054688,40.80961227416992,49156
ISIC_7582667,600,450,151.76441955566406,44.48154067993164,28466
ISIC_7583370,600,450,125.78582000732422,25.47783660888672,31336
ISIC_7584393,600,450,144.36509704589844,78.39772033691406,18770
ISIC_7585813,600,450,170.531005859375,41.91154098510742,26443
ISIC_7588660,600,450,145.95762634277344,34.646034240722656,27566
ISIC_7588773,600,450,80.39659881591797,44.3607063293457,25172
ISIC_7588984,600,450,125.59941864013672,44.76156997680664,51387
ISIC_7589454,600,450,157.25526428222656,34.64008712768555,30716
ISIC_7590490,600,450,184.8171844482422,26.852561950683594,41690
ISIC_7592017,600,450,152.4749755859375,19.077701568603516,26293
ISIC_7595404,600,450,136.3483428955078,38.248905181884766,42940
ISIC_7600337,600,450,112.1175308227539,37.142120361328125,37897
ISIC_7600832,600,450,142.44509887695312,31.081544876098633,19384
ISIC_7602538,600,450,149.95863342285156,36.37542724609375,29930
ISIC_7603703,600,450,171.81329345703125,34.71581268310547,25509
ISIC_7604483,600,450,131.14675903320312,42.42258834838867,42139
ISIC_7604705,600,450,128.36196899414062,38.524383544921875,19940
ISIC_7605162,600,450,166.04217529296875,25.701641082763672,18146
ISIC_7605177,600,450,119.04978942871094,45.948585510253906,44188
ISIC_7605546,600,450,129.0034942626953,51.80709457397461,53702
ISIC_7606142,600,450,130.94761657714844,23.01388931274414,25681
ISIC_7607421,600,450,99.3270492553711,44.7452392578125,38372
ISIC_7608693,600,450,161.75747680664062,38.76557159423828,44278
ISIC_7610657,600,450,158.230224609375,31.765775680541992,25550
ISIC_7613649,600,450,114.32633972167969,31.79348373413086,28676
ISIC_7614085,600,450,142.2558135986328,31.202123641967773,20641
ISIC_7614845,600,450,151.5077667236328,37.667869567871094,27731
ISIC_7615308,600,450,149.2268829345703,30.08391571044922,18859
ISIC_7615926,600,450,144.4102325439453,60.26038360595703,41872
ISIC_7616136,600,450,130.7555389404297,30.621658325195312,29946
ISIC_7616494,600,450,150.48939514160156,27.053016662597656,44992
ISIC_7618809,600,450,136.31971740722656,26.674070358276367,29754
ISIC_7619664,600,450,143.19873046875,16.26449203491211,22970
ISIC_7619832,600,450,137.99673461914062,36.7430534362793,40259
ISIC_7621482,600,450,160.01312255859375,28.8262996673584,30292
ISIC_7623387,600,450,139.62196350097656,16.760656356811523,19441
ISIC_7624779,600,450,150.5294952392578,53.58926010131836,35918
ISIC_7626679,600,450,93.16661834716797,28.28485870361328,51420
ISIC_7627574,600,450,126.9488525390625,42.4814338684082,47966
ISIC_7627853,600,450,123.0689468383789,43.59367752075195,55428
ISIC_7629062,600,450,151.9286651611328,18.68705940246582,17610
ISIC_7629948,600,450,123.4697494506836,40.247093200683594,39455
ISIC_7630309,600,450,172.92041015625,35.01259231567383,24539
ISIC_7631504,600,450,129.803466796875,22.166933059692383,30573
ISIC_7631509,600,450,140.2892608642578,30.798234939575195,44782
ISIC_7632213,600,450,135.8667449951172,27.638206481933594,29916
ISIC_7632279,600,450,148.75445556640625,20.91852569580078,23058
ISIC_7632373,600,450,107.69674682617188,39.738487243652344,27762
ISIC_7635285,600,450,105.5189437866211,24.456356048583984,43098
ISIC_7637914,600,450,131.32162475585938,45.18062210083008,44466
ISIC_7638974,600,450,139.7347412109375,27.30921173095703,28756
ISIC_7640631,600,450,157.04493713378906,50.85542678833008,26912
ISIC_7641847,600,450,120.8221206665039,50.71714782714844,46882
ISIC_7642963,600,450,114.39488220214844,39.66750717163086,38755
ISIC_7643593,600,450,184.13400268554688,72.02212524414062,24803
ISIC_7644369,600,450,194.90625,44.96892547607422,27475
ISIC_7645103,600,450,164.24444580078125,27.112272262573242,20261
ISIC_7645646,600,450,140.65928649902344,36.45448684692383,62057
ISIC_7645695,600,450,154.45034790039062,56.56841278076172,44802
ISIC_7645755,600,450,119.19561767578125,23.798398971557617,22991
ISIC_7646698,600,450,173.85816955566406,34.43219757080078,22022
ISIC_7646924,600,450,126.21049499511719,63.132511138916016,24267
ISIC_7647531,600,450,134.29563903808594,46.12781524658203,50622
ISIC_7647712,600,450,185.85841369628906,65.16494750976562,26980
ISIC_7648987,600,450,137.924072265625,44.32814025878906,29349
ISIC_7650091,600,450,138.9078369140625,33.761985778808594,36401
ISIC_7652679,600,450,127.05789947509766,37.91554260253906,35627
ISIC_7652703,600,450,110.59432220458984,25.9748477935791,33655
ISIC_7653495,600,450,144.58006286621094,40.38068771362305,40042
ISIC_7655648,600,450,86.40077209472656,49.37212371826172,24336
ISIC_7656588,600,450,129.8465576171875,28.1922550201416,29181
ISIC_7656591,600,450,156.21981811523438,27.059289932250977,29489
ISIC_7657322,600,450,154.693359375,28.655824661254883,28568
ISIC_7661066,600,450,160.56674194335938,33.251976013183594,39956
ISIC_7662628,600,450,160.21144104003906,32.65004348754883,36668
ISIC_7662916,600,450,111.6387939453125,36.53335952758789,46333
ISIC_7665103,600,450,170.71743774414062,30.72572898864746,22636
ISIC_7665860,600,450,117.16792297363281,40.546382904052734,36661
ISIC_7668131,600,450,177.48582458496094,23.58554458618164,28657
ISIC_7668414,600,450,139.91448974609375,21.28493881225586,27346
ISIC_7669551,600,450,195.65562438964844,21.78850746154785,15530
ISIC_7670015,600,450,154.29786682128906,27.773174285888672,38821
ISIC_7670059,600,450,141.48458862304688,27.357759475708008,23562
ISIC_7670245,600,450,133.47976684570312,41.17583465576172,47473
ISIC_7671344,600,450,138.70452880859375,39.21539306640625,45210
ISIC_7671720,600,450,158.30715942382812,32.426292419433594,29049
ISIC_7672873,600,450,127.85091400146484,45.71192932128906,45947
ISIC_7675736,600,450,116.03302001953125,25.11115074157715,30078
ISIC_7676731,600,450,139.6683807373047,52.05844497680664,46648
ISIC_7677176,600,450,137.806640625,20.840648651123047,21502
ISIC_7677568,600,450,159.48110961914062,28.26129722595215,18908
ISIC_7680182,600,450,157.48822021484375,41.31800079345703,34599
ISIC_7681010,600,450,122.4923095703125,26.265169143676758,31599
ISIC_7682533,600,450,158.08778381347656,38.634033203125,24965
ISIC_7687096,600,450,128.16653442382812,26.3535213470459,44058
ISIC_7687674,600,450,141.69349670410156,21.755441665649414,25575
ISIC_7692464,600,450,149.40977478027344,27.259765625,23129
ISIC_7692882,600,450,134.18777465820312,56.10196304321289,35445
ISIC_7693768,600,450,160.2791748046875,32.39200210571289,27710
ISIC_7695263,600,450,133.55979919433594,35.07330322265625,28300
ISIC_7695480,600,450,123.67215728759766,74.25890350341797,51251
ISIC_7695782,600,450,161.8143768310547,33.183963775634766,48058
ISIC_7697023,600,450,115.48374938964844,47.74892807006836,47069
ISIC_7700739,600,450,143.66793823242188,33.8939094543457,41178
ISIC_7701592,600,450,139.1077423095703,42.11728286743164,25878
ISIC_7701636,600,450,180.63348388671875,58.18031692504883,37749
ISIC_7702191,600,450,147.04495239257812,37.51422119140625,22749
ISIC_7702697,600,450,175.4517364501953,36.57857894897461,32330
ISIC_7704554,600,450,144.16146850585938,63.7176628112793,34903
ISIC_7705117,600,450,132.23814392089844,35.718746185302734,34277
ISIC_7705901,600,450,138.11038208007812,37.311279296875,33515
ISIC_7706527,600,450,156.06105041503906,25.93956184387207,27411
ISIC_7706534,600,450,131.81036376953125,19.444923400878906,20455
ISIC_7708206,600,450,154.87132263183594,25.53076934814453,34859
ISIC_7709002,600,450,150.89097595214844,33.5313606262207,34049
ISIC_7710765,600,450,118.35509490966797,16.3007869720459,25823
ISIC_7711097,600,450,136.52479553222656,37.282867431640625,39254
ISIC_7711626,600,450,162.59194946289062,23.787342071533203,21960
ISIC_7713646,600,450,154.69618225097656,18.43073272705078,24884
ISIC_7713794,600,450,99.5687026977539,38.31232833862305,23515
ISIC_7716315,600,450,163.4988250732422,19.614652633666992,22220
ISIC_7717586,600,450,123.03135681152344,38.41215515136719,46867
ISIC_7717657,600,450,137.3285369873047,20.082170486450195,31286
ISIC_7718206,600,450,140.70669555664062,70.97721862792969,28650
ISIC_7718433,600,450,127.51968383789062,30.546977996826172,34757
ISIC_7719129,600,450,142.3443603515625,57.16368103027344,33905
ISIC_7722970,600,450,142.33676147460938,19.356529235839844,30096
ISIC_7725065,600,450,175.3734588623047,35.0739631652832,42069
ISIC_7725581,600,450,141.23634338378906,26.80768394470215,33368
ISIC_7726794,600,450,128.11293029785156,31.80141258239746,31450
ISIC_7727693,600,450,120.29595947265625,43.897850036621094,37436
ISIC_7727795,600,450,203.4776153564453,18.797924041748047,25475
ISIC_7728329,600,450,131.40499877929688,43.040000915527344,49448
ISIC_7729052,600,450,155.029052734375,31.243642807006836,25575
ISIC_7729398,600,450,150.50973510742188,42.98244857788086,33113
ISIC_7730161,600,450,129.0240936279297,42.12009048461914,44438
ISIC_7731011,600,450,121.48396301269531,48.78315353393555,28657
ISIC_7731176,600,450,138.16912841796875,43.393402099609375,43476
ISIC_7733305,600,450,146.60543823242188,16.418195724487305,17459
ISIC_7733749,600,450,124.1551284790039,79.49736785888672,40601
ISIC_7733845,600,450,189.01983642578125,40.293968200683594,38720
ISIC_7733999,600,450,191.5481719970703,48.338226318359375,35158
ISIC_7734472,600,450,163.518798828125,30.28877830505371,28636
ISIC_7735107,600,450,122.53333282470703,50.43346405029297,31477
ISIC_7735271,600,450,192.22457885742188,30.707504272460938,33439
ISIC_7737513,600,450,146.74749755859375,34.51611328125,36532
ISIC_7739032,600,450,111.56371307373047,46.3909912109375,49150
ISIC_7739313,600,450,126.88975524902344,37.21150207519531,46447
ISIC_7742510,600,450,173.02084350585938,21.28859519958496,45743
ISIC_7742545,600,450,154.87075805664062,33.32997131347656,26977
ISIC_7744368,600,450,165.87091064453125,28.641265869140625,44707
ISIC_7744790,600,450,141.67575073242188,12.097162246704102,24763
ISIC_7745161,600,450,129.1962890625,33.23591613769531,29737
ISIC_7745898,600,450,124.85639190673828,46.14012145996094,38930
ISIC_7746558,600,450,129.1966094970703,44.09746551513672,50942
ISIC_7747685,600,450,123.76382446289062,36.478904724121094,38417
ISIC_7748940,600,450,125.3964614868164,41.29344177246094,40868
ISIC_7748946,600,450,122.8933334350586,49.5683708190918,35507
ISIC_7749511,600,450,155.6324005126953,25.314022064208984,40262
ISIC_7749901,600,450,158.59400939941406,43.44948959350586,34409
ISIC_7752452,600,450,140.59695434570312,28.342561721801758,42178
ISIC_7752807,600,450,177.3078155517578,32.14527893066406,32667
ISIC_7753585,600,450,164.81008911132812,27.60993194580078,29404
ISIC_7754022,600,450,124.56551361083984,25.467754364013672,27898
ISIC_7755525,600,450,148.43605041503906,37.213836669921875,32248
ISIC_7756269,600,450,151.49749755859375,38.8738899230957,44793
ISIC_7757000,600,450,118.07150268554688,42.63117218017578,53340
ISIC_7758887,600,450,126.62767028808594,44.46589660644531,35854
ISIC_7759828,600,450,152.59494018554688,30.324857711791992,38748
ISIC_7760822,600,450,113.29240417480469,29.381254196166992,25898
ISIC_7761513,600,450,128.62619018554688,34.953529357910156,33291
ISIC_7762277,600,450,126.35711669921875,40.929649353027344,56142
ISIC_7763661,600,450,131.56964111328125,39.697078704833984,53004
ISIC_7764869,600,450,135.1303253173828,37.87451171875,36045
ISIC_7765407,600,450,124.44072723388672,54.088768005371094,40537
ISIC_7765747,600,450,146.61033630371094,41.461822509765625,44329
ISIC_7767475,600,450,114.32147979736328,38.81479263305664,34550
ISIC_7767729,600,450,122.54859924316406,36.91922378540039,44862
ISIC_7771236,600,450,150.2936553955078,28.676740646362305,21006
ISIC_7774559,600,450,126.63959503173828,26.422748565673828,28133
ISIC_7774908,600,450,144.2400665283203,19.660818099975586,23398
ISIC_7775074,600,450,145.6942901611328,11.939281463623047,21655
ISIC_7775105,600,450,123.14178466796875,29.231184005737305,36717
ISIC_7775899,600,450,162.92034912109375,39.10502243041992,26675
ISIC_7776586,600,450,154.54469299316406,55.31911849975586,28935
ISIC_7777861,600,450,145.84327697753906,23.532743453979492,27656
ISIC_7778161,600,450,151.5962371826172,18.728302001953125,20127
ISIC_7778485,600,450,123.28604125976562,39.43916320800781,43862
ISIC_7778901,600,450,173.95338439941406,30.951753616333008,27047
ISIC_7779579,600,450,149.25979614257812,44.476524353027344,30814
ISIC_7780391,600,450,125.59332275390625,27.37925910949707,26995
ISIC_7780780,600,450,132.57958984375,44.021263122558594,43810
ISIC_7782700,600,450,150.42152404785156,16.05217170715332,19672
ISIC_7782780,600,450,126.55206298828125,31.364980697631836,35744
ISIC_7783388,600,450,181.4116973876953,32.86918258666992,29175
ISIC_7784358,600,450,110.32483673095703,35.969390869140625,24602
ISIC_7784876,600,450,153.4821014404297,48.4277229309082,20997
ISIC_7785676,600,450,149.59828186035156,27.66468620300293,30170
ISIC_7788766,600,450,147.95094299316406,44.795448303222656,28349
ISIC_7789126,600,450,141.69007873535156,26.589750289916992,37718
ISIC_7789436,600,450,132.00827026367188,37.79090118408203,44910
ISIC_7789714,600,450,146.77830505371094,18.22168731689453,21515
ISIC_7789919,600,450,129.4680938720703,27.188337326049805,20092
ISIC_7790823,600,450,187.0021514892578,37.700557708740234,62997
ISIC_7793370,600,450,145.71658325195312,32.52532958984375,29882
ISIC_7793572,600,450,174.1912078857422,24.89760971069336,25974
ISIC_7794974,600,450,116.8786392211914,26.969545364379883,30441
ISIC_7797463,600,450,132.46954345703125,14.052371978759766,40546
ISIC_7798660,600,450,107.36571502685547,35.68925476074219,40740
ISIC_7799008,600,450,151.98245239257812,47.944637298583984,31454
ISIC_7799334,600,450,138.33151245117188,31.90315818786621,40535
ISIC_7799504,600,450,169.73745727539062,22.846311569213867,18123
ISIC_7801225,600,450,145.21018981933594,37.2794075012207,33241
ISIC_7801345,600,450,124.78214263916016,62.23866653442383,75876
ISIC_7801659,600,450,170.99148559570312,34.388526916503906,55527
ISIC_7803268,600,450,164.89491271972656,34.16722106933594,39332
ISIC_7803811,600,450,97.60079193115234,31.17304801940918,30573
ISIC_7803895,600,450,98.42659759521484,66.23802185058594,26826
ISIC_7804815,600,450,148.69667053222656,42.102108001708984,27751
ISIC_7805529,600,450,156.95948791503906,34.14940643310547,45848
ISIC_7805543,600,450,136.3694610595703,37.383060455322266,46089
ISIC_7805699,600,450,179.3311767578125,18.80128288269043,24422
ISIC_7805735,600,450,180.3085479736328,42.947696685791016,25775
ISIC_7806262,600,450,165.37249755859375,23.67934799194336,26684
ISIC_7806816,600,450,157.87698364257812,29.31089210510254,20483
ISIC_7806895,600,450,158.1094512939453,19.276653289794922,25044
ISIC_7808009,600,450,140.94781494140625,22.925689697265625,44007
ISIC_7808642,600,450,148.55615234375,40.70528793334961,22872
ISIC_7808755,600,450,113.83968353271484,42.13758087158203,23850
ISIC_7808824,600,450,126.51964569091797,40.53236770629883,47391
ISIC_7809981,600,450,114.97605895996094,34.53096389770508,31530
ISIC_7811672,600,450,160.18341064453125,35.02006149291992,29503
ISIC_7812213,600,450,130.63084411621094,34.408267974853516,40238
ISIC_7812484,600,450,180.7438201904297,43.76469421386719,21235
ISIC_7812529,600,450,164.01353454589844,47.09178924560547,36716
ISIC_7813552,600,450,141.06349182128906,79.17475128173828,19641
ISIC_7813760,600,450,159.37779235839844,28.658992767333984,18431
ISIC_7816290,600,450,107.378173828125,38.714725494384766,38791
ISIC_7817656,600,450,139.05226135253906,34.38890838623047,48080
ISIC_7817884,600,450,161.07525634765625,24.764074325561523,33039
ISIC_7818562,600,450,164.9011688232422,43.12554168701172,26358
ISIC_7819126,600,450,160.12942504882812,20.133480072021484,14839
ISIC_7819570,600,450,121.6537094116211,42.259552001953125,21033
ISIC_7820228,600,450,143.4066925048828,32.00764846801758,27296
ISIC_7821150,600,450,169.0758514404297,13.421937942504883,16715
ISIC_7821426,600,450,135.66067504882812,38.06315612792969,60421
ISIC_7822239,600,450,127.63668060302734,32.351287841796875,38607
ISIC_7822262,600,450,171.26649475097656,50.86056137084961,28767
ISIC_7826908,600,450,154.90679931640625,24.28911781311035,21101
ISIC_7827261,600,450,175.16160583496094,24.85687255859375,51187
ISIC_7827973,600,450,142.93052673339844,9.056832313537598,21547
ISIC_7827983,600,450,128.75851440429688,33.51103210449219,43071
ISIC_7828218,600,450,151.5010528564453,40.747406005859375,31168
ISIC_7828331,600,450,143.2688751220703,13.347043991088867,19315
ISIC_7828899,600,450,125.20823669433594,50.52387237548828,41907
ISIC_7830070,600,450,129.139892578125,43.15540313720703,50993
ISIC_7832392,600,450,164.01205444335938,56.902915954589844,37860
ISIC_7834236,600,450,124.9783706665039,66.54646301269531,20526
ISIC_7835311,600,450,163.91876220703125,48.50953674316406,47065
ISIC_7835980,600,450,138.9476776123047,38.3768310546875,39401
ISIC_7836446,600,450,176.8277587890625,23.166784286499023,39529
ISIC_7836451,600,450,173.9912872314453,17.8236141204834,33372
ISIC_7836855,600,450,124.06986999511719,27.560073852539062,31372
ISIC_7837278,600,450,138.3374786376953,52.951988220214844,62069
ISIC_7838099,600,450,135.9547119140625,39.84584426879883,49065
ISIC_7838537,600,450,149.92872619628906,38.11892318725586,27525
ISIC_7839162,600,450,160.31829833984375,30.551761627197266,34719
ISIC_7841088,600,450,148.50413513183594,29.818347930908203,18775
ISIC_7841785,600,450,110.93233489990234,39.04144287109375,39615
ISIC_7843146,600,450,147.77833557128906,16.182279586791992,19710
ISIC_7843276,600,450,94.2741928100586,27.98149871826172,17511
ISIC_7844119,600,450,124.07012176513672,37.0024528503418,43855
ISIC_7844519,600,450,168.49588012695312,21.14763069152832,31008
ISIC_7846682,600,450,123.61012268066406,44.94140625,37712
ISIC_7849398,600,450,111.78660583496094,39.99836349487305,48228
ISIC_7849821,600,450,121.09243774414062,34.656959533691406,30804
ISIC_7851081,600,450,147.3908233642578,36.10856628417969,20351
ISIC_7852805,600,450,165.3041229248047,28.277637481689453,41209
ISIC_7853005,600,450,140.0679473876953,48.0168571472168,28916
ISIC_7853714,600,450,179.2164306640625,25.164560317993164,21804
ISIC_7854881,600,450,157.10470581054688,29.003223419189453,23150
ISIC_7855982,600,450,151.22189331054688,21.95425796508789,21893
ISIC_7857854,600,450,151.84507751464844,37.840091705322266,39482
ISIC_7858765,600,450,175.5259246826172,29.9548282623291,23983
ISIC_7859130,600,450,144.44381713867188,21.642166137695312,31690
ISIC_7860232,600,450,154.4165802001953,20.376216888427734,27355
ISIC_7865678,600,450,149.228515625,39.224056243896484,56042
ISIC_7868177,600,450,161.830078125,30.1704044342041,22030
ISIC_7868229,600,450,176.11705017089844,17.27750015258789,29032
ISIC_7869069,600,450,140.6151885986328,25.533950805664062,31591
ISIC_7869346,600,450,157.93678283691406,42.155948638916016,29061
ISIC_7870559,600,450,178.88644409179688,80.8055191040039,43057
ISIC_7871224,600,450,108.42058563232422,28.838016510009766,35889
ISIC_7872235,600,450,121.66101837158203,43.39374542236328,27021
ISIC_7872925,600,450,136.26893615722656,30.806398391723633,49574
ISIC_7872929,600,450,111.3747329711914,42.52549362182617,35296
ISIC_7875352,600,450,134.11175537109375,35.07780075073242,39261
ISIC_7876083,600,450,162.630615234375,33.768123626708984,25727
ISIC_7876146,600,450,120.47602081298828,37.478450775146484,58633
ISIC_7876616,600,450,211.69961547851562,24.273479461669922,26488
ISIC_7878572,600,450,174.6599884033203,41.3815803527832,46238
ISIC_7878714,600,450,167.2439727783203,15.191828727722168,20504
ISIC_7880723,600,450,146.01564025878906,23.608375549316406,29476
ISIC_7882033,600,450,162.97242736816406,49.182167053222656,36232
ISIC_7882124,600,450,147.1328125,31.433670043945312,38588
ISIC_7882189,600,450,129.36622619628906,46.090736389160156,44850
ISIC_7882504,600,450,148.33078002929688,15.176589965820312,22404
ISIC_7883260,600,450,148.58981323242188,30.669511795043945,21182
ISIC_7885691,600,450,91.72661590576172,32.16936492919922,39039
ISIC_7885893,600,450,145.93063354492188,28.451242446899414,26101
ISIC_7886084,600,450,115.15863800048828,39.74052047729492,34956
ISIC_7886221,600,450,114.976318359375,27.74519157409668,28490
ISIC_7888447,600,450,160.5380401611328,19.13875961303711,16780
ISIC_7888608,600,450,101.62259674072266,35.98210906982422,45186
ISIC_7889192,600,450,130.872802734375,34.63664627075195,22394
ISIC_7889425,600,450,117.9578857421875,31.900876998901367,24511
ISIC_7890093,600,450,143.68226623535156,37.78047180175781,15306
ISIC_7890222,600,450,139.78607177734375,23.30782699584961,26315
ISIC_7891302,600,450,149.24977111816406,38.952674865722656,48687
ISIC_7892545,600,450,167.21914672851562,25.71088981628418,37108
ISIC_7893518,600,450,155.81036376953125,30.464275360107422,25613
ISIC_7894539,600,450,167.59703063964844,49.37982177734375,38868
ISIC_7896796,600,450,171.4907684326172,15.06130313873291,25821
ISIC_7896976,600,450,122.51251220703125,29.071199417114258,28728
ISIC_7898573,600,450,136.2735595703125,37.71897888183594,40052
ISIC_7898975,600,450,134.46783447265625,41.232444763183594,53082
ISIC_7900173,600,450,137.2675323486328,36.08882522583008,26468
ISIC_7901262,600,450,128.37619018554688,41.93537521362305,43830
ISIC_7901805,600,450,150.22703552246094,47.30118942260742,28972
ISIC_7902320,600,450,137.48187255859375,33.151817321777344,25154
ISIC_7902497,600,450,137.9089813232422,52.89814376831055,32521
ISIC_7902533,600,450,139.0347442626953,36.74654006958008,59904
ISIC_7902747,600,450,154.03489685058594,21.956298828125,26401
ISIC_7903287,600,450,132.25634765625,42.0181770324707,43950
ISIC_7903629,600,450,147.9405059814453,41.217247009277344,45279
ISIC_7904190,600,450,112.77007293701172,30.506877899169922,38196
ISIC_7904505,600,450,163.59011840820312,19.076988220214844,18332
ISIC_7904583,600,450,130.733642578125,37.73984146118164,24575
ISIC_7905907,600,450,164.5238494873047,19.046377182006836,36698
ISIC_7905939,600,450,113.1484375,37.39222717285156,39151
ISIC_7907324,600,450,173.913818359375,55.645835876464844,25637
ISIC_7910863,600,450,152.0488739013672,24.170320510864258,26665
ISIC_7911067,600,450,169.02687072753906,30.83858299255371,21555
ISIC_7911836,600,450,119.97599792480469,30.5706844329834,37344
ISIC_7912691,600,450,160.96690368652344,37.28506851196289,31287
ISIC_7913133,600,450,186.67950439453125,54.52159881591797,31307
ISIC_7913268,600,450,145.9005584716797,38.27524948120117,38527
ISIC_7913691,600,450,139.99203491210938,31.239431381225586,33152
ISIC_7914809,600,450,162.9459991455078,49.339473724365234,32279
ISIC_7915016,600,450,139.9700164794922,9.661527633666992,15963
ISIC_7916204,600,450,131.98133850097656,28.70077133178711,30545
ISIC_7916653,600,450,171.6630096435547,47.92396545410156,28411
ISIC_7916990,600,450,142.03587341308594,50.78377151489258,32252
ISIC_7917060,600,450,166.13076782226562,26.531404495239258,25511
ISIC_7917913,600,450,133.20443725585938,30.199506759643555,32802
ISIC_7918518,600,450,135.3495330810547,23.799949645996094,33440
ISIC_7919661,600,450,119.87958526611328,76.24612426757812,20200
ISIC_7919849,600,450,132.62828063964844,36.98628234863281,41596
ISIC_7920017,600,450,149.04945373535156,42.172096252441406,30260
ISIC_7921865,600,450,137.23829650878906,26.913368225097656,31637
ISIC_7922830,600,450,143.13803100585938,37.17721939086914,30929
ISIC_7925027,600,450,128.45457458496094,36.13081359863281,34729
ISIC_7925520,600,450,161.96658325195312,15.523611068725586,19253
ISIC_7926021,600,450,155.89979553222656,30.41828727722168,47676
ISIC_7928247,600,450,139.02818298339844,32.543949127197266,37134
ISIC_7929517,600,450,113.7883529663086,40.11795425415039,31729
ISIC_7929528,600,450,174.55442810058594,37.11162185668945,24374
ISIC_7931618,600,450,154.3673553466797,36.4807243347168,32057
ISIC_7931784,600,450,104.41230773925781,30.536375045776367,21145
ISIC_7931991,600,450,130.54800415039062,37.53926467895508,34634
ISIC_7932712,600,450,123.80596923828125,43.652587890625,41933
ISIC_7933087,600,450,137.44920349121094,45.13208770751953,47907
ISIC_7936557,600,450,149.79885864257812,22.856508255004883,24205
ISIC_7936930,600,450,135.57972717285156,31.840984344482422,30258
ISIC_7938895,600,450,129.79090881347656,35.92605972290039,34016
ISIC_7938939,600,450,160.2086639404297,16.722116470336914,17779
ISIC_7939416,600,450,140.0263671875,21.6939697265625,23652
ISIC_7939427,600,450,155.6523895263672,30.4550724029541,26084
ISIC_7939458,600,450,162.15431213378906,30.22218894958496,43824
ISIC_7939848,600,450,199.9718780517578,26.8413143157959,24977
ISIC_7941055,600,450,168.9684295654297,42.11532974243164,31809
ISIC_7943464,600,450,117.71665954589844,53.44475173950195,53914
ISIC_7943627,600,450,131.30429077148438,28.76409149169922,30651
ISIC_7943939,600,450,127.78820037841797,20.4711856842041,26552
ISIC_7945457,600,450,149.2624053955078,15.709073066711426,19154
ISIC_7946501,600,450,138.2710723876953,42.128746032714844,30735
ISIC_7947601,600,450,109.14982604980469,39.34318542480469,42916
ISIC_7949818,600,450,158.70138549804688,31.071001052856445,25204
ISIC_7951600,600,450,129.3842010498047,40.48969650268555,29427
ISIC_7952911,600,450,131.120361328125,33.60447311401367,33985
ISIC_7953190,600,450,146.30177307128906,19.805593490600586,23688
ISIC_7954970,600,450,165.5387420654297,24.953981399536133,21621
ISIC_7956828,600,450,161.4604034423828,34.82093811035156,40959
ISIC_7957331,600,450,145.58901977539062,43.798065185546875,62146
ISIC_7957957,600,450,128.1916961669922,17.04329490661621,28356
ISIC_7958109,600,450,132.0142059326172,41.57130432128906,37557
ISIC_7960659,600,450,143.31935119628906,25.6337890625,26226
ISIC_7960741,600,450,150.84600830078125,38.322635650634766,27472
ISIC_7961515,600,450,125.9288101196289,43.14722442626953,43260
ISIC_7961554,600,450,143.62620544433594,30.95233726501465,46075
ISIC_7962171,600,450,183.6424560546875,23.672367095947266,17522
ISIC_7964186,600,450,143.02513122558594,33.774452209472656,36814
ISIC_7965278,600,450,138.30323791503906,33.402156829833984,36069
ISIC_7965372,600,450,128.95523071289062,17.45138931274414,21976
ISIC_7969817,600,450,147.68064880371094,29.376399993896484,30392
ISIC_7970664,600,450,110.90829467773438,43.204017639160156,46024
ISIC_7971759,600,450,143.94821166992188,31.602310180664062,42393
ISIC_7971818,600,450,119.64370727539062,35.08436584472656,41278
ISIC_7973098,600,450,97.22135162353516,50.67534637451172,23864
ISIC_7974196,600,450,138.11380004882812,22.863840103149414,22662
ISIC_7974235,600,450,161.1903839111328,29.647192001342773,26639
ISIC_7974271,600,450,147.34835815429688,70.32879638671875,30034
ISIC_7974788,600,450,130.02496337890625,32.708499908447266,36006
ISIC_7974869,600,450,135.53167724609375,22.574949264526367,19280
ISIC_7977103,600,450,148.55618286132812,18.433137893676758,22206
ISIC_7977369,600,450,124.0772476196289,43.73998260498047,19830
ISIC_7978498,600,450,148.5984344482422,22.517614364624023,22087
ISIC_7979271,600,450,159.3515625,29.36483383178711,23834
ISIC_7980095,600,450,134.98385620117188,74.96712493896484,36299
ISIC_7981568,600,450,135.90428161621094,36.967193603515625,43522
ISIC_7981707,600,450,163.1615753173828,29.27397918701172,30681
ISIC_7982443,600,450,149.52734375,17.40060806274414,26591
ISIC_7982662,600,450,102.66252136230469,27.41072654724121,20542
ISIC_7983538,600,450,154.75726318359375,25.435640335083008,22979
ISIC_7984223,600,450,174.28265380859375,27.654043197631836,32145
ISIC_7985297,600,450,129.76744079589844,37.145355224609375,41325
ISIC_7986295,600,450,158.06141662597656,53.440650939941406,56989
ISIC_7987042,600,450,170.23155212402344,27.454299926757812,19393
ISIC_7987908,600,450,192.0230255126953,43.51987838745117,23602
ISIC_7989237,600,450,116.91036224365234,39.28833770751953,36973
ISIC_7989369,600,450,151.90145874023438,42.936588287353516,28057
ISIC_7989453,600,450,154.2618408203125,30.436870574951172,23724
ISIC_7989475,600,450,122.51371765136719,36.94660568237305,45581
ISIC_7991063,600,450,156.11024475097656,23.32242202758789,41588
ISIC_7991319,600,450,155.42813110351562,45.88795852661133,28564
ISIC_7991773,600,450,164.75514221191406,26.591779708862305,19187
ISIC_7992008,600,450,122.5956802368164,56.710872650146484,22229
ISIC_7992749,600,450,153.22833251953125,34.31924819946289,36115
ISIC_7993187,600,450,145.65000915527344,39.6263542175293,43614
ISIC_7993222,600,450,156.08872985839844,29.490991592407227,22854
ISIC_7994643,600,450,137.75265502929688,34.48335647583008,37643
ISIC_7996471,600,450,138.3533477783203,31.924530029296875,49175
ISIC_7997862,600,450,135.28594970703125,21.657169342041016,23038
ISIC_8000351,600,450,182.97279357910156,22.026702880859375,34309
ISIC_8000477,600,450,131.43002319335938,34.36955642700195,31699
ISIC_8000982,600,450,206.80084228515625,38.0261116027832,16766
ISIC_8001737,600,450,137.3113250732422,29.036073684692383,36434
ISIC_8002362,600,450,146.619384765625,43.12678146362305,24652
ISIC_8005759,600,450,161.03048706054688,24.67852210998535,34694
ISIC_8006314,600,450,168.0809326171875,33.967464447021484,20234
ISIC_8008482,600,450,140.23727416992188,33.015323638916016,30273
ISIC_8010616,600,450,115.58805847167969,52.425838470458984,26986
ISIC_8011910,600,450,159.1533966064453,67.59016418457031,42423
ISIC_8012183,600,450,182.53736877441406,42.53622817993164,32709
ISIC_8012264,600,450,138.8425750732422,41.39046096801758,33322
ISIC_8015399,600,450,154.7484893798828,43.24330139160156,28985
ISIC_8015470,600,450,146.16661071777344,23.597978591918945,57478
ISIC_8016561,600,450,129.8743133544922,45.281639099121094,47926
ISIC_8019366,600,450,155.65269470214844,26.434879302978516,18970
ISIC_8019995,600,450,161.68264770507812,40.76139831542969,34479
ISIC_8020470,600,450,148.81866455078125,23.921545028686523,19441
ISIC_8020571,600,450,125.92462158203125,25.352773666381836,25545
ISIC_8021491,600,450,144.8632354736328,30.731666564941406,28467
ISIC_8021500,600,450,140.50877380371094,21.51759910583496,22675
ISIC_8022914,600,450,104.22349548339844,39.63287353515625,45060
ISIC_8023105,600,450,136.33909606933594,21.802059173583984,23901
ISIC_8024416,600,450,100.55020904541016,42.17936706542969,23885
ISIC_8024502,600,450,137.36331176757812,36.21612548828125,46283
ISIC_8025365,600,450,137.60923767089844,34.94078063964844,43458
ISIC_8025582,600,450,165.56472778320312,46.311195373535156,25710
ISIC_8026822,600,450,144.7154541015625,33.43975067138672,22641
ISIC_8027200,600,450,139.9842987060547,22.43035125732422,24962
ISIC_8028890,600,450,147.9556121826172,48.279212951660156,34506
ISIC_8031107,600,450,159.93356323242188,24.63150978088379,24150
ISIC_8032040,600,450,132.1771697998047,47.54231262207031,32243
ISIC_8032507,600,450,147.64080810546875,38.53518295288086,25442
ISIC_8032730,600,450,130.22000122070312,37.96829605102539,40530
ISIC_8033561,600,450,179.05235290527344,45.80515670776367,48542
ISIC_8035327,600,450,158.19476318359375,24.29401969909668,22594
ISIC_8037974,600,450,146.950927734375,36.36570358276367,38943
ISIC_8038275,600,450,128.3222198486328,39.15790557861328,43369
ISIC_8038352,600,450,136.27548217773438,22.218225479125977,28934
ISIC_8038497,600,450,157.48582458496094,36.6834831237793,26589
ISIC_8039873,600,450,86.40373992919922,33.194175720214844,21080
ISIC_8040056,600,450,143.78195190429688,18.896495819091797,24024
ISIC_8041130,600,450,161.61685180664062,19.232797622680664,28678
ISIC_8042747,600,450,128.47564697265625,40.79896926879883,49694
ISIC_8042886,600,450,166.7696990966797,41.45378494262695,33782
ISIC_8042946,600,450,120.92076110839844,34.7489013671875,30452
ISIC_8044922,600,450,122.30059051513672,44.26496887207031,45389
ISIC_8046525,600,450,140.4785919189453,30.536697387695312,39990
ISIC_8050539,600,450,131.5789794921875,41.51167297363281,44040
ISIC_8052182,600,450,157.2566375732422,45.74394989013672,36222
ISIC_8052679,600,450,163.89349365234375,37.36405563354492,37202
ISIC_8052859,600,450,154.4459228515625,31.985570907592773,26998
ISIC_8053804,600,450,94.86982727050781,40.43464660644531,38869
ISIC_8054114,600,450,132.28610229492188,36.36305618286133,43453
ISIC_8054499,600,450,185.34852600097656,19.33287811279297,25540
ISIC_8056101,600,450,128.68373107910156,53.13462829589844,28892
ISIC_8056158,600,450,83.83165740966797,36.598697662353516,30372
ISIC_8058034,600,450,92.50392150878906,24.62691307067871,35681
ISIC_8059473,600,450,120.64045715332031,28.139720916748047,28029
ISIC_8060479,600,450,157.8712158203125,27.558317184448242,27229
ISIC_8060774,600,450,192.43748474121094,24.17563819885254,37882
ISIC_8063764,600,450,139.05853271484375,39.833797454833984,43479
ISIC_8064335,600,450,137.90109252929688,41.00797653198242,42920
ISIC_8064864,600,450,137.25953674316406,37.15302658081055,43962
ISIC_8068358,600,450,156.60345458984375,38.45794677734375,36023
ISIC_8068926,600,450,158.7696075439453,14.718040466308594,13950
ISIC_8069305,600,450,136.9677276611328,36.30250930786133,35832
ISIC_8070587,600,450,124.86882019042969,40.62131881713867,31043
ISIC_8071918,600,450,162.4905242919922,23.507694244384766,30450
ISIC_8072870,600,450,145.68399047851562,29.52092170715332,23865
ISIC_8073921,600,450,87.35578918457031,42.889774322509766,55287
ISIC_8078817,600,450,126.94017028808594,41.76804733276367,46702
ISIC_8079388,600,450,120.99798583984375,75.68069458007812,22113
ISIC_8079552,600,450,141.1595916748047,13.61025619506836,23836
ISIC_8079864,600,450,126.70441436767578,27.079980850219727,29693
ISIC_8082083,600,450,153.21438598632812,28.998987197875977,30705
ISIC_8088100,600,450,170.0364227294922,22.952306747436523,50628
ISIC_8089680,600,450,155.73460388183594,50.55953598022461,27801
ISIC_8090800,600,450,153.6028594970703,52.71579360961914,27275
ISIC_8092373,600,450,147.9653778076172,33.05638885498047,27491
ISIC_8095870,600,450,124.96345520019531,35.22991943359375,44302
ISIC_8096488,600,450,134.09837341308594,34.017337799072266,21846
ISIC_8096941,600,450,102.43008422851562,51.5518684387207,38994
ISIC_8097656,600,450,132.63406372070312,35.66376495361328,38915
ISIC_8097741,600,450,128.9593048095703,23.489965438842773,26228
ISIC_8098167,600,450,164.0258331298828,28.07324981689453,22167
ISIC_8098771,600,450,120.5296401977539,71.44108581542969,43845
ISIC_8099059,600,450,162.36953735351562,50.80842971801758,52436
ISIC_8102692,600,450,133.22686767578125,25.0856990814209,28422
ISIC_8103067,600,450,159.21478271484375,28.42104148864746,23088
ISIC_8104170,600,450,167.1571807861328,33.201698303222656,42221
ISIC_8107179,600,450,169.81912231445312,35.16346740722656,47754
ISIC_8107716,600,450,140.46194458007812,25.209932327270508,30508
ISIC_8108965,600,450,203.6849365234375,25.550506591796875,46647
ISIC_8109519,600,450,144.3553924560547,16.98212242126465,26377
ISIC_8111688,600,450,150.85777282714844,40.84644317626953,25247
ISIC_8112188,600,450,142.61691284179688,26.931507110595703,32619
ISIC_8112445,600,450,172.93914794921875,16.34064483642578,28165
ISIC_8113702,600,450,127.86358642578125,32.51295471191406,33305
ISIC_8114137,600,450,161.12417602539062,23.939659118652344,24125
ISIC_8114381,600,450,84.76496887207031,39.70381546020508,46413
ISIC_8117173,600,450,143.38778686523438,37.288108825683594,33415
ISIC_8117883,600,450,155.80650329589844,62.1568717956543,47117
ISIC_8118009,600,450,119.50906372070312,34.532012939453125,29685
ISIC_8119167,600,450,147.72476196289062,31.267919540405273,24517
ISIC_8119943,600,450,127.36277770996094,35.768348693847656,36293
ISIC_8120806,600,450,152.3350372314453,36.96891403198242,33849
ISIC_8120877,600,450,145.62261962890625,37.586875915527344,38199
ISIC_8120902,600,450,122.63804626464844,32.14360809326172,33451
ISIC_8121619,600,450,146.82327270507812,17.92737579345703,23029
ISIC_8124386,600,450,116.16545104980469,40.818145751953125,43973
ISIC_8124598,600,450,136.0517578125,52.53469467163086,41018
ISIC_8126703,600,450,92.02326965332031,38.42399215698242,35986
ISIC_8127734,600,450,146.39736938476562,26.02704620361328,28184
ISIC_8129640,600,450,117.99108123779297,39.74872589111328,29099
ISIC_8131794,600,450,164.59422302246094,25.168569564819336,42778
ISIC_8132785,600,450,120.20011901855469,38.4189453125,37713
ISIC_8133362,600,450,123.35098266601562,41.01272964477539,26760
ISIC_8133623,600,450,165.66798400878906,23.81134605407715,17382
ISIC_8134181,600,450,150.55227661132812,41.191436767578125,24084
ISIC_8137029,600,450,158.964599609375,20.329423904418945,20546
ISIC_8137954,600,450,140.4593963623047,25.182666778564453,28245
ISIC_8138627,600,450,120.69882202148438,25.683685302734375,29217
ISIC_8138760,600,450,144.60574340820312,38.05107116699219,49871
ISIC_8139051,600,450,123.00382232666016,46.321964263916016,43576
ISIC_8143135,600,450,146.5573272705078,29.184768676757812,27053
ISIC_8144790,600,450,147.7521209716797,46.41309356689453,32201
ISIC_8145727,600,450,173.49339294433594,18.782838821411133,19282
ISIC_8145823,600,450,117.65060424804688,42.492698669433594,26214
ISIC_8147299,600,450,129.72801208496094,44.8349609375,43749
ISIC_8149219,600,450,81.36347198486328,57.465274810791016,23593
ISIC_8150619,600,450,126.18315124511719,44.28656005859375,50273
ISIC_8151340,600,450,161.01641845703125,27.870853424072266,37483
ISIC_8151706,600,450,162.23854064941406,29.37064552307129,29501
ISIC_8152761,600,450,170.1165771484375,40.27864456176758,24319
ISIC_8153849,600,450,139.0257110595703,48.23770523071289,32826
ISIC_8153909,600,450,128.72401428222656,35.88074493408203,28677
ISIC_8154140,600,450,165.02919006347656,10.426721572875977,15737
ISIC_8154669,600,450,148.90792846679688,27.70703887939453,27937
ISIC_8158325,600,450,156.70516967773438,20.706445693969727,15961
ISIC_8158738,600,450,125.59375,17.52068328857422,29945
ISIC_8159044,600,450,191.07057189941406,22.072973251342773,39109
ISIC_8159052,600,450,152.4949493408203,22.07201385498047,18055
ISIC_8160587,600,450,148.76010131835938,38.37433624267578,29785
ISIC_8160849,600,450,137.3395233154297,41.52955627441406,42110
ISIC_8165089,600,450,126.34123229980469,41.83018493652344,41686
ISIC_8167281,600,450,129.96255493164062,23.09126853942871,46877
ISIC_8168496,600,450,203.1547393798828,40.12993621826172,26993
ISIC_8171205,600,450,177.0769805908203,49.907379150390625,24491
ISIC_8171211,600,450,133.14207458496094,42.00164031982422,39175
ISIC_8171632,600,450,136.53042602539062,31.66958999633789,27677
ISIC_8171954,600,450,137.7864532470703,39.14738845825195,37709
ISIC_8172746,600,450,137.5991668701172,29.855100631713867,42624
ISIC_8172800,600,450,113.26427459716797,39.088253021240234,52627
ISIC_8175420,600,450,121.4134750366211,41.941585540771484,49161
ISIC_8176738,600,450,106.0933609008789,43.21205520629883,45325
ISIC_8176795,600,450,126.4489517211914,24.660594940185547,29797
ISIC_8177696,600,450,120.94517517089844,36.257694244384766,24268
ISIC_8178501,600,450,166.20492553710938,36.62479782104492,20855
ISIC_8178616,600,450,174.55813598632812,34.6463508605957,22384
ISIC_8178956,600,450,122.39131164550781,42.54216384887695,34501
ISIC_8179634,600,450,143.64349365234375,31.944976806640625,27844
ISIC_8180126,600,450,121.4731674194336,35.23820877075195,48552
ISIC_8180214,600,450,160.4475860595703,19.435009002685547,23567
ISIC_8180766,600,450,148.79144287109375,18.465526580810547,20113
ISIC_8183159,600,450,122.07909393310547,33.68975830078125,26604
ISIC_8184315,600,450,145.63259887695312,40.216365814208984,27844
ISIC_8184627,600,450,133.607177734375,42.71682357788086,39804
ISIC_8186312,600,450,133.48440551757812,36.77376174926758,43920
ISIC_8186630,600,450,142.28900146484375,25.710527420043945,24453
ISIC_8188045,600,450,179.1945037841797,26.037540435791016,33241
ISIC_8190843,600,450,167.21327209472656,31.53683853149414,23778
ISIC_8191013,600,450,154.20150756835938,28.66927719116211,22631
ISIC_8191999,600,450,141.95025634765625,23.80356788635254,23309
ISIC_8193005,600,450,153.562255859375,29.25583839416504,26447
ISIC_8193858,600,450,128.29025268554688,43.40142059326172,56843
ISIC_8195300,600,450,127.55335998535156,37.391334533691406,36714
ISIC_8195612,600,450,163.63385009765625,39.04945373535156,27380
ISIC_8195917,600,450,133.16885375976562,41.48003005981445,24727
ISIC_8197317,600,450,149.764404296875,17.575437545776367,28293
ISIC_8197778,600,450,172.3607635498047,49.00120162963867,44097
ISIC_8198425,600,450,142.4705352783203,25.91576385498047,43589
ISIC_8198645,600,450,108.24823760986328,31.850563049316406,25438
ISIC_8199024,600,450,141.51832580566406,46.56570053100586,32025
ISIC_8202730,600,450,151.74134826660156,24.09808349609375,32717
ISIC_8204527,600,450,146.48098754882812,42.2821159362793,44486
ISIC_8206552,600,450,158.88616943359375,13.882494926452637,18499
ISIC_8207675,600,450,125.64661407470703,44.08749008178711,46276
ISIC_8209412,600,450,139.28880310058594,24.447750091552734,38706
ISIC_8210069,600,450,126.40191650390625,27.510025024414062,38490
ISIC_8212322,600,450,151.27745056152344,27.895063400268555,50688
ISIC_8216271,600,450,139.48561096191406,40.134559631347656,38178
ISIC_8216483,600,450,141.13124084472656,40.72201919555664,24742
ISIC_8216653,600,450,117.30329895019531,32.139137268066406,30171
ISIC_8218617,600,450,144.43141174316406,65.37007904052734,31824
ISIC_8220140,600,450,108.90129089355469,29.536319732666016,32038
ISIC_8223664,600,450,152.63059997558594,35.11450958251953,35952
ISIC_8223761,600,450,121.86832427978516,40.87957763671875,32937
ISIC_8224925,600,450,144.61270141601562,29.54283332824707,43696
ISIC_8225481,600,450,122.07504272460938,39.22886276245117,37756
ISIC_8225518,600,450,187.6390380859375,24.77759552001953,38749
ISIC_8226322,600,450,117.1994400024414,54.05569076538086,36591
ISIC_8226503,600,450,152.67111206054688,24.16777992248535,25383
ISIC_8229493,600,450,159.6992950439453,26.66294288635254,19988
ISIC_8229738,600,450,120.82257843017578,41.123268127441406,34077
ISIC_8231124,600,450,129.06712341308594,34.43586349487305,40585
ISIC_8231148,600,450,101.37651062011719,35.73821258544922,58002
ISIC_8231201,600,450,167.28326416015625,35.06884765625,33803
ISIC_8231437,600,450,121.3084945678711,24.127208709716797,26007
ISIC_8232296,600,450,149.05313110351562,27.744115829467773,30569
ISIC_8234371,600,450,133.312744140625,50.41181182861328,32486
ISIC_8234709,600,450,122.21414947509766,25.297765731811523,28901
ISIC_8234989,600,450,170.3570556640625,27.455339431762695,41152
ISIC_8236388,600,450,155.3456573486328,23.762075424194336,19109
ISIC_8236818,600,450,127.85235595703125,43.271827697753906,39472
ISIC_8237625,600,450,114.62491607666016,27.98302459716797,27322
ISIC_8238316,600,450,121.19818115234375,19.821914672851562,24247
ISIC_8239142,600,450,136.9989776611328,33.87870407104492,34650
ISIC_8239177,600,450,138.33187866210938,32.89193344116211,35761
ISIC_8240527,600,450,140.28399658203125,15.991556167602539,20798
ISIC_8243063,600,450,104.1668930053711,38.84651565551758,32243
ISIC_8243525,600,450,167.30235290527344,43.12819290161133,45873
ISIC_8243847,600,450,119.76940155029297,35.614585876464844,31938
ISIC_8244439,600,450,145.9540252685547,23.35901641845703,28322
ISIC_8245171,600,450,159.51492309570312,65.72633361816406,41761
ISIC_8247362,600,450,119.14091491699219,31.576007843017578,35987
ISIC_8247705,600,450,155.0460968017578,30.644601821899414,35000
ISIC_8249583,600,450,141.16090393066406,32.69411849975586,35395
ISIC_8251123,600,450,145.5525665283203,18.79322624206543,24039
ISIC_8251827,600,450,161.32733154296875,12.140576362609863,20432
ISIC_8251905,600,450,174.95152282714844,44.98632049560547,25196
ISIC_8253140,600,450,131.6247100830078,32.8504524230957,21141
ISIC_8253705,600,450,156.79718017578125,33.26652145385742,25503
ISIC_8254014,600,450,160.45196533203125,32.403743743896484,26625
ISIC_8254063,600,450,187.5555419921875,41.28204345703125,35957
ISIC_8254778,600,450,126.65548706054688,42.988155364990234,46022
ISIC_8255125,600,450,114.06954956054688,31.259750366210938,21161
ISIC_8255479,600,450,134.9907684326172,33.81142044067383,38736
ISIC_8256353,600,450,141.18186950683594,29.258651733398438,32779
ISIC_8256652,600,450,165.60305786132812,45.0416259765625,40466
ISIC_8257388,600,450,169.92355346679688,18.97855567932129,20376
ISIC_8257972,600,450,147.56130981445312,44.19727325439453,30876
ISIC_8260085,600,450,158.00051879882812,24.639402389526367,21630
ISIC_8260302,600,450,122.17789459228516,31.743131637573242,31019
ISIC_8260534,600,450,130.4983367919922,22.59095001220703,27628
ISIC_8260850,600,450,153.7541961669922,24.728744506835938,25706
ISIC_8261347,600,450,162.7484588623047,52.37198257446289,30964
ISIC_8263244,600,450,135.00502014160156,44.23712921142578,40965
ISIC_8268102,600,450,135.9656524658203,32.91190719604492,30210
ISIC_8268192,600,450,184.25381469726562,36.309226989746094,22535
ISIC_8268969,600,450,165.55421447753906,21.153419494628906,31613
ISIC_8271657,600,450,110.71913146972656,42.335838317871094,42087
ISIC_8271684,600,450,168.49063110351562,44.43183517456055,25419
ISIC_8271995,600,450,187.9386444091797,20.96341323852539,39951
ISIC_8273914,600,450,123.13066864013672,45.11936950683594,49547
ISIC_8274052,600,450,132.5734405517578,18.216854095458984,23727
ISIC_8274376,600,450,150.9602508544922,14.200643539428711,23817
ISIC_8274729,600,450,178.84823608398438,42.10773849487305,34626
ISIC_8274863,600,450,165.8628387451172,35.5833854675293,27592
ISIC_8278794,600,450,150.86239624023438,28.81290626525879,45331
ISIC_8280602,600,450,124.31956481933594,25.727062225341797,34091
ISIC_8281265,600,450,135.11187744140625,32.54171371459961,30854
ISIC_8283268,600,450,128.14295959472656,32.364707946777344,37538
ISIC_8283280,600,450,146.69175720214844,21.978153228759766,21022
ISIC_8284395,600,450,113.82218170166016,50.45271301269531,54000
ISIC_8285122,600,450,148.6235809326172,35.20350646972656,32251
ISIC_8285513,600,450,129.30850219726562,40.41050338745117,40305
ISIC_8285845,600,450,156.9387969970703,20.1477108001709,15510
ISIC_8285958,600,450,157.87725830078125,30.530244827270508,24328
ISIC_8287342,600,450,135.7981719970703,34.23550796508789,32986
ISIC_8287609,600,450,126.86165618896484,41.69509506225586,51213
ISIC_8288141,600,450,138.45428466796875,25.609745025634766,25038
ISIC_8288213,600,450,151.7936553955078,35.84346008300781,50530
ISIC_8291456,600,450,164.3129119873047,34.63137435913086,29795
ISIC_8292493,600,450,142.89520263671875,25.28436851501465,30752
ISIC_8292731,600,450,123.71758270263672,32.886375427246094,57833
ISIC_8292872,600,450,158.15782165527344,29.22138786315918,23661
ISIC_8293339,600,450,145.38037109375,28.4392147064209,51025
ISIC_8293683,600,450,156.00120544433594,31.286256790161133,33641
ISIC_8293828,600,450,97.58956909179688,35.45479965209961,25691
ISIC_8294897,600,450,138.64471435546875,11.236564636230469,23428
ISIC_8295638,600,450,115.73422241210938,41.12620162963867,44481
ISIC_8301701,600,450,112.42294311523438,34.660621643066406,33328
ISIC_8302244,600,450,153.1226043701172,32.09481430053711,47188
ISIC_8302743,600,450,123.92566680908203,17.886747360229492,25155
ISIC_8304179,600,450,176.8085479736328,36.68716812133789,41714
ISIC_8305576,600,450,146.19142150878906,29.68907356262207,27971
ISIC_8305748,600,450,125.66033935546875,18.511226654052734,23350
ISIC_8307786,600,450,155.16571044921875,45.16586685180664,26673
ISIC_8308325,600,450,147.35569763183594,52.8549919128418,48964
ISIC_8309358,600,450,153.26893615722656,29.6842041015625,28038
ISIC_8310935,600,450,116.87891387939453,33.90436553955078,32175
ISIC_8311956,600,450,136.02682495117188,53.04720687866211,44956
ISIC_8312363,600,450,207.93650817871094,43.87171173095703,23272
ISIC_8313343,600,450,150.97752380371094,52.75339889526367,23061
ISIC_8314749,600,450,141.1631317138672,35.87351608276367,26767
ISIC_8318126,600,450,153.80224609375,47.433265686035156,27394
ISIC_8318215,600,450,126.2128677368164,44.62539291381836,69419
ISIC_8319384,600,450,117.95597076416016,31.185638427734375,35335
ISIC_8322623,600,450,150.7890625,23.91794204711914,17859
ISIC_8323623,600,450,127.50978088378906,32.172889709472656,34435
ISIC_8324594,600,450,148.09584045410156,22.373958587646484,23486
ISIC_8324607,600,450,184.685791015625,21.67966079711914,34085
ISIC_8325885,600,450,190.50682067871094,46.75917053222656,33181
ISIC_8325963,600,450,160.09927368164062,45.077762603759766,21223
ISIC_8326686,600,450,135.6923065185547,28.27960968017578,32631
ISIC_8327585,600,450,136.28866577148438,30.21076202392578,26980
ISIC_8328022,600,450,152.875,46.99059295654297,34413
ISIC_8329990,600,450,139.12823486328125,39.96736145019531,45341
ISIC_8330638,600,450,98.54003143310547,44.27983856201172,40603
ISIC_8331574,600,450,145.9706268310547,26.92350959777832,23998
ISIC_8332020,600,450,146.9411163330078,21.981828689575195,26831
ISIC_8333805,600,450,133.95291137695312,33.712860107421875,36158
ISIC_8334167,600,450,141.7911834716797,22.684932708740234,17426
ISIC_8334297,600,450,134.09979248046875,24.92536735534668,34469
ISIC_8337677,600,450,152.85276794433594,32.985008239746094,49471
ISIC_8338464,600,450,129.79296875,30.619068145751953,24635
ISIC_8338783,600,450,141.6042938232422,36.768592834472656,40831
ISIC_8339130,600,450,121.19364929199219,42.56483840942383,37853
ISIC_8339862,600,450,144.35887145996094,34.63026809692383,43571
ISIC_8339912,600,450,140.8473663330078,46.45029067993164,49843
ISIC_8339951,600,450,194.7509307861328,48.83774948120117,32135
ISIC_8340872,600,450,187.56797790527344,28.687349319458008,30752
ISIC_8341598,600,450,147.77230834960938,26.536304473876953,27924
ISIC_8342006,600,450,128.9254150390625,37.90715026855469,27896
ISIC_8344038,600,450,141.9274444580078,38.200096130371094,51768
ISIC_8344146,600,450,142.46896362304688,61.07596969604492,33266
ISIC_8344818,600,450,166.62838745117188,25.568815231323242,23892
ISIC_8344886,600,450,179.2574462890625,36.704654693603516,25640
ISIC_8345526,600,450,136.38864135742188,26.433979034423828,31258
ISIC_8346017,600,450,173.52610778808594,48.17986297607422,33762
ISIC_8346382,600,450,123.06404876708984,39.84492492675781,38965
ISIC_8349783,600,450,161.1314697265625,30.412742614746094,52161
ISIC_8349907,600,450,163.69371032714844,28.182371139526367,36098
ISIC_8350291,600,450,132.89859008789062,35.35493087768555,43054
ISIC_8350480,600,450,114.6454086303711,45.023258209228516,44538
ISIC_8350498,600,450,129.6928253173828,44.84981918334961,43741
ISIC_8350851,600,450,148.98260498046875,55.226985931396484,21529
ISIC_8351733,600,450,125.20954132080078,40.189598083496094,33843
ISIC_8352723,600,450,147.35348510742188,25.384424209594727,30628
ISIC_8353499,600,450,158.3520050048828,27.917978286743164,23086
ISIC_8354428,600,450,143.67831420898438,47.2801399230957,46126
ISIC_8355069,600,450,143.88050842285156,16.683387756347656,23407
ISIC_8355956,600,450,166.34486389160156,52.734832763671875,44449
ISIC_8356317,600,450,142.90374755859375,47.84259033203125,42805
ISIC_8356432,600,450,135.10330200195312,22.258495330810547,26923
ISIC_8356711,600,450,136.5748291015625,18.673622131347656,24525
ISIC_8356776,600,450,147.54751586914062,25.500402450561523,23810
ISIC_8357175,600,450,118.9554443359375,27.409584045410156,47950
ISIC_8357891,600,450,122.85246276855469,45.02041244506836,50177
ISIC_8358187,600,450,133.6903076171875,26.780773162841797,11822
ISIC_8358325,600,450,129.58987426757812,35.46303176879883,34499
ISIC_8358859,600,450,110.44209289550781,38.65310287475586,40742
ISIC_8361691,600,450,152.45059204101562,26.332645416259766,26581
ISIC_8361955,600,450,151.86863708496094,41.41526412963867,31646
ISIC_8362273,600,450,152.50611877441406,32.12937545776367,30344
ISIC_8362681,600,450,153.75111389160156,30.68389892578125,24994
ISIC_8363273,600,450,191.97372436523438,42.13508605957031,41661
ISIC_8365405,600,450,154.41661071777344,37.446529388427734,24278
ISIC_8365952,600,450,117.69358825683594,35.97048568725586,43998
ISIC_8366050,600,450,95.807861328125,51.046634674072266,22212
ISIC_8366447,600,450,148.05307006835938,44.99087142944336,31479
ISIC_8366620,600,450,130.24497985839844,30.216718673706055,35258
ISIC_8366863,600,450,177.52577209472656,24.288997650146484,21224
ISIC_8367084,600,450,130.76339721679688,31.308799743652344,28476
ISIC_8367579,600,450,132.5681915283203,49.32255554199219,54325
ISIC_8368960,600,450,149.61215209960938,38.11793518066406,25861
ISIC_8370666,600,450,161.301025390625,26.41916847229004,25465
ISIC_8372143,600,450,137.945556640625,25.087228775024414,43111
ISIC_8372465,600,450,138.28750610351562,23.912832260131836,26268
ISIC_8372539,600,450,193.72625732421875,21.067338943481445,38115
ISIC_8373214,600,450,151.7100372314453,34.51911544799805,31883
ISIC_8373898,600,450,140.72348022460938,37.035823822021484,46911
ISIC_8374389,600,450,127.29993438720703,31.946067810058594,36072
ISIC_8375466,600,450,102.79857635498047,78.5723648071289,32355
ISIC_8375920,600,450,174.91001892089844,54.56662368774414,35237
ISIC_8376145,600,450,127.18846130371094,41.75201416015625,40161
ISIC_8376392,600,450,141.20828247070312,30.939193725585938,37806
ISIC_8376889,600,450,110.1316909790039,36.98502731323242,34388
ISIC_8377707,600,450,150.48939514160156,43.99558639526367,27360
ISIC_8379217,600,450,142.5735321044922,20.37590980529785,37200
ISIC_8379235,600,450,148.8810272216797,46.117218017578125,38164
ISIC_8381176,600,450,127.92900848388672,54.421512603759766,28158
ISIC_8381434,600,450,136.0744171142578,30.67015838623047,38692
ISIC_8381606,600,450,167.2015380859375,15.727912902832031,18431
ISIC_8383673,600,450,158.90182495117188,70.1132583618164,40935
ISIC_8383870,600,450,131.20704650878906,47.217830657958984,36518
ISIC_8385396,600,450,168.83993530273438,23.876087188720703,17535
ISIC_8385616,600,450,161.50856018066406,20.93825340270996,27063
ISIC_8385854,600,450,113.40239715576172,38.00447082519531,47743
ISIC_8387069,600,450,137.53506469726562,36.68453598022461,43051
ISIC_8389918,600,450,152.87258911132812,41.23089599609375,28036
ISIC_8390104,600,450,144.00759887695312,35.88859939575195,29073
ISIC_8390299,600,450,164.0455322265625,20.092466354370117,43155
ISIC_8390476,600,450,177.7475128173828,29.375728607177734,15818
ISIC_8391328,600,450,126.94721984863281,18.593149185180664,18052
ISIC_8392439,600,450,127.88752746582031,20.728626251220703,24689
ISIC_8394448,600,450,131.51585388183594,27.406686782836914,29957
ISIC_8397636,600,450,154.45852661132812,41.66709518432617,51829
ISIC_8400472,600,450,154.9195098876953,14.648456573486328,25058
ISIC_8401508,600,450,180.4564208984375,27.94611930847168,41549
ISIC_8402218,600,450,173.3760528564453,35.12354278564453,31302
ISIC_8402813,600,450,145.20645141601562,16.599620819091797,21810
ISIC_8402952,600,450,129.35838317871094,40.33950424194336,52654
ISIC_8403731,600,450,137.84764099121094,32.07417678833008,41789
ISIC_8403829,600,450,84.92223358154297,29.69471549987793,37889
ISIC_8405549,600,450,161.1404571533203,31.145238876342773,35020
ISIC_8405809,600,450,184.25291442871094,49.26730728149414,30913
ISIC_8407534,600,450,155.54954528808594,33.321529388427734,32066
ISIC_8408499,600,450,119.01679229736328,44.56271743774414,23775
ISIC_8410138,600,450,119.04475402832031,42.106746673583984,45314
ISIC_8410820,600,450,167.27696228027344,27.59024429321289,28933
ISIC_8410845,600,450,139.96311950683594,32.10879135131836,26625
ISIC_8410933,600,450,149.24046325683594,23.188886642456055,15215
ISIC_8413819,600,450,146.6067352294922,11.469897270202637,18238
ISIC_8414183,600,450,129.6402130126953,32.678428649902344,32508
ISIC_8414442,600,450,131.13348388671875,32.605712890625,27584
ISIC_8414527,600,450,144.63925170898438,31.411657333374023,43711
ISIC_8416462,600,450,142.15367126464844,40.78812026977539,21997
ISIC_8417980,600,450,130.7296142578125,24.17475128173828,50429
ISIC_8419172,600,450,122.38414001464844,34.002052307128906,30624
ISIC_8419830,600,450,145.37254333496094,24.595003128051758,35607
ISIC_8420285,600,450,155.04061889648438,35.98006820678711,24433
ISIC_8421484,600,450,148.99024963378906,27.910844802856445,20958
ISIC_8424294,600,450,171.65635681152344,31.05488395690918,32127
ISIC_8424804,600,450,154.33270263671875,44.75626754760742,60921
ISIC_8426219,600,450,165.89627075195312,26.328832626342773,20040
ISIC_8429141,600,450,130.45977783203125,32.958499908447266,42510
ISIC_8429175,600,450,111.53028869628906,41.340965270996094,45334
ISIC_8430655,600,450,157.2235107421875,41.21599578857422,27005
ISIC_8431081,600,450,134.845458984375,36.858333587646484,33264
ISIC_8431346,600,450,143.22206115722656,26.958702087402344,23236
ISIC_8431410,600,450,140.66336059570312,35.42698287963867,45437
ISIC_8433656,600,450,159.03599548339844,22.56650733947754,20874
ISIC_8435693,600,450,115.87660217285156,34.01451873779297,23474
ISIC_8436161,600,450,174.41278076171875,41.172122955322266,33413
ISIC_8436376,600,450,180.10321044921875,18.653654098510742,26305
ISIC_8436767,600,450,162.73550415039062,67.87738037109375,42107
ISIC_8437510,600,450,135.55047607421875,55.225059509277344,30970
ISIC_8438197,600,450,118.0813217163086,40.977142333984375,40964
ISIC_8438291,600,450,159.31947326660156,23.749553680419922,20667
ISIC_8439407,600,450,160.81900024414062,19.510108947753906,17486
ISIC_8441087,600,450,171.16941833496094,25.54785919189453,39036
ISIC_8443235,600,450,142.3602752685547,37.741058349609375,47990
ISIC_8443887,600,450,153.39234924316406,29.118080139160156,58293
ISIC_8446097,600,450,130.81710815429688,48.17805862426758,44597
ISIC_8446431,600,450,189.3391571044922,51.81222915649414,28246
ISIC_8446505,600,450,147.12847900390625,36.116851806640625,27524
ISIC_8448006,600,450,175.1266326904297,33.90801239013672,24173
ISIC_8448143,600,450,120.46736145019531,41.176727294921875,31657
ISIC_8450508,600,450,162.7105712890625,25.084735870361328,17742
ISIC_8450877,600,450,141.791015625,18.372865676879883,19367
ISIC_8452965,600,450,151.87576293945312,21.604354858398438,23997
ISIC_8453550,600,450,131.00946044921875,44.095821380615234,36136
ISIC_8455179,600,450,128.33668518066406,34.294185638427734,30942
ISIC_8457294,600,450,127.16973114013672,46.43483352661133,49944
ISIC_8457494,600,450,143.82615661621094,35.60581970214844,42974
ISIC_8457619,600,450,170.9957733154297,32.70619201660156,23263
ISIC_8458042,600,450,125.39584350585938,38.52971649169922,30796
ISIC_8458255,600,450,126.47858428955078,35.66014099121094,42855
ISIC_8458699,600,450,113.49791717529297,26.0443172454834,37458
ISIC_8459726,600,450,160.33816528320312,37.83140182495117,56691
ISIC_8461400,600,450,134.43321228027344,46.6522216796875,45375
ISIC_8462138,600,450,205.26217651367188,29.987712860107422,23250
ISIC_8462208,600,450,153.3561553955078,26.298952102661133,27026
ISIC_8462237,600,450,138.5121307373047,30.09680938720703,35888
ISIC_8463692,600,450,154.11033630371094,43.054317474365234,45995
ISIC_8463837,600,450,145.8088836669922,15.617660522460938,21784
ISIC_8467445,600,450,137.42127990722656,30.338205337524414,42463
ISIC_8468152,600,450,145.74436950683594,23.759017944335938,20029
ISIC_8468747,600,450,145.91995239257812,37.42213439941406,43757
ISIC_8469156,600,450,165.10916137695312,45.03443145751953,31377
ISIC_8470224,600,450,156.7750701904297,22.39373016357422,21455
ISIC_8470753,600,450,149.57440185546875,21.834684371948242,25199
ISIC_8472106,600,450,133.052978515625,57.743247985839844,33011
ISIC_8472225,600,450,169.1508026123047,26.63095474243164,21314
ISIC_8472745,600,450,156.1426544189453,28.566598892211914,37941
ISIC_8473068,600,450,129.06629943847656,50.43181610107422,51012
ISIC_8473871,600,450,163.2635040283203,27.93791389465332,51264
ISIC_8476500,600,450,141.18246459960938,35.22275924682617,35974
ISIC_8478651,600,450,130.79776000976562,33.00271987915039,36910
ISIC_8479393,600,450,156.346923828125,21.491342544555664,40010
ISIC_8479950,600,450,133.13821411132812,36.72932434082031,38613
ISIC_8483047,600,450,159.860107421875,25.335147857666016,21841
ISIC_8483821,600,450,126.87077331542969,36.83894729614258,43248
ISIC_8483907,600,450,158.569091796875,28.0162353515625,27841
ISIC_8483915,600,450,179.64306640625,44.897911071777344,43881
ISIC_8484419,600,450,141.37734985351562,51.245758056640625,25880
ISIC_8485230,600,450,140.54185485839844,49.823123931884766,60312
ISIC_8487958,600,450,150.55369567871094,32.515987396240234,38491
ISIC_8488027,600,450,174.1468963623047,53.62512969970703,24433
ISIC_8491813,600,450,170.3423614501953,42.42025375366211,27334
ISIC_8491981,600,450,166.91604614257812,34.70415496826172,26193
ISIC_8492315,600,450,125.13059997558594,36.49665451049805,30358
ISIC_8494727,600,450,127.45973205566406,21.87673568725586,27601
ISIC_8495209,600,450,188.03512573242188,25.395185470581055,40376
ISIC_8495426,600,450,145.92340087890625,6.682955741882324,16085
ISIC_8497007,600,450,127.00492858886719,37.30827331542969,45364
ISIC_8498076,600,450,149.5098876953125,24.91714859008789,28177
ISIC_8499730,600,450,128.16180419921875,39.186317443847656,45627
ISIC_8499977,600,450,117.41157531738281,42.4376335144043,50086
ISIC_8500215,600,450,135.05667114257812,26.495548248291016,26341
ISIC_8500794,600,450,159.94178771972656,29.034507751464844,21660
ISIC_8501407,600,450,144.76058959960938,41.13235092163086,31321
ISIC_8505283,600,450,151.390380859375,13.00443172454834,19756
ISIC_8508207,600,450,133.0278778076172,25.365522384643555,30910
ISIC_8508919,600,450,123.23469543457031,42.38969421386719,43944
ISIC_8509634,600,450,112.64387512207031,51.31687927246094,22846
ISIC_8509874,600,450,139.1818084716797,33.788326263427734,26524
ISIC_8509933,600,450,103.18509674072266,45.88139724731445,47564
ISIC_8511040,600,450,140.4173583984375,39.25337600708008,23066
ISIC_8511101,600,450,168.6881561279297,26.497726440429688,24664
ISIC_8513973,600,450,170.23196411132812,27.561723709106445,22663
ISIC_8516115,600,450,164.81568908691406,47.80360412597656,34581
ISIC_8517056,600,450,170.2186279296875,21.579666137695312,18552
ISIC_8518612,600,450,139.56419372558594,34.345497131347656,28925
ISIC_8520875,600,450,140.28805541992188,35.937599182128906,63417
ISIC_8521879,600,450,148.8445281982422,58.469539642333984,32970
ISIC_8525569,600,450,136.09176635742188,37.511409759521484,43647
ISIC_8525598,600,450,122.92618560791016,50.41839599609375,49503
ISIC_8525826,600,450,148.4084930419922,37.90049743652344,28828
ISIC_8527678,600,450,139.1290283203125,30.114543914794922,21593
ISIC_8528097,600,450,155.28073120117188,36.75887680053711,36925
ISIC_8528570,600,450,161.8548583984375,20.309419631958008,19269
ISIC_8528718,600,450,131.50277709960938,21.746248245239258,20061
ISIC_8528760,600,450,163.03302001953125,24.72170639038086,28829
ISIC_8529932,600,450,119.31708526611328,63.86122131347656,24181
ISIC_8531002,600,450,134.35646057128906,30.523805618286133,44067
ISIC_8531625,600,450,111.1324234008789,41.64635467529297,35119
ISIC_8532508,600,450,184.6518096923828,60.46452331542969,32187
ISIC_8532648,600,450,160.39816284179688,59.362552642822266,29486
ISIC_8533186,600,450,129.31178283691406,35.94970703125,33620
ISIC_8534089,600,450,203.26840209960938,18.37668800354004,20690
ISIC_8537600,600,450,130.67965698242188,30.118865966796875,33222
ISIC_8537605,600,450,143.1697540283203,33.50065612792969,44162
ISIC_8541890,600,450,143.3201446533203,23.559581756591797,19990
ISIC_8541956,600,450,151.01390075683594,16.704282760620117,20158
ISIC_8542319,600,450,137.28001403808594,39.58087921142578,37059
ISIC_8543046,600,450,158.3835906982422,26.609962463378906,23968
ISIC_8544097,600,450,138.2231903076172,19.225927352905273,30271
ISIC_8544988,600,450,146.41015625,23.957469940185547,31001
ISIC_8545101,600,450,141.8753204345703,42.928627014160156,34605
ISIC_8545164,600,450,167.74383544921875,41.874183654785156,22986
ISIC_8545769,600,450,115.82003021240234,40.47576141357422,50908
ISIC_8546307,600,450,138.93881225585938,25.880626678466797,28720
ISIC_8546677,600,450,135.70777893066406,35.720027923583984,36526
ISIC_8547720,600,450,133.10809326171875,31.773338317871094,29423
ISIC_8549775,600,450,134.10008239746094,21.453460693359375,27912
ISIC_8550132,600,450,155.24395751953125,64.07064056396484,27187
ISIC_8550133,600,450,121.53734588623047,32.151695251464844,33293
ISIC_8551756,600,450,147.04493713378906,34.39095687866211,23039
ISIC_8552530,600,450,157.72543334960938,33.293758392333984,34730
ISIC_8553734,600,450,143.28810119628906,49.1337890625,37265
ISIC_8554900,600,450,109.20331573486328,25.854345321655273,25674
ISIC_8554994,600,450,145.66217041015625,19.4622802734375,28185
ISIC_8556393,600,450,161.66891479492188,30.92997932434082,26953
ISIC_8556689,600,450,154.39259338378906,34.099456787109375,40935
ISIC_8558562,600,450,137.56991577148438,23.9293212890625,25591
ISIC_8558850,600,450,163.31333923339844,39.73470687866211,24670
ISIC_8558990,600,450,138.5655059814453,43.27921676635742,45308
ISIC_8559278,600,450,148.2366943359375,27.489940643310547,23255
ISIC_8561066,600,450,165.891357421875,44.886695861816406,26418
ISIC_8561129,600,450,121.32811737060547,38.42957305908203,42296
ISIC_8562787,600,450,132.2630615234375,25.41771697998047,26235
ISIC_8563004,600,450,132.9884796142578,44.519325256347656,58691
ISIC_8563013,600,450,165.6005401611328,34.22665786743164,33360
ISIC_8564627,600,450,131.22848510742188,32.55087661743164,21235
ISIC_8565468,600,450,151.8223114013672,39.128028869628906,50580
ISIC_8565474,600,450,156.58084106445312,22.131532669067383,20743
ISIC_8566440,600,450,116.54408264160156,33.72306442260742,31519
ISIC_8570261,600,450,122.00431823730469,48.946041107177734,45871
ISIC_8572463,600,450,150.42234802246094,49.66332244873047,30302
ISIC_8572592,600,450,116.5394287109375,40.4526481628418,41137
ISIC_8573497,600,450,168.53195190429688,18.821016311645508,18347
ISIC_8577350,600,450,152.543701171875,11.973404884338379,26532
ISIC_8577597,600,450,152.74899291992188,35.46442794799805,26428
ISIC_8577913,600,450,121.2606201171875,45.17877197265625,52861
ISIC_8580681,600,450,191.1415252685547,18.54244613647461,32294
ISIC_8584528,600,450,163.08029174804688,13.742087364196777,15112
ISIC_8586056,600,450,127.2470932006836,26.293872833251953,28451
ISIC_8588817,600,450,176.53338623046875,20.849262237548828,40366
ISIC_8591122,600,450,142.4188995361328,30.079723358154297,30714
ISIC_8593738,600,450,143.75436401367188,38.58063888549805,23282
ISIC_8596125,600,450,167.2624969482422,25.679306030273438,31446
ISIC_8597782,600,450,178.38294982910156,31.137859344482422,41711
ISIC_8597788,600,450,129.98934936523438,35.95923614501953,34802
ISIC_8597919,600,450,128.16043090820312,40.802059173583984,46962
ISIC_8598339,600,450,152.414306640625,28.95722770690918,46421
ISIC_8599510,600,450,161.27281188964844,37.02109909057617,31441
ISIC_8599807,600,450,144.4568634033203,30.229293823242188,30103
ISIC_8600102,600,450,147.79953002929688,28.78870964050293,20040
ISIC_8601570,600,450,147.66732788085938,38.057456970214844,24649
ISIC_8603109,600,450,148.4208526611328,25.087825775146484,19304
ISIC_8603749,600,450,152.7910919189453,42.3668327331543,31040
ISIC_8604423,600,450,143.0352325439453,20.423328399658203,45252
ISIC_8604474,600,450,142.6009979248047,68.760986328125,42888
ISIC_8604662,600,450,148.31382751464844,24.241863250732422,26103
ISIC_8606881,600,450,149.9556121826172,37.11469650268555,24143
ISIC_8609184,600,450,157.64718627929688,29.29045295715332,25467
ISIC_8611718,600,450,145.95089721679688,44.215545654296875,52688
ISIC_8612060,600,450,149.3719940185547,29.33523178100586,23770
ISIC_8612251,600,450,149.4320831298828,14.675633430480957,17792
ISIC_8612934,600,450,125.34135437011719,36.30437088012695,34929
ISIC_8613107,600,450,117.42119598388672,30.43271827697754,43782
ISIC_8613265,600,450,150.43399047851562,18.729381561279297,22120
ISIC_8614302,600,450,159.199462890625,30.875391006469727,25981
ISIC_8614567,600,450,144.97698974609375,33.17424011230469,23745
ISIC_8614640,600,450,120.49393463134766,20.503206253051758,22553
ISIC_8615296,600,450,181.6575164794922,41.48974609375,20470
ISIC_8615408,600,450,130.46148681640625,36.026241302490234,39617
ISIC_8615694,600,450,152.1837158203125,41.67332458496094,29361
ISIC_8616033,600,450,166.04391479492188,20.392127990722656,24504
ISIC_8616397,600,450,133.50186157226562,32.81101608276367,40753
ISIC_8617896,600,450,107.82687377929688,39.12453079223633,44465
ISIC_8618352,600,450,158.18753051757812,25.379655838012695,23729
ISIC_8619333,600,450,132.95260620117188,33.18745040893555,22640
ISIC_8619763,600,450,156.6672821044922,29.65785789489746,22926
ISIC_8620082,600,450,128.3759307861328,23.419612884521484,31909
ISIC_8620236,600,450,166.7880096435547,34.63130187988281,29522
ISIC_8621381,600,450,153.2258758544922,32.69498825073242,23156
ISIC_8622558,600,450,157.94920349121094,34.64205551147461,40146
ISIC_8623171,600,450,133.5892791748047,28.3360652923584,30935
ISIC_8623479,600,450,142.2458038330078,31.869461059570312,27448
ISIC_8626277,600,450,159.2613525390625,54.03888702392578,33347
ISIC_8626292,600,450,150.6387176513672,28.671024322509766,37332
ISIC_8627295,600,450,131.7080535888672,22.34473991394043,26378
ISIC_8627581,600,450,155.90908813476562,63.84041976928711,29021
ISIC_8631635,600,450,127.95425415039062,45.21311950683594,54400
ISIC_8633121,600,450,159.6029052734375,51.96197509765625,31841
ISIC_8635663,600,450,147.7793731689453,17.17858123779297,32654
ISIC_8635734,600,450,131.9474639892578,45.705989837646484,22272
ISIC_8636984,600,450,110.64627838134766,40.168617248535156,41954
ISIC_8638879,600,450,151.16123962402344,46.75567626953125,23737
ISIC_8638964,600,450,124.49159240722656,37.224266052246094,72707
ISIC_8639067,600,450,159.26048278808594,26.293169021606445,16868
ISIC_8639708,600,450,134.31468200683594,29.879968643188477,32630
ISIC_8641274,600,450,128.1942138671875,29.539775848388672,39994
ISIC_8641404,600,450,125.2856674194336,38.12191390991211,35857
ISIC_8641712,600,450,125.18582916259766,41.1259880065918,32959
ISIC_8642318,600,450,130.23123168945312,25.25595474243164,27933
ISIC_8642522,600,450,148.14007568359375,39.66565704345703,28797
ISIC_8643100,600,450,138.2903594970703,25.204904556274414,29300
ISIC_8644031,600,450,116.85905456542969,39.706947326660156,27343
ISIC_8644033,600,450,124.1123275756836,35.968204498291016,34406
ISIC_8645743,600,450,130.9107208251953,40.82893753051758,48000
ISIC_8646399,600,450,172.00225830078125,28.57123374938965,27167
ISIC_8646764,600,450,148.35336303710938,17.094730377197266,33187
ISIC_8647252,600,450,173.33847045898438,28.29734230041504,33016
ISIC_8647858,600,450,149.55262756347656,31.33204460144043,24150
ISIC_8648920,600,450,165.7473907470703,38.956573486328125,30857
ISIC_8649350,600,450,164.9900665283203,29.609359741210938,21452
ISIC_8649670,600,450,121.21920013427734,45.853111267089844,46279
ISIC_8649825,600,450,143.95594787597656,36.609519958496094,34177
ISIC_8650160,600,450,161.09112548828125,31.06531524658203,21567
ISIC_8650326,600,450,152.131103515625,33.23955154418945,27546
ISIC_8650757,600,450,123.98880767822266,30.271860122680664,39342
ISIC_8652712,600,450,130.20388793945312,28.920223236083984,44458
ISIC_8653825,600,450,160.1874542236328,36.11319351196289,28648
ISIC_8654948,600,450,145.46047973632812,21.822933197021484,34368
ISIC_8657483,600,450,140.38926696777344,25.411361694335938,29703
ISIC_8657995,600,450,154.34170532226562,34.489845275878906,26000
ISIC_8659657,600,450,156.4884033203125,30.65387725830078,42570
ISIC_8660074,600,450,134.69528198242188,31.737031936645508,29056
ISIC_8660210,600,450,149.96664428710938,52.567073822021484,32223
ISIC_8660310,600,450,117.35211944580078,36.86683654785156,34545
ISIC_8660432,600,450,142.1663818359375,36.35958480834961,48977
ISIC_8662550,600,450,182.08636474609375,48.130897521972656,37756
ISIC_8662604,600,450,140.86807250976562,29.15924644470215,19514
ISIC_8663511,600,450,137.19537353515625,24.295162200927734,18399
ISIC_8664926,600,450,157.73619079589844,30.381389617919922,63203
ISIC_8667734,600,450,146.8400421142578,32.5505485534668,24166
ISIC_8667960,600,450,175.26324462890625,50.09346008300781,27637
ISIC_8668469,600,450,145.58236694335938,22.567794799804688,45203
ISIC_8668491,600,450,140.67083740234375,11.460453987121582,20698
ISIC_8668865,600,450,171.27268981933594,30.136518478393555,29592
ISIC_8668985,600,450,151.1011962890625,16.2259464263916,19931
ISIC_8669887,600,450,150.75164794921875,44.8977165222168,33107
ISIC_8669932,600,450,127.28375244140625,44.37910461425781,74068
ISIC_8670753,600,450,171.64187622070312,25.08527374267578,34619
ISIC_8672327,600,450,172.6136932373047,44.58857345581055,23866
ISIC_8673290,600,450,156.6109619140625,28.698474884033203,21118
ISIC_8673829,600,450,138.18994140625,40.504451751708984,34091
ISIC_8674267,600,450,140.61611938476562,26.8770751953125,44357
ISIC_8674473,600,450,121.5081787109375,45.45018005371094,52060
ISIC_8675305,600,450,160.4810028076172,19.319110870361328,22824
ISIC_8678580,600,450,127.17953491210938,38.620487213134766,43353
ISIC_8678969,600,450,145.18226623535156,21.123435974121094,28173
ISIC_8680621,600,450,106.91146850585938,15.055524826049805,24908
ISIC_8680973,600,450,182.0211181640625,40.179039001464844,45546
ISIC_8684025,600,450,112.81598663330078,71.62281036376953,17607
ISIC_8684482,600,450,195.89901733398438,38.80366134643555,23355
ISIC_8685078,600,450,135.20391845703125,25.213199615478516,38329
ISIC_8685453,600,450,204.93560791015625,23.273698806762695,21244
ISIC_8686696,600,450,146.82997131347656,22.289527893066406,23353
ISIC_8687339,600,450,149.8377227783203,22.409435272216797,34874
ISIC_8687675,600,450,150.94216918945312,39.28799057006836,32755
ISIC_8689886,600,450,116.22154235839844,39.419002532958984,38462
ISIC_8690049,600,450,126.08460235595703,39.60434341430664,31267
ISIC_8690116,600,450,156.78555297851562,34.09871292114258,23349
ISIC_8691098,600,450,149.1188201904297,41.55818176269531,23928
ISIC_8693307,600,450,164.29417419433594,44.072608947753906,29949
ISIC_8693433,600,450,125.51610565185547,28.04169464111328,47237
ISIC_8694246,600,450,150.50222778320312,35.56858825683594,38589
ISIC_8695042,600,450,161.92062377929688,17.181949615478516,16622
ISIC_8695319,600,450,136.66827392578125,34.61189651489258,41611
ISIC_8695455,600,450,132.50830078125,18.409210205078125,20461
ISIC_8696381,600,450,141.8974151611328,20.604503631591797,20310
ISIC_8696938,600,450,151.3485870361328,24.871545791625977,45228
ISIC_8697607,600,450,131.56295776367188,42.512454986572266,33985
ISIC_8698177,600,450,145.67588806152344,14.130199432373047,21502
ISIC_8698202,600,450,130.8555450439453,39.42189025878906,39402
ISIC_8698547,600,450,182.05799865722656,64.93738555908203,30432
ISIC_8699233,600,450,171.3653106689453,33.75641632080078,19937
ISIC_8699706,600,450,180.5540771484375,35.409446716308594,26312
ISIC_8701104,600,450,190.2677764892578,35.56247329711914,22089
ISIC_8701249,600,450,121.51038360595703,45.1126708984375,54007
ISIC_8701478,600,450,154.4625701904297,29.992048263549805,34489
ISIC_8703747,600,450,130.15650939941406,39.9478874206543,50772
ISIC_8703792,600,450,170.84535217285156,32.08319854736328,21953
ISIC_8704127,600,450,171.25100708007812,23.518810272216797,40205
ISIC_8704436,600,450,129.28701782226562,21.51386833190918,23004
ISIC_8705648,600,450,152.45980834960938,28.066207885742188,33302
ISIC_8707635,600,450,158.2620086669922,25.590774536132812,23480
ISIC_8707995,600,450,123.48436737060547,41.38157272338867,43445
ISIC_8708228,600,450,167.9914093017578,32.45796203613281,24046
ISIC_8709148,600,450,141.31982421875,37.15666580200195,41360
ISIC_8710450,600,450,139.2992706298828,20.867719650268555,25035
ISIC_8712502,600,450,160.64529418945312,26.999614715576172,26498
ISIC_8713886,600,450,135.47128295898438,35.06664276123047,48888
ISIC_8714957,600,450,165.67735290527344,28.247215270996094,23029
ISIC_8715446,600,450,118.34477996826172,28.22923469543457,29953
ISIC_8715920,600,450,133.5597381591797,38.42007827758789,54431
ISIC_8717771,600,450,128.66978454589844,29.013826370239258,35861
ISIC_8718627,600,450,131.1381378173828,48.144744873046875,25837
ISIC_8720890,600,450,121.07371520996094,47.44721984863281,42589
ISIC_8721730,600,450,138.54873657226562,24.865894317626953,47409
ISIC_8722421,600,450,108.66178131103516,30.587303161621094,38864
ISIC_8722591,600,450,178.63490295410156,46.01365280151367,39403
ISIC_8723086,600,450,130.5905303955078,39.59290313720703,29178
ISIC_8723221,600,450,168.650390625,25.970199584960938,24608
ISIC_8723719,600,450,144.8184051513672,21.154504776000977,22218
ISIC_8724627,600,450,143.3815460205078,34.60509490966797,33922
ISIC_8726132,600,450,148.99642944335938,23.016796112060547,24308
ISIC_8730307,600,450,159.66065979003906,32.26218795776367,29931
ISIC_8731377,600,450,124.89364624023438,26.541170120239258,25005
ISIC_8731413,600,450,177.456787109375,37.97298812866211,29192
ISIC_8731964,600,450,155.1599578857422,19.359024047851562,25711
ISIC_8732830,600,450,135.46987915039062,48.391292572021484,44462
ISIC_8733906,600,450,115.82747650146484,39.07341384887695,36507
ISIC_8734016,600,450,166.789306640625,42.096187591552734,37725
ISIC_8734969,600,450,132.5401611328125,40.831607818603516,36770
ISIC_8736820,600,450,143.47640991210938,55.581871032714844,31743
ISIC_8737266,600,450,131.77821350097656,30.601083755493164,33229
ISIC_8738126,600,450,128.2955780029297,26.040727615356445,23539
ISIC_8740093,600,450,143.12518310546875,38.46451187133789,40195
ISIC_8740405,600,450,136.8748779296875,32.480506896972656,41670
ISIC_8741300,600,450,157.123046875,30.32608985900879,38455
ISIC_8741674,600,450,142.63380432128906,23.37720489501953,28942
ISIC_8743028,600,450,160.30340576171875,32.99667739868164,27323
ISIC_8744116,600,450,141.47219848632812,26.735454559326172,24111
ISIC_8744831,600,450,132.1759490966797,32.856998443603516,30669
ISIC_8745129,600,450,116.57672119140625,21.63981056213379,26052
ISIC_8745325,600,450,134.83694458007812,49.095123291015625,49550
ISIC_8745622,600,450,136.22132873535156,28.429527282714844,65476
ISIC_8745861,600,450,160.266845703125,32.03720474243164,41074
ISIC_8746170,600,450,156.2171630859375,26.287647247314453,21729
ISIC_8746569,600,450,127.62676239013672,36.96961975097656,35331
ISIC_8746740,600,450,152.73678588867188,26.014955520629883,31908
ISIC_8748477,600,450,140.47450256347656,33.19629669189453,51775
ISIC_8748525,600,450,143.9332733154297,32.9338264465332,45226
ISIC_8749451,600,450,145.080078125,44.82125473022461,57266
ISIC_8750253,600,450,141.0365447998047,32.91558837890625,40002
ISIC_8753280,600,450,118.27466583251953,47.19233322143555,41674
ISIC_8754137,600,450,121.53744506835938,34.84529495239258,23815
ISIC_8754259,600,450,136.1656036376953,31.845216751098633,24090
ISIC_8755727,600,450,175.4923858642578,29.57505226135254,21835
ISIC_8758280,600,450,151.86874389648438,46.862648010253906,47142
ISIC_8759215,600,450,127.54422760009766,30.933351516723633,23965
ISIC_8759947,600,450,142.58726501464844,20.009103775024414,22575
ISIC_8760881,600,450,145.26771545410156,37.8132209777832,25824
ISIC_8762355,600,450,152.42555236816406,31.093059539794922,39285
ISIC_8764700,600,450,127.00800323486328,42.378082275390625,45341
ISIC_8766762,600,450,149.14329528808594,50.068031311035156,18216
ISIC_8767141,600,450,150.67755126953125,38.53424835205078,44836
ISIC_8768212,600,450,144.70587158203125,33.24601745605469,35916
ISIC_8768360,600,450,113.39289093017578,33.86033248901367,58416
ISIC_8768573,600,450,146.7762451171875,34.90285110473633,47680
ISIC_8768858,600,450,129.9521026611328,22.068992614746094,31871
ISIC_8769047,600,450,153.05043029785156,33.90076446533203,21671
ISIC_8769148,600,450,164.89328002929688,40.6136474609375,34434
ISIC_8771153,600,450,147.021484375,36.79009246826172,42363
ISIC_8771453,600,450,152.8794708251953,24.71385383605957,35087
ISIC_8771667,600,450,108.02218627929688,31.880237579345703,38209
ISIC_8772140,600,450,90.96810913085938,49.01237487792969,23959
ISIC_8774868,600,450,140.8859405517578,36.508941650390625,37328
ISIC_8776361,600,450,158.21945190429688,27.38178062438965,24197
ISIC_8776447,600,450,121.03390502929688,43.880340576171875,35889
ISIC_8776679,600,450,142.9385223388672,11.500948905944824,15149
ISIC_8776793,600,450,123.40355682373047,24.972349166870117,30016
ISIC_8778268,600,450,98.61151885986328,28.27907943725586,54674
ISIC_8778674,600,450,142.76287841796875,22.286867141723633,27017
ISIC_8779998,600,450,117.29823303222656,42.401397705078125,34215
ISIC_8782095,600,450,172.7273406982422,29.74587059020996,29030
ISIC_8782205,600,450,123.57616424560547,34.50386047363281,40869
ISIC_8782299,600,450,141.34490966796875,38.655616760253906,30844
ISIC_8782993,600,450,127.76272583007812,27.988317489624023,41541
ISIC_8783624,600,450,143.3720245361328,36.28443145751953,40416
ISIC_8785987,600,450,134.45614624023438,30.240192413330078,40317
ISIC_8786035,600,450,134.4842071533203,30.639507293701172,32293
ISIC_8786149,600,450,124.11961364746094,30.650840759277344,42832
ISIC_8787301,600,450,159.82655334472656,37.982513427734375,25161
ISIC_8788388,600,450,170.1658935546875,28.84839630126953,46412
ISIC_8788500,600,450,129.2803497314453,36.70085144042969,51842
ISIC_8789412,600,450,111.01679229736328,35.99252700805664,33409
ISIC_8790740,600,450,135.02931213378906,18.378320693969727,15200
ISIC_8790878,600,450,159.37379455566406,33.57063674926758,20702
ISIC_8790887,600,450,129.2073211669922,26.0017032623291,27104
ISIC_8791057,600,450,158.2895965576172,17.072566986083984,21212
ISIC_8791911,600,450,124.6734848022461,39.124603271484375,37186
ISIC_8793103,600,450,125.71635437011719,26.974132537841797,46854
ISIC_8793131,600,450,133.5126190185547,37.2519416809082,39323
ISIC_8793565,600,450,122.93914031982422,26.876527786254883,31159
ISIC_8793718,600,450,139.42819213867188,43.402015686035156,32373
ISIC_8793818,600,450,146.7882080078125,41.608821868896484,37485
ISIC_8800271,600,450,181.8069305419922,26.499408721923828,27839
ISIC_8800634,600,450,131.20730590820312,28.795061111450195,33223
ISIC_8802957,600,450,132.15248107910156,24.120820999145508,30116
ISIC_8803389,600,450,126.25094604492188,29.854663848876953,43316
ISIC_8804250,600,450,157.3399200439453,25.44546127319336,27699
ISIC_8805390,600,450,144.8992919921875,32.40729904174805,22397
ISIC_8807238,600,450,148.6952667236328,45.9420051574707,33872
ISIC_8808076,600,450,116.32093811035156,30.185747146606445,20992
ISIC_8810193,600,450,184.2074432373047,26.84271240234375,45358
ISIC_8810868,600,450,175.1813507080078,35.78627014160156,22840
ISIC_8810920,600,450,164.69833374023438,29.485008239746094,22200
ISIC_8811262,600,450,129.01300048828125,41.04705047607422,34742
ISIC_8812260,600,450,161.03146362304688,15.183528900146484,16788
ISIC_8815245,600,450,147.7755126953125,36.41205596923828,30172
ISIC_8815594,600,450,98.44071197509766,33.485599517822266,42104
ISIC_8815763,600,450,140.9242401123047,48.04180908203125,43756
ISIC_8816075,600,450,152.2453155517578,31.493501663208008,40639
ISIC_8816242,600,450,174.27040100097656,49.38858413696289,33895
ISIC_8816308,600,450,126.2484359741211,30.344411849975586,21177
ISIC_8818884,600,450,147.137451171875,38.23501968383789,57010
ISIC_8820732,600,450,181.27755737304688,30.178081512451172,35736
ISIC_8821083,600,450,118.67665100097656,42.45869064331055,51506
ISIC_8821690,600,450,124.82939147949219,39.30119705200195,41649
ISIC_8823892,600,450,162.3730926513672,31.02933692932129,24969
ISIC_8825637,600,450,160.55072021484375,14.216228485107422,23232
ISIC_8826493,600,450,158.3075408935547,43.89900207519531,40176
ISIC_8827860,600,450,136.52505493164062,22.137577056884766,45155
ISIC_8828083,600,450,135.62109375,33.935791015625,31905
ISIC_8828944,600,450,116.9938735961914,37.175235748291016,69341
ISIC_8829523,600,450,157.0191192626953,46.427852630615234,24308
ISIC_8830091,600,450,130.2440643310547,48.533416748046875,54314
ISIC_8830166,600,450,145.958740234375,18.1230411529541,16993
ISIC_8830503,600,450,167.22647094726562,54.02167892456055,47601
ISIC_8830776,600,450,173.6963348388672,30.56338119506836,39242
ISIC_8830839,600,450,105.69277954101562,43.9638786315918,35006
ISIC_8832464,600,450,100.14358520507812,50.07334518432617,26441
ISIC_8832798,600,450,143.91256713867188,33.84267807006836,49074
ISIC_8832843,600,450,151.26901245117188,45.976531982421875,24544
ISIC_8833451,600,450,184.40113830566406,25.81049919128418,46504
ISIC_8834324,600,450,175.2072296142578,43.65269088745117,41276
ISIC_8837131,600,450,155.62884521484375,32.11930465698242,27479
ISIC_8839205,600,450,183.5462188720703,22.03472137451172,21108
ISIC_8839329,600,450,137.17991638183594,28.33808135986328,31926
ISIC_8839444,600,450,125.92414855957031,42.36756134033203,36067
ISIC_8839494,600,450,121.86915588378906,37.3535270690918,32847
ISIC_8840511,600,450,147.2673797607422,19.16383171081543,24780
ISIC_8842467,600,450,135.52928161621094,42.05363845825195,50455
ISIC_8843104,600,450,158.601806640625,18.52482032775879,32643
ISIC_8843537,600,450,161.53933715820312,21.232303619384766,18896
ISIC_8845800,600,450,121.9737548828125,32.943939208984375,31496
ISIC_8846211,600,450,113.92960357666016,42.91684341430664,44352
ISIC_8846554,600,450,132.10728454589844,27.195552825927734,19204
ISIC_8846852,600,450,127.9564208984375,33.60237121582031,45002
ISIC_8847230,600,450,132.8561553955078,37.19307327270508,40499
ISIC_8849386,600,450,124.13909912109375,29.743919372558594,41759
ISIC_8850071,600,450,155.3271942138672,36.90741729736328,30448
ISIC_8851360,600,450,159.26083374023438,47.52178192138672,41304
ISIC_8851382,600,450,137.22950744628906,35.128448486328125,35903
ISIC_8853941,600,450,184.7494659423828,22.791902542114258,34032
ISIC_8854712,600,450,130.38101196289062,25.76274299621582,28354
ISIC_8856766,600,450,131.7307891845703,24.804954528808594,29409
ISIC_8857322,600,450,173.3540802001953,18.670637130737305,24065
ISIC_8858231,600,450,129.64002990722656,32.26844024658203,38383
ISIC_8858434,600,450,123.17295837402344,33.78877258300781,43459
ISIC_8858676,600,450,134.65664672851562,37.878456115722656,36431
ISIC_8860235,600,450,176.2286376953125,25.987974166870117,22974
ISIC_8860890,600,450,152.15426635742188,39.4988899230957,39878
ISIC_8861411,600,450,111.33235931396484,33.713539123535156,38169
ISIC_8862307,600,450,125.025146484375,25.113487243652344,22753
ISIC_8862763,600,450,115.26607513427734,23.897884368896484,37178
ISIC_8863147,600,450,132.08062744140625,24.202861785888672,20447
ISIC_8863788,600,450,177.611572265625,29.236560821533203,41508
ISIC_8865829,600,450,167.265869140625,52.60967254638672,24508
ISIC_8866895,600,450,123.30135345458984,40.29853820800781,38193
ISIC_8867010,600,450,158.12274169921875,44.28293228149414,71302
ISIC_8868003,600,450,129.43899536132812,46.225189208984375,54584
ISIC_8868188,600,450,184.96827697753906,34.3396110534668,30946
ISIC_8868777,600,450,143.8267822265625,20.58204460144043,29735
ISIC_8869199,600,450,114.57149505615234,44.408775329589844,53948
ISIC_8870190,600,450,110.68355560302734,30.009841918945312,34289
ISIC_8870317,600,450,149.66244506835938,33.97922897338867,38094
ISIC_8870441,600,450,142.4114532470703,14.194007873535156,24926
ISIC_8872336,600,450,157.3560028076172,34.85762023925781,31973
ISIC_8873365,600,450,118.61963653564453,42.172889709472656,25611
ISIC_8874166,600,450,145.0485382080078,64.13056182861328,31980
ISIC_8876204,600,450,117.20576477050781,39.06248092651367,37683
ISIC_8876261,600,450,163.1705322265625,38.1749153137207,30490
ISIC_8877039,600,450,162.6003875732422,45.148616790771484,34853
ISIC_8878792,600,450,144.02078247070312,30.748910903930664,22775
ISIC_8879305,600,450,128.5424041748047,38.522850036621094,40120
ISIC_8879612,600,450,132.2282257080078,37.50248336791992,43063
ISIC_8880430,600,450,143.23809814453125,35.03628921508789,24402
ISIC_8880596,600,450,161.1125030517578,44.160335540771484,22863
ISIC_8880696,600,450,125.67880249023438,35.07672882080078,43966
ISIC_8882028,600,450,131.54039001464844,29.142271041870117,40321
ISIC_8882107,600,450,144.44973754882812,36.4263916015625,29395
ISIC_8882696,600,450,145.53176879882812,9.170639991760254,19087
ISIC_8883053,600,450,115.44303894042969,41.44050598144531,31470
ISIC_8883217,600,450,116.03206634521484,33.36429214477539,32184
ISIC_8884437,600,450,191.90145874023438,14.033660888671875,32069
ISIC_8890260,600,450,132.22068786621094,26.242164611816406,47262
ISIC_8890680,600,450,163.5856170654297,35.747894287109375,29796
ISIC_8893011,600,450,114.08102416992188,46.3148078918457,39227
ISIC_8894147,600,450,117.05291748046875,35.628604888916016,20498
ISIC_8894733,600,450,131.68504333496094,39.179100036621094,51003
ISIC_8894857,600,450,155.65707397460938,26.26119613647461,27266
ISIC_8895392,600,450,138.04742431640625,35.259925842285156,30285
ISIC_8895973,600,450,138.58511352539062,40.90180206298828,48655
ISIC_8897421,600,450,131.4829559326172,38.113441467285156,53785
ISIC_8897741,600,450,119.5727767944336,34.47298812866211,25374
ISIC_8898024,600,450,115.57384490966797,50.85169982910156,39460
ISIC_8898114,600,450,113.82630920410156,49.01906967163086,47260
ISIC_8898285,600,450,118.19134521484375,41.926788330078125,54498
ISIC_8898499,600,450,131.1180419921875,35.70029830932617,40520
ISIC_8898820,600,450,146.12197875976562,51.63862609863281,37845
ISIC_8898834,600,450,104.28065490722656,41.04684829711914,59424
ISIC_8899125,600,450,154.5831756591797,55.50343704223633,32228
ISIC_8899246,600,450,142.58236694335938,30.568593978881836,46478
ISIC_8899493,600,450,132.31288146972656,42.72591781616211,62180
ISIC_8899742,600,450,108.26242065429688,41.638668060302734,37827
ISIC_8900097,600,450,152.0987091064453,29.55957794189453,25937
ISIC_8903447,600,450,137.12203979492188,39.6531982421875,41751
ISIC_8904388,600,450,168.10736083984375,51.38368225097656,48792
ISIC_8904796,600,450,163.0736846923828,19.049713134765625,18461
ISIC_8905603,600,450,122.63148498535156,32.78059768676758,32418
ISIC_8906358,600,450,116.83692169189453,28.21015739440918,24268
ISIC_8907397,600,450,148.73020935058594,27.413238525390625,46452
ISIC_8908980,600,450,208.46087646484375,16.582624435424805,41059
ISIC_8910720,600,450,137.23402404785156,56.05853271484375,28593
ISIC_8911152,600,450,122.44109344482422,36.124576568603516,32419
ISIC_8912166,600,450,152.785400390625,51.38376998901367,28948
ISIC_8912227,600,450,142.38885498046875,27.2248477935791,38918
ISIC_8913904,600,450,115.65737915039062,43.31924819946289,45524
ISIC_8914881,600,450,138.78970336914062,35.613861083984375,35639
ISIC_8914963,600,450,160.68331909179688,20.02911376953125,18456
ISIC_8914970,600,450,151.1847686767578,38.15971755981445,26593
ISIC_8915033,600,450,148.89859008789062,33.59736251831055,33934
ISIC_8916536,600,450,132.28404235839844,47.93950653076172,55924
ISIC_8917612,600,450,165.7013702392578,35.22779083251953,46984
ISIC_8918247,600,450,151.56224060058594,37.99884796142578,26058
ISIC_8919169,600,450,139.65965270996094,43.71854019165039,31363
ISIC_8919899,600,450,144.3112335205078,33.89521408081055,33927
ISIC_8921695,600,450,189.16563415527344,33.56560516357422,47365
ISIC_8921737,600,450,154.7661590576172,35.3152961730957,24340
ISIC_8922165,600,450,157.34934997558594,23.135427474975586,15273
ISIC_8922391,600,450,136.45631408691406,44.20058059692383,36908
ISIC_8923256,600,450,158.6704864501953,45.7318115234375,27299
ISIC_8925555,600,450,111.7538833618164,28.132801055908203,30469
ISIC_8929392,600,450,115.64947509765625,68.31952667236328,22055
ISIC_8929684,600,450,122.03128051757812,28.367233276367188,29283
ISIC_8930739,600,450,107.05386352539062,40.7569580078125,40062
ISIC_8932533,600,450,149.72422790527344,43.072669982910156,30202
ISIC_8932910,600,450,139.3861541748047,45.804832458496094,43006
ISIC_8933142,600,450,183.65151977539062,50.393211364746094,41376
ISIC_8933202,600,450,160.68380737304688,40.47339630126953,34643
ISIC_8934759,600,450,122.84762573242188,67.03421783447266,27534
ISIC_8935612,600,450,120.77091979980469,36.76507568359375,31846
ISIC_8935869,600,450,161.47262573242188,32.710147857666016,37330
ISIC_8937601,600,450,172.7301483154297,38.13203430175781,57172
ISIC_8938866,600,450,157.07286071777344,39.95995330810547,33053
ISIC_8939939,600,450,122.51294708251953,26.579174041748047,16756
ISIC_8942026,600,450,150.47618103027344,32.11347579956055,23142
ISIC_8942421,600,450,128.7921600341797,31.680404663085938,51632
ISIC_8943266,600,450,112.65992736816406,37.4305305480957,42108
ISIC_8943375,600,450,159.0012664794922,32.72216796875,23090
ISIC_8943527,600,450,158.00132751464844,30.026105880737305,24661
ISIC_8944107,600,450,162.00466918945312,16.74275779724121,17883
ISIC_8945348,600,450,162.83067321777344,31.430448532104492,26561
ISIC_8945633,600,450,160.5117645263672,30.601116180419922,24023
ISIC_8946169,600,450,126.53568267822266,48.44155502319336,37616
ISIC_8946719,600,450,133.9703369140625,34.93109130859375,31432
ISIC_8947312,600,450,143.33853149414062,16.7739315032959,21789
ISIC_8947496,600,450,133.4033203125,36.19533920288086,37701
ISIC_8949217,600,450,176.2785186767578,21.938373565673828,36544
ISIC_8949240,600,450,151.92945861816406,28.529844284057617,46837
ISIC_8949610,600,450,144.50311279296875,29.41559410095215,31329
ISIC_8951479,600,450,145.68658447265625,43.03609085083008,27132
ISIC_8951979,600,450,165.14109802246094,28.58933448791504,27025
ISIC_8952365,600,450,144.69607543945312,16.297874450683594,19570
ISIC_8953004,600,450,153.90419006347656,66.99552154541016,32072
ISIC_8953290,600,450,123.95726776123047,32.917274475097656,33122
ISIC_8953643,600,450,148.01226806640625,18.82050132751465,26814
ISIC_8954124,600,450,114.67833709716797,22.39971923828125,24425
ISIC_8955200,600,450,144.9661865234375,39.54071807861328,35117
ISIC_8960889,600,450,167.63153076171875,39.12305450439453,24096
ISIC_8961614,600,450,162.5852813720703,44.06658935546875,26344
ISIC_8963623,600,450,129.11080932617188,32.78779602050781,46103
ISIC_8966831,600,450,154.63270568847656,43.65623092651367,49836
ISIC_8969175,600,450,146.00376892089844,73.92853546142578,27229
ISIC_8969336,600,450,123.89632415771484,35.10989761352539,35344
ISIC_8970659,600,450,131.59873962402344,32.55729293823242,38229
ISIC_8972926,600,450,182.0798797607422,74.28923797607422,36754
ISIC_8973952,600,450,154.0611114501953,34.7162971496582,31990
ISIC_8975655,600,450,123.35821533203125,21.13345718383789,28512
ISIC_8976041,600,450,160.61997985839844,15.26610279083252,14992
ISIC_8976859,600,450,146.23171997070312,9.09333610534668,17752
ISIC_8977223,600,450,151.7879638671875,24.353946685791016,25766
ISIC_8977908,600,450,121.74443817138672,36.52616500854492,24380
ISIC_8977962,600,450,109.73621368408203,48.898590087890625,36463
ISIC_8978224,600,450,166.02378845214844,47.45962905883789,33303
ISIC_8979429,600,450,126.47682189941406,37.10226821899414,33971
ISIC_8979552,600,450,161.16041564941406,43.912811279296875,50723
ISIC_8979849,600,450,140.07472229003906,41.98694610595703,28915
ISIC_8980636,600,450,142.80601501464844,48.43883514404297,40688
ISIC_8980999,600,450,163.3957061767578,43.41135025024414,32657
ISIC_8981300,600,450,143.8081512451172,17.690128326416016,25323
ISIC_8981897,600,450,114.85933685302734,26.809492111206055,22535
ISIC_8982555,600,450,108.13688659667969,55.38615417480469,48671
ISIC_8984053,600,450,127.25428771972656,43.915401458740234,43205
ISIC_8984180,600,450,119.91191101074219,27.73776626586914,20729
ISIC_8984287,600,450,132.61077880859375,40.051578521728516,39522
ISIC_8989132,600,450,144.7682342529297,30.69654655456543,35093
ISIC_8989885,600,450,118.0553207397461,40.24799346923828,42665
ISIC_8990576,600,450,137.58702087402344,34.044639587402344,45223
ISIC_8992188,600,450,122.30081939697266,48.91783905029297,52290
ISIC_8992800,600,450,164.71095275878906,32.41073226928711,19907
ISIC_8993296,600,450,117.84500122070312,35.23337936401367,34164
ISIC_8994952,600,450,160.11007690429688,27.760141372680664,28314
ISIC_8995161,600,450,140.26382446289062,23.293502807617188,23953
ISIC_8997026,600,450,176.03639221191406,41.779937744140625,38327
ISIC_9000883,600,450,169.90025329589844,18.93748664855957,30153
ISIC_9001139,600,450,150.5989990234375,24.304410934448242,28194
ISIC_9001368,600,450,128.5471649169922,20.993722915649414,19779
ISIC_9001724,600,450,195.3495330810547,53.64168930053711,30661
ISIC_9001735,600,450,153.36187744140625,26.15709686279297,29717
ISIC_9002119,600,450,162.44525146484375,28.7157039642334,27200
ISIC_9002358,600,450,81.22098541259766,43.015769958496094,52940
ISIC_9003113,600,450,121.49400329589844,30.275232315063477,31986
ISIC_9004284,600,450,159.8479766845703,35.23070526123047,39077
ISIC_9004415,600,450,122.8533706665039,40.32671356201172,37211
ISIC_9005222,600,450,158.73143005371094,19.28394889831543,42613
ISIC_9005347,600,450,156.335205078125,34.71482849121094,29107
ISIC_9006317,600,450,134.12420654296875,36.6097526550293,19755
ISIC_9007301,600,450,147.1905517578125,37.38515853881836,24556
ISIC_9008854,600,450,138.5355987548828,32.67109298706055,36684
ISIC_9011764,600,450,146.3855438232422,29.53696632385254,32232
ISIC_9011999,600,450,130.73753356933594,45.749107360839844,38625
ISIC_9014235,600,450,158.48036193847656,31.04254913330078,26954
ISIC_9017680,600,450,148.9165496826172,18.397768020629883,31838
ISIC_9018538,600,450,136.56222534179688,33.17898941040039,37288
ISIC_9018696,600,450,157.98785400390625,29.051488876342773,24011
ISIC_9019095,600,450,168.44476318359375,30.709596633911133,34283
ISIC_9019664,600,450,147.65664672851562,25.927339553833008,25524
ISIC_9020314,600,450,130.23651123046875,21.671531677246094,25433
ISIC_9022996,600,450,130.3813018798828,40.76483154296875,38363
ISIC_9023174,600,450,156.44049072265625,34.955318450927734,54059
ISIC_9024518,600,450,118.39219665527344,39.405113220214844,46944
ISIC_9025095,600,450,154.66966247558594,26.20355796813965,18111
ISIC_9026609,600,450,172.74081420898438,31.6761417388916,33916
ISIC_9026654,600,450,122.18099975585938,45.99944305419922,49011
ISIC_9026907,600,450,129.52975463867188,33.70114517211914,35620
ISIC_9026951,600,450,132.52609252929688,21.242769241333008,24192
ISIC_9030298,600,450,147.13670349121094,44.1802978515625,47031
ISIC_9030826,600,450,154.2914581298828,26.16413688659668,23496
ISIC_9034449,600,450,123.70562744140625,41.02507019042969,57510
ISIC_9035644,600,450,158.34861755371094,31.6215763092041,20647
ISIC_9038494,600,450,149.49600219726562,27.196044921875,24231
ISIC_9039481,600,450,175.26150512695312,34.51365280151367,34344
ISIC_9039736,600,450,151.7841796875,31.20304298400879,41843
ISIC_9041525,600,450,150.99984741210938,33.60783767700195,24540
ISIC_9043368,600,450,167.35281372070312,39.35420227050781,41390
ISIC_9043374,600,450,135.2300567626953,43.99107360839844,43972
ISIC_9044867,600,450,121.80630493164062,43.70142364501953,47410
ISIC_9045023,600,450,147.2165985107422,39.928348541259766,38869
ISIC_9046790,600,450,142.48565673828125,33.14448928833008,48389
ISIC_9047747,600,450,140.7113037109375,45.06220626831055,28222
ISIC_9047853,600,450,117.81101989746094,44.47548294067383,45450
ISIC_9048474,600,450,129.817626953125,33.58389663696289,38577
ISIC_9048808,600,450,127.44926452636719,36.18071746826172,46307
ISIC_9051035,600,450,165.82789611816406,20.1071720123291,27944
ISIC_9051937,600,450,150.29708862304688,36.042518615722656,24238
ISIC_9052310,600,450,120.25910949707031,43.86585235595703,54460
ISIC_9053541,600,450,157.50161743164062,25.84464454650879,29704
ISIC_9054883,600,450,123.63459014892578,38.58237838745117,38324
ISIC_9055167,600,450,134.01454162597656,45.6038818359375,38808
ISIC_9055179,600,450,124.61837005615234,41.68500518798828,28440
ISIC_9055453,600,450,126.18627166748047,33.42082977294922,46767
ISIC_9055556,600,450,144.37741088867188,22.000551223754883,29583
ISIC_9056629,600,450,125.64216613769531,44.4929313659668,41343
ISIC_9057655,600,450,124.75249481201172,26.242319107055664,24060
ISIC_9058731,600,450,121.4537582397461,35.37342834472656,28750
ISIC_9059079,600,450,133.42300415039062,31.913387298583984,50762
ISIC_9059867,600,450,127.54935455322266,29.88204574584961,40089
ISIC_9060041,600,450,158.52481079101562,34.03297424316406,25072
ISIC_9060326,600,450,167.85006713867188,28.62211799621582,30166
ISIC_9060487,600,450,144.4310302734375,30.85517120361328,53067
ISIC_9061574,600,450,174.81005859375,32.87156295776367,42825
ISIC_9061787,600,450,152.9083709716797,71.26329040527344,30896
ISIC_9062645,600,450,130.81378173828125,44.16547393798828,47622
ISIC_9063581,600,450,151.63294982910156,42.69705581665039,38669
ISIC_9064266,600,450,137.87966918945312,19.060161590576172,23294
ISIC_9064583,600,450,153.7545928955078,43.48894119262695,28525
ISIC_9067523,600,450,169.72286987304688,37.93524932861328,22264
ISIC_9067935,600,450,130.33926391601562,40.341224670410156,42584
ISIC_9069540,600,450,137.0833740234375,63.387054443359375,34227
ISIC_9071975,600,450,173.27880859375,41.31605911254883,24766
ISIC_9072692,600,450,153.60049438476562,26.720285415649414,41699
ISIC_9073117,600,450,162.79403686523438,49.230770111083984,54272
ISIC_9073665,600,450,116.88932037353516,28.183204650878906,35024
ISIC_9073880,600,450,135.94891357421875,31.939468383789062,51616
ISIC_9074070,600,450,136.33343505859375,32.13587951660156,38339
ISIC_9074196,600,450,121.64710998535156,43.17202377319336,37827
ISIC_9074776,600,450,118.7630615234375,44.122314453125,42910
ISIC_9075056,600,450,189.45468139648438,47.8213005065918,40117
ISIC_9075808,600,450,142.32131958007812,30.27126693725586,36599
ISIC_9076466,600,450,139.88235473632812,47.071685791015625,50595
ISIC_9076757,600,450,149.92079162597656,29.3638916015625,47480
ISIC_9076994,600,450,127.93927001953125,48.664546966552734,58516
ISIC_9078579,600,450,175.0903778076172,22.413145065307617,34618
ISIC_9078796,600,450,111.06492614746094,26.547462463378906,42857
ISIC_9079428,600,450,191.42105102539062,32.05250930786133,38732
ISIC_9080829,600,450,142.26055908203125,40.7269287109375,28074
ISIC_9083944,600,450,135.68194580078125,47.328399658203125,49874
ISIC_9084000,600,450,147.5621337890625,40.526885986328125,26853
ISIC_9084534,600,450,141.3087158203125,21.728044509887695,23494
ISIC_9088580,600,450,111.47622680664062,45.445068359375,31191
ISIC_9090562,600,450,132.8856964111328,45.427799224853516,29961
ISIC_9091739,600,450,129.3184814453125,36.54031753540039,33182
ISIC_9092057,600,450,131.7979278564453,24.347366333007812,22957
ISIC_9093424,600,450,159.4600830078125,24.050703048706055,22013
ISIC_9094964,600,450,127.9305648803711,24.18175506591797,43191
ISIC_9096776,600,450,160.30569458007812,20.490325927734375,28485
ISIC_9098536,600,450,110.79946899414062,34.83971405029297,25405
ISIC_9098662,600,450,131.14495849609375,48.98434829711914,55389
ISIC_9098782,600,450,116.09629821777344,30.36795997619629,26150
ISIC_9098981,600,450,90.76224517822266,18.310455322265625,30608
ISIC_9099090,600,450,157.31016540527344,27.754989624023438,24044
ISIC_9100425,600,450,114.647216796875,41.08304977416992,38501
ISIC_9100704,600,450,110.57196044921875,30.404077529907227,20952
ISIC_9101382,600,450,160.70687866210938,40.233863830566406,47010
ISIC_9101809,600,450,199.48194885253906,15.227899551391602,26326
ISIC_9102029,600,450,68.27686309814453,39.339683532714844,20007
ISIC_9103397,600,450,163.38710021972656,24.77392578125,20488
ISIC_9103398,600,450,128.917724609375,40.69888687133789,45662
ISIC_9104095,600,450,149.4393768310547,38.53096389770508,26226
ISIC_9105114,600,450,131.35467529296875,27.518898010253906,26776
ISIC_9105300,600,450,157.46568298339844,39.882652282714844,31370
ISIC_9105996,600,450,168.51329040527344,29.57001304626465,24848
ISIC_9107434,600,450,111.94739532470703,40.86024475097656,47170
ISIC_9107874,600,450,139.52052307128906,44.10755157470703,38811
ISIC_9107881,600,450,132.22653198242188,34.352970123291016,67078
ISIC_9111814,600,450,160.0737762451172,53.86659622192383,28485
ISIC_9112089,600,450,123.6666488647461,34.72493362426758,41936
ISIC_9113111,600,450,132.51300048828125,29.1693058013916,34694
ISIC_9114285,600,450,143.9952850341797,35.44503402709961,52528
ISIC_9114356,600,450,144.99147033691406,35.96807861328125,31203
ISIC_9115621,600,450,123.36956024169922,38.32316207885742,42500
ISIC_9115886,600,450,154.53805541992188,44.06178665161133,29808
ISIC_9116454,600,450,126.12501525878906,36.78742218017578,41759
ISIC_9116920,600,450,125.65357971191406,42.60061264038086,45287
ISIC_9118088,600,450,131.32725524902344,38.97121810913086,36600
ISIC_9118975,600,450,138.35386657714844,35.534576416015625,47957
ISIC_9120690,600,450,125.42411041259766,22.041181564331055,33267
ISIC_9120905,600,450,142.83428955078125,28.233131408691406,28927
ISIC_9121967,600,450,177.94281005859375,48.54894256591797,44434
ISIC_9124673,600,450,113.2809066772461,33.650936126708984,31547
ISIC_9125091,600,450,136.43995666503906,30.612600326538086,37537
ISIC_9126529,600,450,160.8010711669922,29.32421112060547,27847
ISIC_9127714,600,450,164.8231658935547,28.89070701599121,16249
ISIC_9129820,600,450,165.12767028808594,63.43912887573242,31043
ISIC_9129838,600,450,108.02456665039062,44.21381378173828,55789
ISIC_9130589,600,450,124.7400131225586,38.32299041748047,38807
ISIC_9131247,600,450,135.83934020996094,21.415382385253906,31693
ISIC_9132006,600,450,130.23619079589844,25.226200103759766,30972
ISIC_9132204,600,450,199.72628784179688,17.077606201171875,23975
ISIC_9132828,600,450,128.7817840576172,29.599660873413086,29409
ISIC_9134607,600,450,114.93447875976562,33.292335510253906,47551
ISIC_9135081,600,450,123.93415069580078,41.89754867553711,42844
ISIC_9136213,600,450,146.869873046875,28.308212280273438,49974
ISIC_9136283,600,450,163.3617401123047,24.612258911132812,37815
ISIC_9137740,600,450,166.3479766845703,11.535282135009766,14015
ISIC_9138708,600,450,166.08563232421875,30.301637649536133,25046
ISIC_9139090,600,450,172.17262268066406,18.680740356445312,27870
ISIC_9139162,600,450,118.63118743896484,40.59789276123047,29471
ISIC_9140116,600,450,154.39697265625,22.10032844543457,23763
ISIC_9140582,600,450,160.32672119140625,27.738950729370117,20305
ISIC_9140869,600,450,130.94337463378906,52.600738525390625,19095
ISIC_9140973,600,450,156.58583068847656,30.604562759399414,44096
ISIC_9141788,600,450,165.51473999023438,71.97720336914062,29363
ISIC_9142036,600,450,139.12063598632812,13.150779724121094,23950
ISIC_9144494,600,450,149.8402099609375,32.039730072021484,38637
ISIC_9144551,600,450,153.99832153320312,27.253957748413086,46984
ISIC_9144877,600,450,169.1502227783203,60.1295166015625,30796
ISIC_9145770,600,450,131.21971130371094,26.8411922454834,31293
ISIC_9147502,600,450,161.0149383544922,39.86286926269531,23037
ISIC_9147605,600,450,103.72067260742188,34.414459228515625,38420
ISIC_9148166,600,450,154.66842651367188,21.643083572387695,43261
ISIC_9148837,600,450,153.26235961914062,29.837167739868164,22771
ISIC_9149555,600,450,170.9613800048828,23.039587020874023,28493
ISIC_9149605,600,450,132.59767150878906,38.639404296875,40468
ISIC_9151156,600,450,153.60733032226562,42.8863639831543,55178
ISIC_9152345,600,450,169.1744384765625,40.66278076171875,27675
ISIC_9153141,600,450,159.09921264648438,22.377429962158203,19855
ISIC_9153724,600,450,152.43191528320312,44.357059478759766,22574
ISIC_9155060,600,450,148.3824005126953,31.55837631225586,15250
ISIC_9155561,600,450,129.52645874023438,51.706825256347656,52890
ISIC_9156050,600,450,164.06980895996094,23.3671932220459,33669
ISIC_9156154,600,450,186.96719360351562,38.015968322753906,28133
ISIC_9157592,600,450,165.73196411132812,22.69989776611328,19048
ISIC_9159202,600,450,123.7488784790039,43.8472785949707,36408
ISIC_9159246,600,450,159.9401092529297,26.913301467895508,25267
ISIC_9161347,600,450,121.67961120605469,38.387149810791016,41389
ISIC_9161483,600,450,134.02284240722656,20.591684341430664,30219
ISIC_9161612,600,450,157.46170043945312,35.10855484008789,28211
ISIC_9163561,600,450,174.68057250976562,20.814804077148438,19637
ISIC_9164586,600,450,136.99374389648438,41.95514678955078,43509
ISIC_9165967,600,450,134.60874938964844,42.08702850341797,40294
ISIC_9166927,600,450,145.78506469726562,23.67778205871582,39282
ISIC_9167637,600,450,172.64268493652344,50.81983947753906,35687
ISIC_9170556,600,450,179.5892791748047,31.776473999023438,33434
ISIC_9171491,600,450,132.36093139648438,33.30632781982422,33951
ISIC_9171793,600,450,138.86634826660156,35.1312255859375,26749
ISIC_9172274,600,450,191.8246307373047,36.367881774902344,22354
ISIC_9172622,600,450,153.3948974609375,32.224273681640625,18368
ISIC_9173490,600,450,136.44815063476562,31.615169525146484,45866
ISIC_9173896,600,450,135.1671600341797,29.51981544494629,30198
ISIC_9174580,600,450,139.46420288085938,21.43144416809082,24332
ISIC_9175575,600,450,152.00001525878906,45.898841857910156,24351
ISIC_9176060,600,450,166.50196838378906,50.9492073059082,42906
ISIC_9176784,600,450,163.58314514160156,48.53535461425781,55302
ISIC_9177006,600,450,136.2515869140625,30.606515884399414,41587
ISIC_9177146,600,450,121.4376220703125,40.217864990234375,50738
ISIC_9178156,600,450,122.56524658203125,27.632946014404297,43143
ISIC_9178763,600,450,167.27024841308594,19.85343360900879,19620
ISIC_9179044,600,450,170.8631134033203,28.169857025146484,29762
ISIC_9179636,600,450,162.1873016357422,55.81507110595703,42424
ISIC_9179884,600,450,196.58921813964844,60.30906677246094,25350
ISIC_9180125,600,450,134.3382110595703,33.147727966308594,26521
ISIC_9180642,600,450,155.2103271484375,32.18172836303711,29000
ISIC_9181159,600,450,118.0378646850586,32.17943572998047,23635
ISIC_9182531,600,450,157.14608764648438,24.552776336669922,31318
ISIC_9183026,600,450,106.4333724975586,43.874324798583984,48503
ISIC_9183794,600,450,140.2421875,57.37508773803711,35027
ISIC_9185835,600,450,136.5164794921875,28.184167861938477,28213
ISIC_9186111,600,450,142.9210205078125,70.93325805664062,41453
ISIC_9186927,600,450,133.1184539794922,35.08342742919922,22695
ISIC_9187182,600,450,128.41624450683594,27.42877197265625,27921
ISIC_9188614,600,450,152.26722717285156,28.21893882751465,31491
ISIC_9188713,600,450,157.3837432861328,28.855932235717773,21743
ISIC_9191650,600,450,139.95083618164062,30.403526306152344,20867
ISIC_9191957,600,450,131.77963256835938,34.9187126159668,33045
ISIC_9192620,600,450,135.17236328125,36.703399658203125,24894
ISIC_9195108,600,450,170.11622619628906,17.184581756591797,17656
ISIC_9196525,600,450,117.04393005371094,22.57863998413086,30772
ISIC_9197238,600,450,147.21087646484375,45.63785171508789,41908
ISIC_9198253,600,450,108.70669555664062,33.888999938964844,51513
ISIC_9198446,600,450,138.56825256347656,32.75442123413086,36275
ISIC_9199020,600,450,159.23756408691406,21.73169708251953,19692
ISIC_9200112,600,450,160.38250732421875,34.39320755004883,34077
ISIC_9203716,600,450,183.9570770263672,31.92156410217285,34306
ISIC_9204575,600,450,123.15298461914062,38.19654083251953,38136
ISIC_9204844,600,450,163.57254028320312,41.16798400878906,23934
ISIC_9205905,600,450,136.08157348632812,44.73420333862305,42003
ISIC_9206416,600,450,140.1483917236328,30.668737411499023,31397
ISIC_9206516,600,450,142.55276489257812,18.17181968688965,22650
ISIC_9206660,600,450,182.20252990722656,52.603668212890625,34067
ISIC_9206757,600,450,111.80750274658203,41.65967559814453,29086
ISIC_9207099,600,450,120.12202453613281,19.041149139404297,22715
ISIC_9207862,600,450,130.10980224609375,41.907745361328125,45247
ISIC_9208623,600,450,139.1507568359375,39.90925979614258,45746
ISIC_9209191,600,450,184.65475463867188,29.51370620727539,41259
ISIC_9209368,600,450,164.4420928955078,28.969449996948242,37724
ISIC_9209458,600,450,101.74589538574219,40.349971771240234,37316
ISIC_9210156,600,450,126.92536163330078,48.84396743774414,33718
ISIC_9212173,600,450,161.2188262939453,33.40985107421875,24088
ISIC_9212791,600,450,168.902099609375,31.71155548095703,36252
ISIC_9213644,600,450,140.99307250976562,39.221858978271484,41675
ISIC_9214947,600,450,169.67433166503906,57.043087005615234,26882
ISIC_9215935,600,450,165.89529418945312,32.402503967285156,24637
ISIC_9216457,600,450,161.1409149169922,26.5062313079834,24363
ISIC_9216543,600,450,130.491455078125,39.23846435546875,35628
ISIC_9216609,600,450,146.85183715820312,20.984642028808594,22980
ISIC_9218783,600,450,161.65577697753906,22.92316436767578,20604
ISIC_9219836,600,450,103.49053192138672,24.049745559692383,15212
ISIC_9221083,600,450,131.80418395996094,29.987058639526367,34095
ISIC_9221495,600,450,104.3020248413086,45.95180892944336,45987
ISIC_9222540,600,450,124.74824523925781,35.42835998535156,39424
ISIC_9222858,600,450,147.88949584960938,37.19335174560547,46642
ISIC_9223565,600,450,129.41110229492188,36.36790466308594,36112
ISIC_9225022,600,450,134.92005920410156,39.52114486694336,43134
ISIC_9225499,600,450,133.40640258789062,40.72859573364258,48668
ISIC_9225788,600,450,138.54249572753906,39.575958251953125,39092
ISIC_9226737,600,450,109.35419464111328,54.44908905029297,26501
ISIC_9227283,600,450,134.15045166015625,12.877543449401855,21225
ISIC_9227362,600,450,166.85191345214844,44.3390998840332,27034
ISIC_9227379,600,450,137.1826934814453,36.17042922973633,38466
ISIC_9231306,600,450,167.72169494628906,41.41679000854492,26323
ISIC_9231756,600,450,126.36209106445312,25.19057273864746,45244
ISIC_9232517,600,450,161.47654724121094,32.762229919433594,18760
ISIC_9232753,600,450,161.24658203125,19.131189346313477,21437
ISIC_9233052,600,450,128.7767333984375,31.01717185974121,30252
ISIC_9233649,600,450,164.57046508789062,27.957778930664062,36027
ISIC_9236022,600,450,125.48357391357422,44.24761199951172,43217
ISIC_9236121,600,450,151.90049743652344,39.888702392578125,46460
ISIC_9237488,600,450,132.06373596191406,31.081928253173828,38870
ISIC_9239028,600,450,126.27970123291016,43.642581939697266,48224
ISIC_9239381,600,450,133.57476806640625,44.76420974731445,42451
ISIC_9239978,600,450,143.67405700683594,28.311717987060547,24708
ISIC_9240332,600,450,129.37911987304688,43.64910125732422,45492
ISIC_9242872,600,450,134.7882080078125,20.455354690551758,22225
ISIC_9247586,600,450,153.87936401367188,29.429859161376953,28255
ISIC_9249196,600,450,134.47193908691406,29.914196014404297,29237
ISIC_9250445,600,450,132.24868774414062,35.415164947509766,39237
ISIC_9250721,600,450,148.35350036621094,22.887283325195312,18582
ISIC_9250781,600,450,209.09764099121094,25.56833839416504,21565
ISIC_9250861,600,450,127.61739349365234,25.334369659423828,49918
ISIC_9250989,600,450,141.8445281982422,27.13412857055664,31796
ISIC_9251635,600,450,172.93138122558594,46.79249954223633,56271
ISIC_9253237,600,450,173.59706115722656,51.2447509765625,46537
ISIC_9254169,600,450,136.5059814453125,31.808671951293945,39841
ISIC_9254710,600,450,150.41397094726562,28.39771270751953,28251
ISIC_9255011,600,450,162.52622985839844,42.132747650146484,51659
ISIC_9255133,600,450,136.88108825683594,17.02028465270996,23498
ISIC_9255385,600,450,137.33511352539062,42.91464614868164,19651
ISIC_9255841,600,450,155.86483764648438,30.14911651611328,25574
ISIC_9256618,600,450,142.76336669921875,20.625511169433594,22592
ISIC_9256840,600,450,105.15437316894531,43.078067779541016,38685
ISIC_9257390,600,450,134.1531219482422,34.94607925415039,47658
ISIC_9258545,600,450,150.41140747070312,39.41710662841797,37222
ISIC_9258794,600,450,121.53971099853516,38.19334411621094,33995
ISIC_9259846,600,450,120.95408630371094,42.18797302246094,48237
ISIC_9260804,600,450,117.02247619628906,33.56842041015625,36611
ISIC_9261011,600,450,154.25901794433594,53.4965705871582,64387
ISIC_9261289,600,450,143.0338134765625,40.619956970214844,77910
ISIC_9261403,600,450,144.4996337890625,38.99278259277344,41763
ISIC_9262459,600,450,145.9565887451172,17.91466522216797,23179
ISIC_9263681,600,450,133.10101318359375,65.08667755126953,39380
ISIC_9263753,600,450,177.07859802246094,24.5553035736084,29832
ISIC_9264413,600,450,114.62520599365234,40.123069763183594,46624
ISIC_9265386,600,450,123.55155181884766,28.91498565673828,28904
ISIC_9266057,600,450,171.8454132080078,42.50985336303711,26302
ISIC_9267602,600,450,131.2101593017578,64.6324234008789,44037
ISIC_9267796,600,450,123.56415557861328,56.49605941772461,38278
ISIC_9268464,600,450,154.47654724121094,26.321260452270508,24097
ISIC_9268987,600,450,175.99606323242188,31.194124221801758,42171
ISIC_9269238,600,450,136.45321655273438,28.47673225402832,51972
ISIC_9270547,600,450,131.1103057861328,35.462581634521484,40758
ISIC_9271327,600,450,134.85784912109375,28.952926635742188,30633
ISIC_9271454,600,450,146.0247039794922,40.35051727294922,41820
ISIC_9272344,600,450,128.43533325195312,27.707088470458984,39210
ISIC_9272970,600,450,98.42465209960938,35.14500427246094,27640
ISIC_9274292,600,450,165.98158264160156,30.559547424316406,21680
ISIC_9275120,600,450,155.29962158203125,29.650127410888672,21305
ISIC_9276683,600,450,155.19305419921875,36.386146545410156,37229
ISIC_9276715,600,450,149.57669067382812,44.547950744628906,27096
ISIC_9276741,600,450,143.873779296875,34.86328125,52840
ISIC_9276884,600,450,203.8669891357422,29.4849910736084,29544
ISIC_9276888,600,450,136.247314453125,46.357425689697266,50046
ISIC_9276896,600,450,145.9711151123047,22.242238998413086,29985
ISIC_9277601,600,450,138.29212951660156,22.50079345703125,27278
ISIC_9278360,600,450,143.27964782714844,31.010786056518555,26980
ISIC_9280380,600,450,141.534912109375,36.998538970947266,52925
ISIC_9280729,600,450,150.861083984375,42.10331726074219,26284
ISIC_9281043,600,450,140.9250946044922,64.4431381225586,42343
ISIC_9285071,600,450,145.20205688476562,47.58797836303711,25853
ISIC_9285148,600,450,129.9501190185547,42.21961212158203,36536
ISIC_9285479,600,450,138.9951934814453,38.889015197753906,43225
ISIC_9286506,600,450,141.52731323242188,21.360530853271484,24822
ISIC_9286963,600,450,154.41403198242188,28.74677848815918,27434
ISIC_9287993,600,450,180.0417022705078,18.756933212280273,22692
ISIC_9290704,600,450,143.5345001220703,17.931196212768555,21840
ISIC_9290748,600,450,124.65821075439453,27.06458282470703,26790
ISIC_9294596,600,450,128.277587890625,41.581787109375,45860
ISIC_9294763,600,450,164.55027770996094,42.125545501708984,31365
ISIC_9296037,600,450,142.76303100585938,39.91728591918945,36476
ISIC_9296237,600,450,130.9993133544922,49.45869445800781,29842
ISIC_9297122,600,450,172.87367248535156,39.150699615478516,52498
ISIC_9297268,600,450,150.29737854003906,14.645364761352539,17367
ISIC_9301982,600,450,139.1261749267578,51.543338775634766,53978
ISIC_9304429,600,450,146.0516357421875,16.116531372070312,24103
ISIC_9304458,600,450,107.71865844726562,26.536510467529297,41148
ISIC_9308029,600,450,184.798828125,18.33074951171875,31959
ISIC_9308744,600,450,128.5836181640625,33.15474319458008,42530
ISIC_9309251,600,450,127.1198501586914,32.40119934082031,21561
ISIC_9310034,600,450,121.28250885009766,42.196746826171875,40966
ISIC_9310359,600,450,132.73779296875,30.4761905670166,35163
ISIC_9310886,600,450,119.22675323486328,44.436702728271484,48853
ISIC_9311925,600,450,122.30776977539062,42.186767578125,37812
ISIC_9312353,600,450,153.40847778320312,29.78594207763672,41382
ISIC_9312951,600,450,72.84076690673828,29.06756019592285,33607
ISIC_9313746,600,450,176.68814086914062,64.96424865722656,31074
ISIC_9314032,600,450,115.46728515625,46.41972732543945,36351
ISIC_9314416,600,450,148.39537048339844,16.656766891479492,18658
ISIC_9314612,600,450,127.5200424194336,26.410009384155273,38255
ISIC_9314988,600,450,146.0879364013672,33.409584045410156,53308
ISIC_9315615,600,450,112.98961639404297,42.657962799072266,41433
ISIC_9316561,600,450,124.8632583618164,38.603233337402344,18538
ISIC_9316861,600,450,138.25181579589844,27.764892578125,28233
ISIC_9317486,600,450,146.5655059814453,54.060630798339844,37428
ISIC_9317670,600,450,154.56573486328125,30.143272399902344,18797
ISIC_9318888,600,450,131.9897918701172,33.44017028808594,36691
ISIC_9319124,600,450,122.26107788085938,26.284635543823242,27260
ISIC_9320577,600,450,149.82827758789062,37.447940826416016,28921
ISIC_9320989,600,450,121.4538345336914,41.42359161376953,47281
ISIC_9321127,600,450,132.89892578125,29.936660766601562,44373
ISIC_9322304,600,450,125.37410736083984,52.485137939453125,40633
ISIC_9323438,600,450,142.65321350097656,35.9660530090332,31651
ISIC_9325289,600,450,125.48209381103516,42.774600982666016,40080
ISIC_9326688,600,450,141.1682586669922,37.1407470703125,27915
ISIC_9329600,600,450,140.79673767089844,35.78673553466797,32522
ISIC_9332272,600,450,130.16311645507812,57.730220794677734,31809
ISIC_9333834,600,450,143.7293243408203,22.483901977539062,17497
ISIC_9334393,600,450,149.0090789794922,53.81433868408203,45330
ISIC_9336484,600,450,135.70669555664062,36.13859558105469,32938
ISIC_9336765,600,450,205.49526977539062,32.149383544921875,35904
ISIC_9336915,600,450,107.07976531982422,34.05397415161133,46475
ISIC_9338271,600,450,136.44729614257812,38.36452102661133,38148
ISIC_9338482,600,450,126.69904327392578,29.293901443481445,35232
ISIC_9339729,600,450,150.24510192871094,36.549556732177734,46257
ISIC_9340414,600,450,152.0951690673828,66.89171600341797,40389
ISIC_9342357,600,450,141.88681030273438,40.85853958129883,35457
ISIC_9342460,600,450,132.07594299316406,20.958019256591797,34263
ISIC_9344767,600,450,132.827392578125,36.832611083984375,45899
ISIC_9345667,600,450,130.6943817138672,29.181297302246094,35517
ISIC_9346486,600,450,129.11842346191406,32.31953048706055,39528
ISIC_9347140,600,450,135.131591796875,43.355552673339844,48954
ISIC_9348273,600,450,124.6403579711914,30.56595230102539,25160
ISIC_9350105,600,450,155.02154541015625,35.05414581298828,22888
ISIC_9351886,600,450,135.05450439453125,24.567913055419922,23312
ISIC_9353865,600,450,154.3989715576172,38.03480911254883,21884
ISIC_9354948,600,450,137.82568359375,27.346271514892578,29583
ISIC_9355799,600,450,118.0483169555664,46.70207977294922,46259
ISIC_9356329,600,450,159.0347900390625,27.722137451171875,22564
ISIC_9357735,600,450,143.4676055908203,59.97551345825195,29891
ISIC_9360308,600,450,128.5763702392578,33.74220657348633,42883
ISIC_9361398,600,450,149.5849609375,40.76430892944336,26764
ISIC_9365663,600,450,134.40939331054688,18.147884368896484,24767
ISIC_9365835,600,450,114.22356414794922,38.66794204711914,68338
ISIC_9369364,600,450,161.6359405517578,26.218177795410156,47619
ISIC_9369610,600,450,149.01043701171875,29.372684478759766,33804
ISIC_9370126,600,450,126.56529998779297,28.235795974731445,29886
ISIC_9375501,600,450,121.07316589355469,41.29013442993164,39556
ISIC_9376271,600,450,139.341552734375,37.67170715332031,56248
ISIC_9376579,600,450,109.30243682861328,30.758892059326172,36465
ISIC_9379057,600,450,151.51004028320312,28.02044677734375,28395
ISIC_9379186,600,450,113.79474639892578,56.561561584472656,27275
ISIC_9379796,600,450,84.85537719726562,37.33622360229492,59046
ISIC_9380419,600,450,144.17681884765625,34.040164947509766,31514
ISIC_9382183,600,450,94.45327758789062,52.501258850097656,32342
ISIC_9382791,600,450,148.7898712158203,40.93442153930664,37023
ISIC_9383853,600,450,140.53932189941406,39.825927734375,39970
ISIC_9384262,600,450,122.99822235107422,41.24406433105469,41980
ISIC_9384345,600,450,176.64886474609375,34.58349609375,29805
ISIC_9388783,600,450,101.34239196777344,31.49811363220215,38403
ISIC_9389123,600,450,132.55755615234375,20.609567642211914,38123
ISIC_9390065,600,450,135.7868194580078,20.38471794128418,22972
ISIC_9390488,600,450,136.08740234375,39.49955368041992,45451
ISIC_9390664,600,450,146.9329376220703,19.39260482788086,21042
ISIC_9390963,600,450,148.49256896972656,22.057527542114258,27071
ISIC_9392092,600,450,171.79148864746094,75.3316650390625,33294
ISIC_9392128,600,450,67.92111206054688,44.17991638183594,39109
ISIC_9392626,600,450,132.06619262695312,42.090763092041016,28980
ISIC_9394962,600,450,113.72311401367188,32.58644104003906,51790
ISIC_9399207,600,450,143.4727325439453,32.61753463745117,27624
ISIC_9399586,600,450,132.47755432128906,21.944141387939453,23623
ISIC_9399711,600,450,159.4049530029297,25.115827560424805,20380
ISIC_9400088,600,450,136.13436889648438,35.754981994628906,59246
ISIC_9400150,600,450,166.1255340576172,42.01829528808594,27253
ISIC_9400307,600,450,175.50936889648438,58.85985565185547,35529
ISIC_9400517,600,450,172.72122192382812,22.659175872802734,24858
ISIC_9401538,600,450,122.45365142822266,39.271663665771484,37307
ISIC_9401613,600,450,123.68057250976562,32.12215805053711,34678
ISIC_9403836,600,450,156.64024353027344,28.414443969726562,18816
ISIC_9404018,600,450,150.75521850585938,30.116416931152344,24302
ISIC_9404484,600,450,160.19146728515625,37.24733352661133,34129
ISIC_9406973,600,450,123.85842895507812,33.71438980102539,38397
ISIC_9408905,600,450,142.748046875,33.287353515625,19238
ISIC_9410235,600,450,120.6905517578125,28.7410945892334,31834
ISIC_9410557,600,450,124.05441284179688,51.38825607299805,53666
ISIC_9411450,600,450,139.37193298339844,15.52664566040039,20546
ISIC_9411600,600,450,148.4734344482422,33.51457214355469,40377
ISIC_9415828,600,450,172.5361328125,31.53983497619629,30023
ISIC_9415992,600,450,123.92619323730469,56.43156814575195,25230
ISIC_9416518,600,450,141.3426513671875,20.64208221435547,34210
ISIC_9419736,600,450,159.78903198242188,58.87212371826172,51460
ISIC_9420912,600,450,100.75786590576172,43.78910827636719,42457
ISIC_9420991,600,450,117.64855194091797,26.380634307861328,30178
ISIC_9421756,600,450,138.5222930908203,10.896540641784668,21449
ISIC_9422230,600,450,129.61859130859375,24.743968963623047,25815
ISIC_9422255,600,450,139.5178985595703,28.350841522216797,38020
ISIC_9423469,600,450,186.33970642089844,24.02054786682129,31073
ISIC_9423923,600,450,175.4020538330078,81.46886444091797,26662
ISIC_9424114,600,450,137.1702880859375,34.25386428833008,38079
ISIC_9424882,600,450,125.2826156616211,14.705794334411621,22585
ISIC_9426065,600,450,143.4985809326172,19.959243774414062,22207
ISIC_9426194,600,450,127.77564239501953,26.617691040039062,35400
ISIC_9426683,600,450,150.51370239257812,22.52324104309082,40135
ISIC_9427744,600,450,155.39065551757812,47.07505416870117,21370
ISIC_9428829,600,450,129.59141540527344,25.18526840209961,28518
ISIC_9430710,600,450,130.71975708007812,34.89262771606445,36686
ISIC_9430903,600,450,146.7620086669922,34.93030548095703,31553
ISIC_9432372,600,450,112.95081329345703,43.195343017578125,52848
ISIC_9434832,600,450,136.1770477294922,36.42304992675781,24390
ISIC_9436084,600,450,137.960693359375,29.989633560180664,31345
ISIC_9441092,600,450,119.53483581542969,39.88554000854492,54515
ISIC_9441749,600,450,150.8134307861328,41.393341064453125,45432
ISIC_9442170,600,450,115.99494171142578,32.606876373291016,47465
ISIC_9442868,600,450,143.3791961669922,26.1865291595459,35268
ISIC_9443293,600,450,138.3571319580078,29.523427963256836,35135
ISIC_9443349,600,450,109.7379150390625,43.534786224365234,56800
ISIC_9444018,600,450,166.61538696289062,41.971431732177734,46385
ISIC_9445672,600,450,114.7796630859375,33.835784912109375,23199
ISIC_9446110,600,450,124.27684020996094,36.230224609375,69284
ISIC_9447454,600,450,161.69610595703125,40.94260025024414,40109
ISIC_9447530,600,450,158.73330688476562,30.2585506439209,22576
ISIC_9450429,600,450,130.24078369140625,19.728702545166016,25343
ISIC_9451191,600,450,124.54638671875,49.45854949951172,22270
ISIC_9451700,600,450,152.6025848388672,43.146392822265625,41994
ISIC_9451867,600,450,146.20213317871094,19.208118438720703,23603
ISIC_9452345,600,450,114.20857238769531,34.40908432006836,32814
ISIC_9454462,600,450,197.44296264648438,64.47395324707031,23959
ISIC_9455367,600,450,130.10971069335938,26.7544002532959,31909
ISIC_9457442,600,450,190.79579162597656,30.064834594726562,32354
ISIC_9460306,600,450,126.54312133789062,46.729644775390625,20015
ISIC_9460407,600,450,183.67372131347656,33.84529113769531,55839
ISIC_9460959,600,450,157.9617919921875,25.990184783935547,24350
ISIC_9465394,600,450,132.8147430419922,23.463666915893555,43258
ISIC_9467067,600,450,122.70458984375,41.141517639160156,35001
ISIC_9467983,600,450,167.2823486328125,30.901344299316406,19250
ISIC_9468404,600,450,161.28363037109375,20.235973358154297,26884
ISIC_9468437,600,450,139.85427856445312,14.781441688537598,21209
ISIC_9470013,600,450,126.87154388427734,33.51369094848633,37959
ISIC_9471648,600,450,145.69517517089844,18.126686096191406,25447
ISIC_9471674,600,450,150.4877471923828,25.661144256591797,42473
ISIC_9472474,600,450,149.4600830078125,23.451271057128906,26678
ISIC_9472574,600,450,138.12547302246094,44.011226654052734,36046
ISIC_9473743,600,450,151.2721710205078,34.07729721069336,34230
ISIC_9474028,600,450,136.37889099121094,23.006717681884766,25482
ISIC_9474451,600,450,126.06233978271484,37.419090270996094,32371
ISIC_9475776,600,450,145.445556640625,41.0025520324707,32367
ISIC_9476389,600,450,163.41061401367188,62.06170654296875,32978
ISIC_9477090,600,450,187.1444091796875,50.897953033447266,24257
ISIC_9478252,600,450,144.12039184570312,28.471580505371094,35419
ISIC_9479710,600,450,151.16073608398438,23.16547393798828,21733
ISIC_9480680,600,450,122.73119354248047,50.601341247558594,48725
ISIC_9483103,600,450,151.34512329101562,21.86911964416504,23322
ISIC_9483507,600,450,130.61106872558594,41.82231140136719,32372
ISIC_9484284,600,450,103.4059066772461,39.981197357177734,51169
ISIC_9485513,600,450,124.54802703857422,42.54154586791992,46097
ISIC_9486029,600,450,133.1181640625,38.56294250488281,43675
ISIC_9486866,600,450,115.90916442871094,33.39313507080078,32961
ISIC_9487423,600,450,139.01400756835938,46.32124328613281,50070
ISIC_9487621,600,450,133.2678985595703,37.47986602783203,38096
ISIC_9488743,600,450,138.5048065185547,27.427459716796875,31395
ISIC_9488771,600,450,131.4707794189453,37.14016342163086,30027
ISIC_9488866,600,450,126.44972229003906,37.34014129638672,42505
ISIC_9489767,600,450,166.7618408203125,32.28472900390625,35575
ISIC_9489971,600,450,180.23001098632812,23.87848472595215,37861
ISIC_9490027,600,450,155.34512329101562,48.46168899536133,31558
ISIC_9490906,600,450,136.56179809570312,17.8018741607666,25790
ISIC_9491707,600,450,119.86919403076172,28.85244369506836,25893
ISIC_9492806,600,450,140.927490234375,32.380210876464844,41510
ISIC_9492928,600,450,147.66514587402344,22.240795135498047,30863
ISIC_9495791,600,450,131.3306427001953,37.135501861572266,39449
ISIC_9496310,600,450,147.23269653320312,29.096332550048828,26626
ISIC_9497071,600,450,215.6075897216797,38.86985397338867,51493
ISIC_9497415,600,450,157.88919067382812,43.53056335449219,28932
ISIC_9501224,600,450,147.67971801757812,39.18613052368164,32904
ISIC_9501706,600,450,160.0778045654297,17.43964958190918,19027
ISIC_9501753,600,450,150.07908630371094,17.69645118713379,24357
ISIC_9502415,600,450,140.3378143310547,30.331960678100586,29093
ISIC_9503013,600,450,137.98696899414062,34.84783935546875,36530
ISIC_9504198,600,450,176.37884521484375,39.21395492553711,33438
ISIC_9506376,600,450,143.65841674804688,31.135967254638672,24260
ISIC_9507615,600,450,163.72955322265625,27.786624908447266,24976
ISIC_9508038,600,450,126.40056610107422,63.99733352661133,48079
ISIC_9508636,600,450,171.2447967529297,13.629172325134277,30565
ISIC_9509446,600,450,191.07077026367188,29.059608459472656,41038
ISIC_9509837,600,450,95.48037719726562,37.752906799316406,24839
ISIC_9510334,600,450,177.90455627441406,53.11759948730469,44559
ISIC_9512295,600,450,121.37684631347656,39.70449447631836,27237
ISIC_9512371,600,450,173.226318359375,20.255905151367188,25776
ISIC_9512388,600,450,97.3652114868164,28.176513671875,28823
ISIC_9512917,600,450,159.69505310058594,44.15802001953125,28707
ISIC_9513437,600,450,119.7413558959961,34.74858856201172,41395
ISIC_9513919,600,450,133.93923950195312,39.95330047607422,46853
ISIC_9518414,600,450,148.97048950195312,20.24093246459961,31251
ISIC_9519122,600,450,141.97866821289062,35.555145263671875,31468
ISIC_9519917,600,450,140.97364807128906,18.878704071044922,32686
ISIC_9521072,600,450,127.5037841796875,39.35794448852539,31445
ISIC_9521117,600,450,176.9947509765625,30.292856216430664,23317
ISIC_9521190,600,450,163.03627014160156,22.926420211791992,40995
ISIC_9521421,600,450,170.52243041992188,25.7039794921875,30817
ISIC_9521441,600,450,150.04115295410156,27.54400634765625,19904
ISIC_9521548,600,450,140.3102569580078,13.755187034606934,26234
ISIC_9521675,600,450,134.529541015625,19.86166000366211,29097
ISIC_9522896,600,450,143.7104949951172,40.80833053588867,26048
ISIC_9523126,600,450,143.61444091796875,22.806020736694336,25196
ISIC_9524858,600,450,136.75010681152344,41.10932159423828,54092
ISIC_9525008,600,450,149.2701873779297,35.83334732055664,34861
ISIC_9526087,600,450,165.83348083496094,29.355188369750977,38240
ISIC_9528430,600,450,126.27909088134766,35.6864128112793,40957
ISIC_9528989,600,450,126.8433609008789,44.69384765625,22157
ISIC_9529544,600,450,140.11610412597656,35.16733169555664,47019
ISIC_9529664,600,450,131.98399353027344,31.679527282714844,36323
ISIC_9531073,600,450,140.94349670410156,36.00925064086914,37099
ISIC_9531638,600,450,132.1352081298828,38.345970153808594,37322
ISIC_9532043,600,450,115.48789978027344,45.608158111572266,46578
ISIC_9532049,600,450,176.73233032226562,50.9019775390625,22450
ISIC_9532297,600,450,136.54042053222656,33.13247299194336,38249
ISIC_9532907,600,450,150.6371612548828,28.14102554321289,31979
ISIC_9534817,600,450,121.57320404052734,39.73099899291992,46507
ISIC_9535614,600,450,112.73408508300781,44.93415832519531,52145
ISIC_9536837,600,450,167.5384063720703,32.70193099975586,22463
ISIC_9536932,600,450,127.86990356445312,38.22163772583008,33741
ISIC_9540648,600,450,151.66749572753906,46.785301208496094,30404
ISIC_9540789,600,450,145.55642700195312,22.3619384765625,25682
ISIC_9541260,600,450,139.35659790039062,32.835723876953125,40149
ISIC_9541448,600,450,144.14990234375,24.209762573242188,26893
ISIC_9542991,600,450,134.05125427246094,27.647138595581055,29480
ISIC_9543736,600,450,134.11846923828125,41.4442024230957,31275
ISIC_9543805,600,450,149.3618927001953,38.01329040527344,30339
ISIC_9543842,600,450,119.24462127685547,68.8192138671875,23177
ISIC_9544557,600,450,119.67858123779297,29.10285186767578,32889
ISIC_9545117,600,450,161.5731201171875,39.28178024291992,57664
ISIC_9546161,600,450,136.5366668701172,33.1111946105957,35173
ISIC_9546201,600,450,130.08143615722656,32.61464309692383,43315
ISIC_9546309,600,450,150.806640625,31.57374382019043,26019
ISIC_9546496,600,450,127.02925109863281,50.71422576904297,23129
ISIC_9546502,600,450,156.79489135742188,37.501007080078125,34617
ISIC_9547201,600,450,186.54771423339844,35.80219650268555,40087
ISIC_9547255,600,450,115.94178009033203,30.75521469116211,46427
ISIC_9547421,600,450,147.11972045898438,30.09539794921875,15068
ISIC_9548799,600,450,114.0220718383789,42.077205657958984,26316
ISIC_9549096,600,450,166.4566192626953,25.32818603515625,29055
ISIC_9550550,600,450,134.84471130371094,31.769161224365234,37599
ISIC_9551475,600,450,175.05276489257812,34.5337028503418,55657
ISIC_9552131,600,450,133.92507934570312,37.33736038208008,35300
ISIC_9552444,600,450,138.31283569335938,23.502260208129883,25040
ISIC_9552881,600,450,88.41796875,41.50290298461914,41219
ISIC_9553909,600,450,161.3995819091797,18.777780532836914,23282
ISIC_9558332,600,450,164.40997314453125,44.088863372802734,24971
ISIC_9559910,600,450,125.55311584472656,36.62131118774414,44256
ISIC_9560522,600,450,78.67937469482422,72.85773468017578,22876
ISIC_9560548,600,450,160.2206573486328,27.597291946411133,20870
ISIC_9560618,600,450,147.90489196777344,23.119983673095703,20518
ISIC_9560662,600,450,131.14231872558594,19.893449783325195,33587
ISIC_9561756,600,450,138.2439727783203,28.497726440429688,25682
ISIC_9562051,600,450,125.17157745361328,25.255950927734375,26766
ISIC_9562131,600,450,152.24671936035156,28.634939193725586,35322
ISIC_9562167,600,450,99.73616027832031,32.38826370239258,62712
ISIC_9566384,600,450,129.34231567382812,25.908010482788086,27187
ISIC_9566444,600,450,112.4129409790039,46.86311340332031,29120
ISIC_9566721,600,450,142.50430297851562,20.522762298583984,28601
ISIC_9568205,600,450,111.39789581298828,41.55369567871094,45935
ISIC_9568577,600,450,158.8009033203125,43.21699523925781,31953
ISIC_9569670,600,450,143.1716766357422,38.852291107177734,18697
ISIC_9569749,600,450,148.27755737304688,23.97356414794922,23834
ISIC_9570026,600,450,141.13824462890625,55.20359802246094,46934
ISIC_9570770,600,450,146.4893035888672,21.288442611694336,28679
ISIC_9570959,600,450,139.65171813964844,16.645370483398438,27603
ISIC_9571815,600,450,112.94741821289062,30.560182571411133,33902
ISIC_9571862,600,450,145.270263671875,38.508731842041016,25468
ISIC_9572021,600,450,147.16946411132812,33.259273529052734,29807
ISIC_9572075,600,450,138.53146362304688,20.822233200073242,22200
ISIC_9573010,600,450,187.40037536621094,27.345285415649414,30666
ISIC_9574838,600,450,80.15315246582031,30.462867736816406,34673
ISIC_9577015,600,450,153.89544677734375,48.820133209228516,26729
ISIC_9578110,600,450,153.2288360595703,41.755348205566406,37176
ISIC_9579385,600,450,126.01588439941406,38.840065002441406,43953
ISIC_9579576,600,450,138.7412567138672,45.64999008178711,37522
ISIC_9579888,600,450,143.65478515625,44.23965072631836,31709
ISIC_9581030,600,450,139.7313232421875,32.52398681640625,43644
ISIC_9581647,600,450,147.11473083496094,42.61588668823242,30148
ISIC_9581881,600,450,128.83457946777344,30.981842041015625,39370
ISIC_9583399,600,450,122.90831756591797,28.879451751708984,33904
ISIC_9584529,600,450,140.7519073486328,30.816484451293945,33199
ISIC_9584532,600,450,128.8956298828125,31.605133056640625,29151
ISIC_9586593,600,450,134.4169921875,33.656944274902344,53382
ISIC_9586937,600,450,128.7569580078125,17.092195510864258,22244
ISIC_9586991,600,450,168.92337036132812,52.41935729980469,33805
ISIC_9587078,600,450,118.59117126464844,25.965646743774414,23216
ISIC_9587230,600,450,165.72669982910156,25.5988712310791,29351
ISIC_9587357,600,450,119.54093933105469,36.860233306884766,28136
ISIC_9588100,600,450,128.4513397216797,36.75823211669922,41223
ISIC_9588487,600,450,138.997802734375,48.96783447265625,36007
ISIC_9589099,600,450,154.5994110107422,35.93017578125,29472
ISIC_9589958,600,450,118.51737976074219,34.76116180419922,42851
ISIC_9590640,600,450,131.4585418701172,38.32685470581055,41422
ISIC_9592132,600,450,172.98712158203125,11.862602233886719,29563
ISIC_9592403,600,450,177.2539520263672,45.79933547973633,51358
ISIC_9592877,600,450,128.67034912109375,46.49471664428711,42658
ISIC_9593683,600,450,153.83758544921875,42.059444427490234,44642
ISIC_9594263,600,450,167.2789764404297,37.923377990722656,27808
ISIC_9594679,600,450,155.76405334472656,23.8673095703125,24154
ISIC_9594918,600,450,133.8617706298828,50.90485382080078,29841
ISIC_9596173,600,450,145.42611694335938,47.290565490722656,25992
ISIC_9596244,600,450,121.93403625488281,28.251047134399414,28406
ISIC_9596637,600,450,119.17377471923828,37.3884391784668,30398
ISIC_9597152,600,450,155.84901428222656,25.377182006835938,21144
ISIC_9597858,600,450,144.3472900390625,34.914955139160156,31786
ISIC_9598235,600,450,130.40203857421875,43.10003662109375,40242
ISIC_9598621,600,450,146.4390411376953,28.297821044921875,23509
ISIC_9599992,600,450,147.7473907470703,32.00848388671875,29504
ISIC_9601345,600,450,178.81454467773438,27.387392044067383,30469
ISIC_9606854,600,450,151.72418212890625,61.65433883666992,35423
ISIC_9608161,600,450,189.59283447265625,30.889183044433594,39320
ISIC_9609356,600,450,136.84234619140625,36.035865783691406,37331
ISIC_9611209,600,450,150.13568115234375,63.16192626953125,38571
ISIC_9611388,600,450,143.09181213378906,30.555723190307617,29464
ISIC_9612446,600,450,160.7149658203125,17.285112380981445,23459
ISIC_9612761,600,450,110.5279541015625,35.42802047729492,41071
ISIC_9613721,600,450,143.5229949951172,18.106800079345703,17886
ISIC_9614509,600,450,169.1485595703125,21.76755714416504,29613
ISIC_9614578,600,450,124.9574203491211,44.263397216796875,46785
ISIC_9614625,600,450,136.68861389160156,39.2371940612793,32079
ISIC_9614715,600,450,121.16708374023438,55.80315399169922,36352
ISIC_9617606,600,450,123.9653549194336,38.12015914916992,33759
ISIC_9619047,600,450,171.13497924804688,41.73188781738281,45118
ISIC_9625234,600,450,173.369873046875,32.92441940307617,37960
ISIC_9625758,600,450,145.7373504638672,44.767364501953125,26122
ISIC_9625853,600,450,148.00950622558594,40.849124908447266,32700
ISIC_9626996,600,450,131.0914764404297,36.592689514160156,83517
ISIC_9627212,600,450,186.2507781982422,37.459388732910156,32613
ISIC_9627432,600,450,148.374267578125,30.806058883666992,33662
ISIC_9627594,600,450,144.7857208251953,25.732755661010742,24131
ISIC_9627993,600,450,133.00927734375,47.644256591796875,37957
ISIC_9629029,600,450,133.771728515625,24.705839157104492,27492
ISIC_9629139,600,450,130.8037109375,45.50520324707031,55477
ISIC_9630006,600,450,145.85667419433594,29.33372688293457,18535
ISIC_9634842,600,450,155.6547088623047,33.884769439697266,38950
ISIC_9636152,600,450,116.96114349365234,46.889522552490234,45700
ISIC_9639067,600,450,124.95353698730469,28.770038604736328,26522
ISIC_9639952,600,450,121.73554229736328,38.067420959472656,43914
ISIC_9640662,600,450,157.59384155273438,19.335508346557617,16411
ISIC_9640973,600,450,126.92337799072266,33.688446044921875,26962
ISIC_9641063,600,450,152.3548583984375,32.09735107421875,31093
ISIC_9641700,600,450,114.17301940917969,39.71894454956055,47246
ISIC_9641825,600,450,162.6595458984375,47.23986053466797,36703
ISIC_9641859,600,450,185.19601440429688,21.993488311767578,20885
ISIC_9642154,600,450,169.4066925048828,26.887815475463867,23048
ISIC_9642724,600,450,156.70152282714844,22.77872085571289,21027
ISIC_9642927,600,450,174.8713836669922,25.209083557128906,28242
ISIC_9642936,600,450,136.678466796875,38.4959602355957,44558
ISIC_9643087,600,450,109.89734649658203,38.236576080322266,43923
ISIC_9643914,600,450,166.66697692871094,25.978662490844727,21210
ISIC_9648502,600,450,117.95903015136719,43.5827522277832,47168
ISIC_9648773,600,450,159.65003967285156,42.44877243041992,25658
ISIC_9649323,600,450,154.50567626953125,19.446016311645508,19086
ISIC_9650544,600,450,125.93643188476562,26.031103134155273,24426
ISIC_9650776,600,450,167.1670684814453,56.80242919921875,39430
ISIC_9651478,600,450,138.64801025390625,22.997251510620117,31147
ISIC_9656292,600,450,127.21131896972656,33.49102020263672,39963
ISIC_9658127,600,450,114.94242858886719,47.86379623413086,42061
ISIC_9658944,600,450,144.84669494628906,41.425376892089844,35661
ISIC_9660882,600,450,180.2507781982422,43.193416595458984,37682
ISIC_9661422,600,450,131.2104949951172,24.299793243408203,25598
ISIC_9661702,600,450,154.6283416748047,16.883834838867188,22553
ISIC_9662237,600,450,148.04241943359375,48.5114631652832,31925
ISIC_9663937,600,450,108.17957305908203,26.18646812438965,25401
ISIC_9666538,600,450,120.48399353027344,26.125608444213867,26047
ISIC_9666922,600,450,127.3670654296875,33.09529113769531,29976
ISIC_9668142,600,450,159.92422485351562,31.49239158630371,28526
ISIC_9668453,600,450,126.7942123413086,36.15869140625,32857
ISIC_9668533,600,450,160.87977600097656,27.373600006103516,23314
ISIC_9668892,600,450,151.39248657226562,28.534521102905273,37695
ISIC_9669577,600,450,164.9930877685547,26.15016746520996,22360
ISIC_9670100,600,450,125.15496063232422,29.934982299804688,44824
ISIC_9673021,600,450,135.3313751220703,33.83344650268555,35442
ISIC_9674469,600,450,143.19810485839844,29.27299690246582,41607
ISIC_9676478,600,450,127.35073852539062,37.850364685058594,41996
ISIC_9676659,600,450,120.20443725585938,43.36992263793945,32482
ISIC_9676972,600,450,121.5450439453125,41.13721466064453,41646
ISIC_9677476,600,450,156.69520568847656,25.23256492614746,26823
ISIC_9679124,600,450,116.55928039550781,41.61991882324219,43773
ISIC_9679564,600,450,201.69789123535156,27.204151153564453,39221
ISIC_9680458,600,450,120.75978088378906,38.57009506225586,31379
ISIC_9682195,600,450,134.6833953857422,34.81900405883789,41428
ISIC_9683086,600,450,147.84259033203125,30.621152877807617,40242
ISIC_9685756,600,450,171.46629333496094,22.15953826904297,26640
ISIC_9685758,600,450,152.0243682861328,25.86586570739746,22234
ISIC_9686538,600,450,129.72451782226562,27.73040008544922,27232
ISIC_9688065,600,450,170.62522888183594,24.320457458496094,20358
ISIC_9688192,600,450,157.9715576171875,68.20752716064453,41225
ISIC_9690596,600,450,126.07106018066406,42.78972244262695,40738
ISIC_9691123,600,450,117.50767517089844,38.62236022949219,42240
ISIC_9693001,600,450,135.03067016601562,25.863889694213867,26630
ISIC_9693456,600,450,164.00457763671875,25.320606231689453,27225
ISIC_9693802,600,450,152.56915283203125,35.429847717285156,29564
ISIC_9693907,600,450,115.60606384277344,29.074478149414062,64801
ISIC_9696099,600,450,145.0259552001953,21.386159896850586,18787
ISIC_9696815,600,450,153.45745849609375,34.38713836669922,29542
ISIC_9697273,600,450,149.7709503173828,49.56114196777344,34178
ISIC_9700218,600,450,130.1855926513672,38.67361831665039,24462
ISIC_9701048,600,450,140.51803588867188,54.35844802856445,48619
ISIC_9702862,600,450,153.4241180419922,44.602500915527344,30110
ISIC_9703128,600,450,121.7755126953125,49.25241470336914,56630
ISIC_9703510,600,450,187.06919860839844,30.5343074798584,33786
ISIC_9704524,600,450,177.1674346923828,57.83292007446289,37112
ISIC_9704742,600,450,160.6047821044922,44.171749114990234,42836
ISIC_9705765,600,450,133.2552490234375,29.85554313659668,36099
ISIC_9706057,600,450,129.8958740234375,32.612632751464844,31545
ISIC_9706117,600,450,163.4799041748047,19.318008422851562,22997
ISIC_9706184,600,450,137.74346923828125,31.63810157775879,31322
ISIC_9708493,600,450,127.82917785644531,29.915708541870117,20545
ISIC_9708941,600,450,137.0674591064453,36.69477462768555,36737
ISIC_9710618,600,450,162.3924560546875,24.611413955688477,21290
ISIC_9710909,600,450,140.3704376220703,15.020902633666992,26829
ISIC_9712861,600,450,141.87179565429688,40.26630401611328,32908
ISIC_9713038,600,450,129.16197204589844,27.045578002929688,28738
ISIC_9714916,600,450,140.75033569335938,30.09600830078125,29768
ISIC_9718735,600,450,128.00413513183594,28.34619140625,29671
ISIC_9718756,600,450,134.82778930664062,34.81196975708008,32804
ISIC_9719495,600,450,169.46815490722656,25.462160110473633,31597
ISIC_9719634,600,450,169.80868530273438,32.86656188964844,24529
ISIC_9720285,600,450,131.2095947265625,24.920795440673828,32124
ISIC_9721840,600,450,155.32534790039062,25.909236907958984,22515
ISIC_9725159,600,450,127.1256332397461,26.835954666137695,30599
ISIC_9725243,600,450,127.64790344238281,29.579740524291992,28485
ISIC_9725650,600,450,114.35045623779297,36.08127975463867,45470
ISIC_9726099,600,450,145.7405242919922,38.24525451660156,50074
ISIC_9726153,600,450,145.01388549804688,59.399322509765625,31326
ISIC_9728651,600,450,119.2014389038086,41.28347396850586,39086
ISIC_9728749,600,450,157.883056640625,31.152271270751953,28681
ISIC_9730737,600,450,126.20244598388672,37.9420280456543,43504
ISIC_9733625,600,450,133.89297485351562,34.70449447631836,46669
ISIC_9735316,600,450,129.7439422607422,36.39127731323242,40456
ISIC_9735329,600,450,114.37291717529297,33.58151626586914,22640
ISIC_9735403,600,450,122.82174682617188,40.193843841552734,33055
ISIC_9736851,600,450,159.47906494140625,20.649497985839844,21613
ISIC_9737054,600,450,134.0773468017578,27.927141189575195,32856
ISIC_9738040,600,450,142.70277404785156,26.346586227416992,28513
ISIC_9738298,600,450,150.69424438476562,19.768003463745117,22137
ISIC_9739600,600,450,118.08406829833984,52.21121597290039,57539
ISIC_9739946,600,450,128.632568359375,41.35377502441406,31772
ISIC_9740592,600,450,124.14913940429688,32.546539306640625,29781
ISIC_9742404,600,450,164.14419555664062,42.315372467041016,36943
ISIC_9744084,600,450,165.63568115234375,39.98442077636719,25264
ISIC_9745273,600,450,157.64315795898438,34.607364654541016,29059
ISIC_9747479,600,450,135.38575744628906,33.59148406982422,40801
ISIC_9747544,600,450,137.8905792236328,29.152536392211914,41011
ISIC_9749130,600,450,131.5961151123047,23.396175384521484,25576
ISIC_9750600,600,450,151.4518585205078,19.255294799804688,23982
ISIC_9755138,600,450,189.95884704589844,45.601322174072266,26419
ISIC_9755301,600,450,128.2147979736328,42.04987716674805,46932
ISIC_9756261,600,450,130.34043884277344,39.75896453857422,43588
ISIC_9756715,600,450,127.74374389648438,43.08308410644531,39055
ISIC_9756777,600,450,136.85888671875,38.035362243652344,35634
ISIC_9756878,600,450,195.69139099121094,42.846778869628906,24095
ISIC_9757709,600,450,143.40591430664062,19.770076751708984,30159
ISIC_9759173,600,450,162.23312377929688,58.362735748291016,41381
ISIC_9759381,600,450,108.76898956298828,47.31659698486328,41658
ISIC_9760671,600,450,154.32823181152344,49.80756759643555,24279
ISIC_9761409,600,450,154.0832061767578,25.20587730407715,41768
ISIC_9762915,600,450,93.05170440673828,55.379634857177734,33300
ISIC_9766600,600,450,131.7720489501953,20.636064529418945,27751
ISIC_9767663,600,450,177.4803009033203,34.58350372314453,37317
ISIC_9769821,600,450,144.84579467773438,46.37350082397461,34360
ISIC_9770798,600,450,154.10470581054688,32.55720138549805,36491
ISIC_9774070,600,450,117.55062103271484,51.973392486572266,46647
ISIC_9774801,600,450,172.17230224609375,31.675212860107422,21889
ISIC_9776077,600,450,121.44068145751953,52.981597900390625,47797
ISIC_9776410,600,450,168.89352416992188,23.97413444519043,36205
ISIC_9776738,600,450,103.22148895263672,34.21472930908203,62798
ISIC_9777242,600,450,129.6681365966797,38.95308303833008,50755
ISIC_9777580,600,450,136.4860382080078,28.010616302490234,28577
ISIC_9777954,600,450,180.6136474609375,50.98003005981445,67372
ISIC_9778028,600,450,117.55854034423828,35.29018783569336,30833
ISIC_9778651,600,450,132.64007568359375,38.240516662597656,26984
ISIC_9780121,600,450,113.29203033447266,33.161930084228516,34754
ISIC_9784837,600,450,141.730712890625,32.2361946105957,27958
ISIC_9785301,600,450,126.29762268066406,38.09727096557617,43489
ISIC_9786685,600,450,120.06449127197266,27.49021339416504,26873
ISIC_9788437,600,450,129.74888610839844,46.26966857910156,43555
ISIC_9790247,600,450,128.33425903320312,34.365318298339844,47712
ISIC_9790523,600,450,136.29275512695312,33.066680908203125,28331
ISIC_9790773,600,450,139.2308807373047,15.922406196594238,23928
ISIC_9791119,600,450,145.51199340820312,21.710649490356445,26057
ISIC_9792283,600,450,136.2830352783203,60.76472473144531,32543
ISIC_9792479,600,450,120.88594818115234,26.711811065673828,59693
ISIC_9794743,600,450,128.98794555664062,35.959774017333984,38931
ISIC_9796777,600,450,161.51611328125,23.788715362548828,23187
ISIC_9797265,600,450,144.8148956298828,42.87184524536133,48153
ISIC_9798470,600,450,136.38885498046875,55.065731048583984,37759
ISIC_9800865,600,450,129.44149780273438,66.24961853027344,48950
ISIC_9801308,600,450,135.90618896484375,34.46896743774414,39561
ISIC_9802157,600,450,170.4822540283203,17.651575088500977,23128
ISIC_9802702,600,450,144.29351806640625,41.452293395996094,34705
ISIC_9802963,600,450,136.04615783691406,46.49394989013672,41297
ISIC_9803465,600,450,142.75607299804688,49.432579040527344,55131
ISIC_9804365,600,450,137.99569702148438,52.17835235595703,59390
ISIC_9807651,600,450,141.94613647460938,31.764198303222656,33569
ISIC_9807754,600,450,159.1304931640625,41.54195022583008,32129
ISIC_9809278,600,450,122.57129669189453,30.84592628479004,46553
ISIC_9809345,600,450,150.60203552246094,47.229244232177734,31265
ISIC_9809557,600,450,162.51190185546875,25.364238739013672,38882
ISIC_9810068,600,450,103.25104522705078,35.55548095703125,43790
ISIC_9810739,600,450,149.7926483154297,50.785865783691406,41718
ISIC_9812075,600,450,126.21212768554688,32.45608901977539,36236
ISIC_9812459,600,450,157.17193603515625,72.62267303466797,34739
ISIC_9812504,600,450,142.1317596435547,46.29216003417969,22777
ISIC_9814001,600,450,113.68098449707031,42.493324279785156,22898
ISIC_9814156,600,450,124.82860565185547,27.117652893066406,34734
ISIC_9814738,600,450,128.1129608154297,20.44225311279297,21259
ISIC_9815182,600,450,145.0417938232422,41.19979476928711,28292
ISIC_9815898,600,450,153.48956298828125,32.671043395996094,35526
ISIC_9816160,600,450,133.517822265625,54.664154052734375,42040
ISIC_9816264,600,450,158.18209838867188,34.42006301879883,24297
ISIC_9816395,600,450,176.51148986816406,41.68825149536133,32425
ISIC_9818203,600,450,126.07866668701172,26.600990295410156,28938
ISIC_9818689,600,450,130.4016571044922,48.02424621582031,53856
ISIC_9818964,600,450,112.39547729492188,38.7175407409668,55499
ISIC_9820266,600,450,154.45281982421875,45.29838562011719,26544
ISIC_9820396,600,450,171.72344970703125,45.3076057434082,49584
ISIC_9820560,600,450,126.73497009277344,40.0410270690918,39873
ISIC_9821910,600,450,159.41432189941406,28.980363845825195,22053
ISIC_9822543,600,450,153.0957489013672,41.58287811279297,39022
ISIC_9823894,600,450,159.8151092529297,25.77906036376953,14505
ISIC_9824186,600,450,165.41746520996094,41.10398864746094,23790
ISIC_9824409,600,450,145.01934814453125,52.884212493896484,25040
ISIC_9826023,600,450,127.55387878417969,49.728355407714844,46395
ISIC_9826365,600,450,135.92318725585938,37.354881286621094,41517
ISIC_9826615,600,450,125.43182373046875,41.7766227722168,37114
ISIC_9828047,600,450,138.55564880371094,43.44283676147461,23296
ISIC_9828103,600,450,120.13745880126953,29.73967933654785,39411
ISIC_9829558,600,450,128.1903839111328,41.6771125793457,47720
ISIC_9831096,600,450,139.8588104248047,63.018798828125,35373
ISIC_9831775,600,450,120.44486236572266,20.446504592895508,27191
ISIC_9832572,600,450,169.95440673828125,31.295955657958984,60867
ISIC_9832783,600,450,126.31072235107422,32.453025817871094,35734
ISIC_9833026,600,450,179.67910766601562,27.219202041625977,53636
ISIC_9841903,600,450,147.96087646484375,27.118385314941406,27948
ISIC_9842192,600,450,100.7868423461914,40.520362854003906,24682
ISIC_9843002,600,450,131.51113891601562,26.725257873535156,35252
ISIC_9845346,600,450,151.25962829589844,18.89324188232422,17908
ISIC_9846502,600,450,115.37998962402344,28.8056583404541,30113
ISIC_9846956,600,450,122.87110900878906,47.692283630371094,58314
ISIC_9848425,600,450,114.19702911376953,25.537918090820312,52429
ISIC_9849120,600,450,161.93319702148438,55.25517272949219,25130
ISIC_9850235,600,450,159.7387237548828,26.191421508789062,35161
ISIC_9850344,600,450,134.92092895507812,35.65805435180664,40473
ISIC_9850356,600,450,151.91018676757812,36.874080657958984,43706
ISIC_9850628,600,450,149.13943481445312,25.955656051635742,59330
ISIC_9852855,600,450,144.2170867919922,28.395843505859375,43062
ISIC_9853363,600,450,145.40809631347656,23.807130813598633,25058
ISIC_9857002,600,450,98.71427154541016,37.47358703613281,35267
ISIC_9859487,600,450,130.1299591064453,45.63333511352539,54226
ISIC_9860654,600,450,131.47850036621094,38.05338668823242,41999
ISIC_9861310,600,450,126.08594512939453,32.31027603149414,27164
ISIC_9862532,600,450,161.16322326660156,22.121204376220703,19068
ISIC_9864702,600,450,130.6546630859375,26.580148696899414,28796
ISIC_9865547,600,450,165.7741241455078,24.283658981323242,33652
ISIC_9866460,600,450,148.983642578125,29.827180862426758,27140
ISIC_9867644,600,450,139.18597412109375,20.348915100097656,20643
ISIC_9871721,600,450,139.83750915527344,28.019088745117188,40298
ISIC_9873401,600,450,134.81541442871094,37.98564910888672,28824
ISIC_9873782,600,450,135.49993896484375,37.86988830566406,41104
ISIC_9875123,600,450,164.53909301757812,41.962562561035156,25686
ISIC_9875364,600,450,221.9422149658203,44.813629150390625,30090
ISIC_9875968,600,450,138.13272094726562,43.96111297607422,26061
ISIC_9878811,600,450,123.134521484375,46.50475311279297,38077
ISIC_9878841,600,450,134.6775360107422,41.4640007019043,48543
ISIC_9879446,600,450,139.68618774414062,39.336299896240234,43375
ISIC_9881436,600,450,147.7075958251953,63.67970275878906,38972
ISIC_9882842,600,450,130.62350463867188,41.603763580322266,39864
ISIC_9884445,600,450,168.20704650878906,35.18625259399414,38604
ISIC_9886033,600,450,130.0620574951172,27.001506805419922,30930
ISIC_9886316,600,450,116.18988800048828,41.85598373413086,43739
ISIC_9886654,600,450,163.0343475341797,31.701562881469727,23927
ISIC_9886748,600,450,132.02725219726562,22.763032913208008,26220
ISIC_9886919,600,450,123.0435562133789,36.07876968383789,39417
ISIC_9886925,600,450,119.0277099609375,40.75339126586914,39786
ISIC_9887877,600,450,158.759521484375,45.7906494140625,24960
ISIC_9890207,600,450,119.53317260742188,44.26088333129883,35836
ISIC_9890254,600,450,148.48097229003906,24.16100311279297,21867
ISIC_9890480,600,450,148.1422576904297,15.219009399414062,29282
ISIC_9890732,600,450,134.27906799316406,31.084047317504883,32917
ISIC_9891275,600,450,148.70631408691406,32.440547943115234,19182
ISIC_9892179,600,450,153.23855590820312,31.204505920410156,21953
ISIC_9892393,600,450,165.85011291503906,29.4694881439209,39710
ISIC_9892615,600,450,154.11647033691406,41.17851638793945,28916
ISIC_9893445,600,450,136.39923095703125,20.938213348388672,23004
ISIC_9894744,600,450,117.96797943115234,36.27822494506836,34419
ISIC_9895318,600,450,149.66734313964844,29.340364456176758,23900
ISIC_9896110,600,450,178.78233337402344,23.747121810913086,32330
ISIC_9896318,600,450,111.90773010253906,46.21177673339844,44110
ISIC_9896561,600,450,161.75852966308594,27.909854888916016,25004
ISIC_9896977,600,450,140.99668884277344,23.432674407958984,22994
ISIC_9899180,600,450,121.68527221679688,38.91716384887695,49622
ISIC_9899763,600,450,142.9447784423828,30.350542068481445,31304
ISIC_9900027,600,450,166.29119873046875,38.95166778564453,29334
ISIC_9900723,600,450,139.48587036132812,19.75014877319336,26884
ISIC_9901858,600,450,123.23309326171875,35.339599609375,44084
ISIC_9903464,600,450,150.75704956054688,32.476280212402344,51245
ISIC_9905593,600,450,120.75286865234375,33.65610885620117,34853
ISIC_9909273,600,450,161.4070281982422,25.469953536987305,27784
ISIC_9909368,600,450,121.94406127929688,28.61746597290039,41947
ISIC_9909995,600,450,123.21052551269531,34.920013427734375,31759
ISIC_9912332,600,450,165.53562927246094,21.340269088745117,27952
ISIC_9915322,600,450,166.96517944335938,23.119977951049805,46801
ISIC_9915349,600,450,127.05516815185547,36.02277374267578,39089
ISIC_9915675,600,450,128.74085998535156,42.907081604003906,53916
ISIC_9916112,600,450,137.42625427246094,27.90882682800293,18727
ISIC_9916568,600,450,102.07504272460938,46.199825286865234,31829
ISIC_9918302,600,450,132.91859436035156,31.751972198486328,38571
ISIC_9918967,600,450,125.81023406982422,38.24528503417969,40264
ISIC_9921386,600,450,102.97098541259766,31.24996566772461,21455
ISIC_9922427,600,450,185.43849182128906,42.85763168334961,34913
ISIC_9922993,600,450,187.4489288330078,40.01407241821289,45130
ISIC_9923124,600,450,169.4456024169922,35.12895584106445,35546
ISIC_9923880,600,450,152.43222045898438,46.42170715332031,49492
ISIC_9925039,600,450,143.6734161376953,48.16946029663086,52777
ISIC_9925307,600,450,138.6897430419922,21.753446578979492,24301
ISIC_9925921,600,450,122.27415466308594,39.949466705322266,29380
ISIC_9927143,600,450,165.6402130126953,38.21267318725586,54236
ISIC_9927174,600,450,148.04481506347656,19.28367042541504,25255
ISIC_9929712,600,450,93.9287109375,40.146156311035156,46118
ISIC_9929733,600,450,141.7866973876953,25.030916213989258,33200
ISIC_9931617,600,450,181.64120483398438,51.30891036987305,38126
ISIC_9931935,600,450,136.0549774169922,38.06255340576172,26859
ISIC_9932255,600,450,128.6672821044922,41.7359619140625,53044
ISIC_9932307,600,450,98.3028564453125,37.34296798706055,75676
ISIC_9933283,600,450,114.40266418457031,45.967525482177734,46869
ISIC_9934612,600,450,134.9552764892578,25.219411849975586,31073
ISIC_9936601,600,450,138.16990661621094,40.6954231262207,26765
ISIC_9938958,600,450,113.7078628540039,42.10182571411133,27033
ISIC_9939897,600,450,175.0330047607422,41.57148742675781,37708
ISIC_9940061,600,450,149.6504364013672,43.466880798339844,34039
ISIC_9940495,600,450,136.5222930908203,37.092918395996094,27397
ISIC_9940509,600,450,148.5605926513672,26.01728630065918,43295
ISIC_9941177,600,450,115.95436096191406,44.89289855957031,23777
ISIC_9944257,600,450,171.1707305908203,27.53598403930664,31324
ISIC_9944485,600,450,155.1669921875,33.344905853271484,28062
ISIC_9945084,600,450,96.72013854980469,45.44605255126953,52688
ISIC_9945188,600,450,114.7046890258789,21.444326400756836,33336
ISIC_9945392,600,450,174.7111358642578,43.121463775634766,38697
ISIC_9945604,600,450,141.4506072998047,13.435314178466797,17989
ISIC_9945680,600,450,139.9276580810547,61.36830520629883,24246
ISIC_9950919,600,450,125.66108703613281,54.00860595703125,33586
ISIC_9951312,600,450,161.0227508544922,24.94013214111328,39594
ISIC_9951505,600,450,121.4616470336914,49.51203155517578,52559
ISIC_9954496,600,450,147.1095733642578,28.071697235107422,25791
ISIC_9955193,600,450,125.85320281982422,41.97162628173828,47323
ISIC_9956546,600,450,128.194091796875,40.10884094238281,42567
ISIC_9956878,600,450,153.02638244628906,47.551815032958984,17349
ISIC_9961570,600,450,152.4412384033203,18.292572021484375,23205
ISIC_9961928,600,450,148.68316650390625,31.108728408813477,31970
ISIC_9963933,600,450,157.3011474609375,54.26581954956055,26735
ISIC_9965584,600,450,120.37925720214844,35.259586334228516,41322
ISIC_9966328,600,450,130.12466430664062,31.99098014831543,39189
ISIC_9966733,600,450,140.28294372558594,47.59910583496094,20375
ISIC_9968131,600,450,166.04615783691406,21.562559127807617,42574
ISIC_9969311,600,450,110.70555877685547,35.91768264770508,51950
ISIC_9971064,600,450,165.5663604736328,18.27665138244629,19977
ISIC_9973095,600,450,129.34341430664062,41.370365142822266,46882
ISIC_9973379,600,450,180.30569458007812,73.7101058959961,27596
ISIC_9973864,600,450,143.11102294921875,20.39440155029297,21430
ISIC_9974916,600,450,174.0904541015625,55.22215270996094,41238
ISIC_9976872,600,450,131.38897705078125,46.1401481628418,42906
ISIC_9977374,600,450,152.91128540039062,40.98517608642578,27648
ISIC_9978058,600,450,166.48802185058594,15.262528419494629,18029
ISIC_9979190,600,450,146.18785095214844,9.908905029296875,24378
ISIC_9981611,600,450,136.5735321044922,25.69919776916504,44746
ISIC_9982272,600,450,138.17539978027344,13.725360870361328,15061
ISIC_9983655,600,450,103.64022064208984,41.36992645263672,17932
ISIC_9985358,600,450,134.09120178222656,44.645233154296875,34561
ISIC_9986730,600,450,118.36671447753906,26.66942596435547,28468
ISIC_9987344,600,450,164.61151123046875,45.80078125,27021
ISIC_9987696,600,450,124.0914535522461,18.2602481842041,20194
ISIC_9987719,600,450,161.78659057617188,15.34853744506836,24429
ISIC_9989178,600,450,103.19113159179688,49.518497467041016,25424
ISIC_9989889,600,450,155.61497497558594,43.45347595214844,26687
ISIC_9991793,600,450,139.6100616455078,34.812644958496094,38031
ISIC_9992299,600,450,164.872802734375,13.184762954711914,18459
ISIC_9992648,600,450,164.6342315673828,23.757226943969727,21669
ISIC_9994191,600,450,145.6083221435547,20.609352111816406,23766
ISIC_9995425,600,450,148.59617614746094,49.65633010864258,33312
ISIC_9995871,600,450,158.63816833496094,29.835050582885742,23436
ISIC_9995901,600,450,142.61277770996094,39.060028076171875,37778
ISIC_9997661,600,450,155.8241729736328,28.486526489257812,31677
ISIC_9998198,600,450,117.92134094238281,55.19225311279297,32372
ISIC_9998927,600,450,131.42694091796875,33.09978485107422,32635
ISIC_9999151,600,450,115.40628051757812,38.217281341552734,40147
