lesion_id,label,clinical_isic_id,dermoscopic_isic_id
IL_0000652,BCC,ISIC_8149219,ISIC_4671410
IL_0003176,BCC,ISIC_3904045,ISIC_5371928
IL_0004688,BCC,ISIC_0791494,ISIC_3624913
IL_0005081,SCCKA,ISIC_5667730,ISIC_5186409
IL_0006177,BCC,ISIC_8803389,ISIC_1048297
IL_0006407,AKIEC,ISIC_2729538,ISIC_5107821
IL_0008891,NV,ISIC_1498519,ISIC_5916190
IL_0008969,BCC,ISIC_3209508,ISIC_9546309
IL_0009339,BCC,ISIC_2978483,ISIC_8325963
IL_0011263,BCC,ISIC_9769821,ISIC_3780652
IL_0012199,SCCKA,ISIC_8947496,ISIC_7213515
IL_0014412,BCC,ISIC_5881121,ISIC_9803465
IL_0017483,BKL,ISIC_9923124,ISIC_1225678
IL_0019048,BCC,ISIC_8438197,ISIC_6039074
IL_0019655,MEL,ISIC_1660154,ISIC_2641217
IL_0020208,BKL,ISIC_0652620,ISIC_8615296
IL_0024228,NV,ISIC_8598339,ISIC_8870441
IL_0026510,SCCKA,ISIC_8431081,ISIC_2768555
IL_0029019,MEL,ISIC_0402893,ISIC_5203599
IL_0030541,BCC,ISIC_2944762,ISIC_1347581
IL_0032270,BCC,ISIC_5462275,ISIC_6993481
IL_0033882,BCC,ISIC_1006010,ISIC_3881896
IL_0039324,BCC,ISIC_8429141,ISIC_1874410
IL_0041758,MEL,ISIC_4499437,ISIC_3704603
IL_0044468,MEL,ISIC_5047383,ISIC_6046943
IL_0047878,NV,ISIC_2308076,ISIC_0433706
IL_0053198,BCC,ISIC_4030094,ISIC_8463837
IL_0061620,BCC,ISIC_7081965,ISIC_4345756
IL_0063537,BCC,ISIC_9191957,ISIC_8370666
IL_0064763,SCCKA,ISIC_9047853,ISIC_1230865
IL_0069690,BCC,ISIC_3272276,ISIC_0323748
IL_0074413,NV,ISIC_0447190,ISIC_4980158
IL_0075646,BCC,ISIC_1644500,ISIC_4932148
IL_0076321,NV,ISIC_0512596,ISIC_8015399
IL_0076383,BKL,ISIC_1889858,ISIC_3175755
IL_0076523,BKL,ISIC_6171480,ISIC_3175480
IL_0079116,BCC,ISIC_2511643,ISIC_5344273
IL_0080050,BCC,ISIC_2453811,ISIC_0813000
IL_0080398,MEL,ISIC_5100065,ISIC_9206660
IL_0081442,SCCKA,ISIC_8453550,ISIC_7606142
IL_0082869,NV,ISIC_4305600,ISIC_2473856
IL_0083505,NV,ISIC_5016123,ISIC_8736820
IL_0083796,BCC,ISIC_3313109,ISIC_9131247
IL_0085362,AKIEC,ISIC_5596458,ISIC_9542991
IL_0087252,BKL,ISIC_2084498,ISIC_3945160
IL_0087637,BKL,ISIC_6479651,ISIC_0856370
IL_0091633,BCC,ISIC_7184100,ISIC_7507858
IL_0092031,BCC,ISIC_5364143,ISIC_5597650
IL_0092622,MEL,ISIC_4065657,ISIC_5144687
IL_0097046,BCC,ISIC_0603409,ISIC_3480084
IL_0097757,BKL,ISIC_1140407,ISIC_5350161
IL_0097908,BKL,ISIC_6364449,ISIC_0107067
IL_0098895,NV,ISIC_4357109,ISIC_7778161
IL_0100733,BEN_OTH,ISIC_9379796,ISIC_3874242
IL_0101784,BCC,ISIC_9963933,ISIC_3627294
IL_0102463,SCCKA,ISIC_8537605,ISIC_9954496
IL_0105755,BCC,ISIC_3234625,ISIC_3783885
IL_0106085,BCC,ISIC_3483575,ISIC_0933237
IL_0106759,DF,ISIC_2076601,ISIC_6558326
IL_0107208,BCC,ISIC_9257390,ISIC_3818927
IL_0108201,NV,ISIC_4879615,ISIC_8804250
IL_0108315,BCC,ISIC_8176738,ISIC_0454029
IL_0110620,AKIEC,ISIC_7405877,ISIC_6391693
IL_0111269,SCCKA,ISIC_5554902,ISIC_9742404
IL_0113118,BCC,ISIC_5683123,ISIC_8483047
IL_0115590,BCC,ISIC_1660394,ISIC_0124081
IL_0121394,BCC,ISIC_8019995,ISIC_6946678
IL_0121735,BKL,ISIC_9627993,ISIC_8494727
IL_0123995,SCCKA,ISIC_0729799,ISIC_8954124
IL_0125182,BCC,ISIC_3845463,ISIC_2556147
IL_0125566,BCC,ISIC_1090102,ISIC_0490468
IL_0126015,BKL,ISIC_5817638,ISIC_4742339
IL_0127859,NV,ISIC_1223850,ISIC_5412550
IL_0134295,BCC,ISIC_5696217,ISIC_7733305
IL_0134998,MEL,ISIC_8788500,ISIC_5951892
IL_0136746,BCC,ISIC_5232497,ISIC_4749092
IL_0137229,SCCKA,ISIC_5667513,ISIC_0866079
IL_0137493,BCC,ISIC_7335701,ISIC_4135497
IL_0138483,BCC,ISIC_8365952,ISIC_9508636
IL_0142779,SCCKA,ISIC_4783176,ISIC_0881081
IL_0143212,AKIEC,ISIC_6163759,ISIC_9704524
IL_0143868,SCCKA,ISIC_3015060,ISIC_5381727
IL_0145900,BCC,ISIC_4140673,ISIC_0215803
IL_0147242,BCC,ISIC_4222996,ISIC_7085591
IL_0149726,MEL,ISIC_3701587,ISIC_8667960
IL_0152415,BCC,ISIC_9584532,ISIC_5006235
IL_0155141,BCC,ISIC_2877846,ISIC_3993701
IL_0158496,MEL,ISIC_6748961,ISIC_8918247
IL_0159004,SCCKA,ISIC_0226793,ISIC_0872036
IL_0159486,MEL,ISIC_4961582,ISIC_9055556
IL_0168605,SCCKA,ISIC_6465036,ISIC_4829038
IL_0169358,BKL,ISIC_0560217,ISIC_2799124
IL_0172774,BKL,ISIC_1432476,ISIC_4761686
IL_0177781,BCC,ISIC_2019971,ISIC_3408779
IL_0179071,BCC,ISIC_5748990,ISIC_6900958
IL_0180498,BCC,ISIC_1320739,ISIC_1176025
IL_0181682,MEL,ISIC_0594231,ISIC_5436595
IL_0183140,BCC,ISIC_2085484,ISIC_1552060
IL_0183428,BCC,ISIC_4138716,ISIC_6121019
IL_0184125,DF,ISIC_9833026,ISIC_0981335
IL_0185151,BCC,ISIC_2453582,ISIC_2525369
IL_0185291,BKL,ISIC_2284535,ISIC_8322623
IL_0185297,BCC,ISIC_3908138,ISIC_8850071
IL_0192026,MEL,ISIC_1666674,ISIC_6581571
IL_0199161,BCC,ISIC_4964410,ISIC_9486866
IL_0199225,BCC,ISIC_5065727,ISIC_1675235
IL_0199785,SCCKA,ISIC_3734574,ISIC_8977908
IL_0200790,BCC,ISIC_9718735,ISIC_6250586
IL_0201884,BKL,ISIC_7381334,ISIC_1718630
IL_0203121,BCC,ISIC_3266019,ISIC_7153501
IL_0203872,MEL,ISIC_4597624,ISIC_1923354
IL_0205551,BCC,ISIC_7005663,ISIC_2080755
IL_0208925,SCCKA,ISIC_3057675,ISIC_8293828
IL_0210304,BCC,ISIC_4145656,ISIC_3585425
IL_0210528,NV,ISIC_0936650,ISIC_5562336
IL_0210628,BKL,ISIC_9619047,ISIC_3789455
IL_0211480,BCC,ISIC_3845941,ISIC_1734487
IL_0215570,BCC,ISIC_5308373,ISIC_5693691
IL_0216946,BCC,ISIC_2500263,ISIC_6976701
IL_0217482,NV,ISIC_2267815,ISIC_7149626
IL_0218048,MEL,ISIC_3843458,ISIC_8521879
IL_0218965,NV,ISIC_5149059,ISIC_9183794
IL_0225053,BCC,ISIC_8613107,ISIC_8068358
IL_0225213,BCC,ISIC_7385775,ISIC_9195108
IL_0226639,BCC,ISIC_4703455,ISIC_2755460
IL_0228777,BCC,ISIC_2214696,ISIC_9666538
IL_0233778,BCC,ISIC_1828288,ISIC_1151008
IL_0240650,SCCKA,ISIC_1128113,ISIC_2513521
IL_0241510,BCC,ISIC_7139633,ISIC_9802157
IL_0244045,BKL,ISIC_6402697,ISIC_4307786
IL_0245024,NV,ISIC_5838991,ISIC_6141356
IL_0246803,BCC,ISIC_1812439,ISIC_7289001
IL_0246907,SCCKA,ISIC_1455195,ISIC_2741027
IL_0247404,BKL,ISIC_6728668,ISIC_1954450
IL_0249447,BCC,ISIC_5101364,ISIC_6653595
IL_0252336,MAL_OTH,ISIC_1058258,ISIC_6543284
IL_0256138,NV,ISIC_4514529,ISIC_1291833
IL_0256992,BCC,ISIC_8882028,ISIC_6458495
IL_0257486,NV,ISIC_3368269,ISIC_6563965
IL_0261809,BCC,ISIC_8351733,ISIC_9677476
IL_0262433,AKIEC,ISIC_6600474,ISIC_2913187
IL_0262742,AKIEC,ISIC_1130153,ISIC_7474570
IL_0264320,BKL,ISIC_6831182,ISIC_3555396
IL_0266076,BCC,ISIC_4138482,ISIC_0181316
IL_0266844,BCC,ISIC_6315101,ISIC_6342177
IL_0267094,BCC,ISIC_0217198,ISIC_1033249
IL_0269822,SCCKA,ISIC_0948347,ISIC_9090562
IL_0271647,BCC,ISIC_4225100,ISIC_9250721
IL_0273938,BCC,ISIC_3528840,ISIC_7382332
IL_0275953,BKL,ISIC_7106496,ISIC_7886221
IL_0281880,BCC,ISIC_6900639,ISIC_1799338
IL_0285359,SCCKA,ISIC_1175016,ISIC_3199091
IL_0286652,BCC,ISIC_5845284,ISIC_5761944
IL_0286681,DF,ISIC_6765907,ISIC_0919412
IL_0291723,BCC,ISIC_5921357,ISIC_1171368
IL_0295689,BKL,ISIC_8899742,ISIC_8366863
IL_0298578,SCCKA,ISIC_4337041,ISIC_3885747
IL_0298761,AKIEC,ISIC_8623171,ISIC_4538438
IL_0303192,SCCKA,ISIC_2840695,ISIC_3560179
IL_0303279,BCC,ISIC_5249128,ISIC_7387499
IL_0303759,BCC,ISIC_9936601,ISIC_9185835
IL_0304897,BCC,ISIC_1412567,ISIC_0138914
IL_0306057,NV,ISIC_5721106,ISIC_9340414
IL_0306410,BKL,ISIC_8373898,ISIC_8668865
IL_0306770,BCC,ISIC_7748940,ISIC_6704813
IL_0307289,BCC,ISIC_0713331,ISIC_7119882
IL_0308354,BCC,ISIC_3331939,ISIC_8191013
IL_0310988,AKIEC,ISIC_5319529,ISIC_0898369
IL_0311447,BCC,ISIC_0127217,ISIC_9916112
IL_0313389,BCC,ISIC_3237026,ISIC_1405571
IL_0313731,BCC,ISIC_4468146,ISIC_4966803
IL_0314873,BCC,ISIC_4885518,ISIC_3451684
IL_0317976,BCC,ISIC_3061267,ISIC_1064441
IL_0317980,BCC,ISIC_3337707,ISIC_4465960
IL_0318296,SCCKA,ISIC_8473068,ISIC_9338482
IL_0320467,BCC,ISIC_0233929,ISIC_1149850
IL_0321321,BCC,ISIC_7485318,ISIC_9490906
IL_0321969,NV,ISIC_9055453,ISIC_9579888
IL_0322820,BCC,ISIC_5210175,ISIC_7828331
IL_0322831,BCC,ISIC_1843036,ISIC_5880013
IL_0327292,BCC,ISIC_9860654,ISIC_3259414
IL_0328020,MEL,ISIC_0473678,ISIC_3636953
IL_0328112,BCC,ISIC_5653892,ISIC_2977980
IL_0330449,NV,ISIC_4122655,ISIC_7931618
IL_0330771,BCC,ISIC_8842467,ISIC_5920610
IL_0331680,MEL,ISIC_1850255,ISIC_2604430
IL_0332363,BCC,ISIC_4737794,ISIC_5273681
IL_0333209,BKL,ISIC_1607939,ISIC_1403739
IL_0335647,MEL,ISIC_1058937,ISIC_0642767
IL_0335720,DF,ISIC_4523213,ISIC_4324758
IL_0336381,NV,ISIC_2105399,ISIC_1472958
IL_0340330,VASC,ISIC_5392764,ISIC_8462138
IL_0343240,NV,ISIC_4738084,ISIC_5728294
IL_0345043,BCC,ISIC_0460690,ISIC_3088358
IL_0345607,BCC,ISIC_4558719,ISIC_5979125
IL_0347019,BCC,ISIC_4469500,ISIC_4218589
IL_0347219,SCCKA,ISIC_4071486,ISIC_1942928
IL_0349058,NV,ISIC_0608960,ISIC_6339347
IL_0350485,NV,ISIC_8785987,ISIC_5218005
IL_0353074,BCC,ISIC_4784047,ISIC_2228341
IL_0355319,BCC,ISIC_7665860,ISIC_5378716
IL_0363698,BCC,ISIC_5933605,ISIC_7282695
IL_0364539,BCC,ISIC_4655906,ISIC_3782771
IL_0367894,BKL,ISIC_7393664,ISIC_3160675
IL_0368835,BKL,ISIC_1747657,ISIC_3284879
IL_0371298,BCC,ISIC_3092576,ISIC_8195612
IL_0375356,MEL,ISIC_0490117,ISIC_4117748
IL_0382638,MEL,ISIC_6467926,ISIC_3204703
IL_0386446,BCC,ISIC_9401613,ISIC_4020367
IL_0387029,MEL,ISIC_3966507,ISIC_5850719
IL_0387507,SCCKA,ISIC_8367579,ISIC_7271787
IL_0387576,BCC,ISIC_7758887,ISIC_7311876
IL_0391966,NV,ISIC_8358187,ISIC_6278944
IL_0393808,BCC,ISIC_5760018,ISIC_9627594
IL_0395409,BKL,ISIC_8198645,ISIC_2779297
IL_0395791,SCCKA,ISIC_9382791,ISIC_7343168
IL_0399009,BCC,ISIC_3774739,ISIC_4588701
IL_0401155,NV,ISIC_7960741,ISIC_7941055
IL_0402026,SCCKA,ISIC_7343249,ISIC_8243525
IL_0402480,INF,ISIC_3184644,ISIC_3952412
IL_0404248,BKL,ISIC_9879446,ISIC_2695360
IL_0404523,MEL,ISIC_7757000,ISIC_4968641
IL_0405680,MEL,ISIC_9850628,ISIC_8197317
IL_0406808,MEL,ISIC_1154207,ISIC_1201025
IL_0409175,NV,ISIC_5657135,ISIC_3589220
IL_0410887,BCC,ISIC_7697023,ISIC_0197900
IL_0416544,NV,ISIC_4265404,ISIC_1895471
IL_0419273,BCC,ISIC_5612751,ISIC_6144096
IL_0419410,BKL,ISIC_0538851,ISIC_9126529
IL_0419934,BCC,ISIC_4331231,ISIC_1069165
IL_0424747,NV,ISIC_5318502,ISIC_3642704
IL_0427467,BCC,ISIC_2475585,ISIC_2393561
IL_0428010,BKL,ISIC_2340822,ISIC_5216960
IL_0428893,BCC,ISIC_6076241,ISIC_3562485
IL_0432288,BCC,ISIC_9940509,ISIC_9757709
IL_0432586,NV,ISIC_8828944,ISIC_4442378
IL_0432633,BCC,ISIC_4208233,ISIC_3861977
IL_0433737,BCC,ISIC_0873387,ISIC_2432981
IL_0433789,MEL,ISIC_6343807,ISIC_3642584
IL_0434993,BKL,ISIC_6699904,ISIC_9207099
IL_0436411,MEL,ISIC_8463692,ISIC_4981008
IL_0436732,MEL,ISIC_0402070,ISIC_3620839
IL_0441589,AKIEC,ISIC_0478016,ISIC_1281398
IL_0443396,BKL,ISIC_6063928,ISIC_1963610
IL_0443862,BKL,ISIC_4868603,ISIC_8872336
IL_0444889,NV,ISIC_3885798,ISIC_3157648
IL_0446787,MEL,ISIC_3034620,ISIC_1121888
IL_0449677,NV,ISIC_8000351,ISIC_6394582
IL_0451875,BCC,ISIC_1571056,ISIC_3480499
IL_0455273,NV,ISIC_7557765,ISIC_4872496
IL_0461573,BCC,ISIC_4540189,ISIC_8953643
IL_0462841,BCC,ISIC_1390589,ISIC_7030953
IL_0465605,MEL,ISIC_1362488,ISIC_3045480
IL_0466383,BCC,ISIC_4970657,ISIC_9410235
IL_0466626,NV,ISIC_9203716,ISIC_1699010
IL_0468810,BCC,ISIC_1537920,ISIC_0863389
IL_0469044,BCC,ISIC_5605406,ISIC_6416950
IL_0469511,NV,ISIC_2756327,ISIC_5475721
IL_0469581,BCC,ISIC_6274759,ISIC_7876083
IL_0469589,SCCKA,ISIC_0517354,ISIC_4602130
IL_0474347,SCCKA,ISIC_7197327,ISIC_4933905
IL_0477847,MEL,ISIC_6393409,ISIC_6115342
IL_0478120,SCCKA,ISIC_2075270,ISIC_7415373
IL_0478451,BCC,ISIC_8376145,ISIC_1569850
IL_0479430,BCC,ISIC_1105520,ISIC_5938313
IL_0480697,BCC,ISIC_2809795,ISIC_6305309
IL_0482521,BCC,ISIC_0408941,ISIC_2526104
IL_0484240,BCC,ISIC_8811262,ISIC_8609184
IL_0485034,INF,ISIC_1831940,ISIC_1673396
IL_0486701,NV,ISIC_6725643,ISIC_2765997
IL_0486973,BCC,ISIC_5656373,ISIC_3027737
IL_0487689,NV,ISIC_5456124,ISIC_4640009
IL_0489772,BCC,ISIC_9178156,ISIC_9471648
IL_0490724,BCC,ISIC_8793818,ISIC_5030934
IL_0491604,SCCKA,ISIC_0581803,ISIC_1512530
IL_0496664,BKL,ISIC_2543052,ISIC_0780544
IL_0499462,MEL,ISIC_8273914,ISIC_6780849
IL_0500533,BCC,ISIC_5614863,ISIC_5372884
IL_0503827,AKIEC,ISIC_4268989,ISIC_9502415
IL_0507774,BCC,ISIC_5313507,ISIC_2601363
IL_0508901,BKL,ISIC_1684388,ISIC_8558850
IL_0513622,BCC,ISIC_9039481,ISIC_0979678
IL_0514561,BCC,ISIC_4901003,ISIC_5481679
IL_0515398,NV,ISIC_7207962,ISIC_8509874
IL_0515477,BCC,ISIC_8492315,ISIC_4216162
IL_0519349,BCC,ISIC_6566236,ISIC_8994952
IL_0519375,NV,ISIC_7450315,ISIC_2577644
IL_0520171,BKL,ISIC_0949430,ISIC_7469563
IL_0521402,BCC,ISIC_0872284,ISIC_8979849
IL_0521541,BCC,ISIC_3491804,ISIC_0926891
IL_0521926,BCC,ISIC_6777374,ISIC_1319737
IL_0525024,NV,ISIC_8832798,ISIC_1591432
IL_0528768,BCC,ISIC_4620865,ISIC_0507021
IL_0532409,BCC,ISIC_3841279,ISIC_5893482
IL_0533923,BCC,ISIC_0195347,ISIC_1761597
IL_0534902,BCC,ISIC_1272082,ISIC_6177577
IL_0538845,BCC,ISIC_3739337,ISIC_0195795
IL_0540027,NV,ISIC_7905907,ISIC_5032675
IL_0541036,AKIEC,ISIC_2384908,ISIC_8274863
IL_0541600,AKIEC,ISIC_9785301,ISIC_1749481
IL_0541987,BCC,ISIC_1301371,ISIC_4169509
IL_0542551,BKL,ISIC_2271068,ISIC_5933489
IL_0548137,AKIEC,ISIC_6239096,ISIC_2501939
IL_0549669,BCC,ISIC_5366005,ISIC_0958977
IL_0549977,BCC,ISIC_7273851,ISIC_4506914
IL_0550268,NV,ISIC_8793103,ISIC_8815245
IL_0550618,BCC,ISIC_9336915,ISIC_2118620
IL_0552883,BCC,ISIC_5218432,ISIC_1421371
IL_0559300,BKL,ISIC_9443349,ISIC_5534471
IL_0564162,BCC,ISIC_4896772,ISIC_5492973
IL_0572339,BCC,ISIC_4685270,ISIC_8180766
IL_0576358,AKIEC,ISIC_5110123,ISIC_4842466
IL_0583192,AKIEC,ISIC_0302768,ISIC_1472142
IL_0583979,NV,ISIC_1221863,ISIC_6420151
IL_0584464,BKL,ISIC_9258794,ISIC_4380028
IL_0586975,AKIEC,ISIC_4984580,ISIC_3004699
IL_0588181,MEL,ISIC_2016658,ISIC_0598387
IL_0588245,BCC,ISIC_5168853,ISIC_2485182
IL_0588456,MEL,ISIC_7661066,ISIC_3957660
IL_0588498,BKL,ISIC_4154321,ISIC_5766997
IL_0592358,BCC,ISIC_0210906,ISIC_5352383
IL_0592984,BCC,ISIC_0384010,ISIC_5711226
IL_0596418,BCC,ISIC_0812659,ISIC_9712861
IL_0596741,BCC,ISIC_8485230,ISIC_2895427
IL_0604713,MEL,ISIC_2445691,ISIC_0305865
IL_0605964,NV,ISIC_9144551,ISIC_8294897
IL_0607268,BCC,ISIC_8895973,ISIC_1080345
IL_0607398,AKIEC,ISIC_7411878,ISIC_8717771
IL_0607639,AKIEC,ISIC_8150619,ISIC_5425962
IL_0609142,BKL,ISIC_6438673,ISIC_9896977
IL_0610224,SCCKA,ISIC_4989932,ISIC_2204119
IL_0610322,BCC,ISIC_5602590,ISIC_7200132
IL_0610557,NV,ISIC_6971136,ISIC_9011764
IL_0614048,NV,ISIC_6083072,ISIC_4083158
IL_0617635,BKL,ISIC_9250445,ISIC_2471655
IL_0618534,NV,ISIC_2926621,ISIC_5017355
IL_0620338,BCC,ISIC_1618649,ISIC_4898917
IL_0621333,NV,ISIC_0125513,ISIC_3558339
IL_0624945,MEL,ISIC_4194491,ISIC_5937588
IL_0625469,MEL,ISIC_7033406,ISIC_1970988
IL_0627610,BCC,ISIC_8793131,ISIC_2972596
IL_0628495,NV,ISIC_2407507,ISIC_3374597
IL_0630515,NV,ISIC_7520189,ISIC_6972742
IL_0630567,AKIEC,ISIC_0381085,ISIC_2391545
IL_0632998,BCC,ISIC_8744831,ISIC_0210672
IL_0633979,BCC,ISIC_1433868,ISIC_6915298
IL_0636154,BKL,ISIC_3369700,ISIC_7910863
IL_0636666,NV,ISIC_6583732,ISIC_8564627
IL_0640013,SCCKA,ISIC_2704661,ISIC_2168892
IL_0643729,BCC,ISIC_5435068,ISIC_3328177
IL_0651741,BCC,ISIC_2248270,ISIC_3050487
IL_0653434,MEL,ISIC_3369429,ISIC_3073821
IL_0662515,NV,ISIC_8748477,ISIC_7278376
IL_0663202,BCC,ISIC_0849646,ISIC_9521441
IL_0664842,BCC,ISIC_5173419,ISIC_8943527
IL_0665267,BCC,ISIC_6610991,ISIC_5744902
IL_0668310,BKL,ISIC_7506601,ISIC_8699233
IL_0679783,BKL,ISIC_8565468,ISIC_9561756
IL_0681349,NV,ISIC_3590185,ISIC_7647712
IL_0682550,NV,ISIC_7469260,ISIC_1532506
IL_0683634,MEL,ISIC_9546201,ISIC_8642522
IL_0684409,BKL,ISIC_8969336,ISIC_8650326
IL_0685418,AKIEC,ISIC_8943266,ISIC_6614498
IL_0686767,AKIEC,ISIC_0349437,ISIC_6170751
IL_0688391,BCC,ISIC_6964854,ISIC_1969306
IL_0691529,BCC,ISIC_5529151,ISIC_4348115
IL_0692999,BCC,ISIC_7377969,ISIC_7954970
IL_0693769,BKL,ISIC_6771167,ISIC_0403826
IL_0694902,VASC,ISIC_2710214,ISIC_8000982
IL_0697059,BCC,ISIC_0826708,ISIC_0817051
IL_0697844,BCC,ISIC_0934261,ISIC_1804844
IL_0699958,NV,ISIC_3746960,ISIC_0815023
IL_0700053,BCC,ISIC_9320577,ISIC_2522593
IL_0700399,BKL,ISIC_4566511,ISIC_2531111
IL_0701362,MEL,ISIC_6705033,ISIC_3500691
IL_0702204,BEN_OTH,ISIC_1989317,ISIC_4310588
IL_0702834,BCC,ISIC_3055420,ISIC_9987719
IL_0705528,BCC,ISIC_5503156,ISIC_4138489
IL_0705529,BCC,ISIC_2415100,ISIC_0598709
IL_0705548,BCC,ISIC_0266897,ISIC_9663937
IL_0706157,BEN_OTH,ISIC_6361233,ISIC_6679588
IL_0710738,BCC,ISIC_2473287,ISIC_1890330
IL_0710877,BCC,ISIC_1546433,ISIC_2553729
IL_0712386,BCC,ISIC_0385678,ISIC_9390963
IL_0713847,NV,ISIC_2361193,ISIC_6347753
IL_0717553,NV,ISIC_4794988,ISIC_1536397
IL_0718275,MEL,ISIC_5341584,ISIC_5892763
IL_0719888,BCC,ISIC_9878811,ISIC_2975261
IL_0720160,BCC,ISIC_7846682,ISIC_9521675
IL_0720862,INF,ISIC_6576845,ISIC_4576379
IL_0721541,BKL,ISIC_4793381,ISIC_2472012
IL_0721578,INF,ISIC_8324607,ISIC_5830124
IL_0727699,AKIEC,ISIC_2588935,ISIC_6890536
IL_0732764,BKL,ISIC_5708137,ISIC_2777762
IL_0736879,BCC,ISIC_9167637,ISIC_5441520
IL_0739664,DF,ISIC_2439944,ISIC_5714368
IL_0739777,NV,ISIC_5716450,ISIC_1756915
IL_0740796,BCC,ISIC_4420449,ISIC_0497911
IL_0741650,BCC,ISIC_0891621,ISIC_5925251
IL_0743381,BCC,ISIC_1376355,ISIC_6989617
IL_0744189,NV,ISIC_9155060,ISIC_9973379
IL_0751731,BCC,ISIC_7324772,ISIC_1859150
IL_0751879,AKIEC,ISIC_0727105,ISIC_9152345
IL_0752294,BCC,ISIC_5975949,ISIC_2565230
IL_0752303,MEL,ISIC_2508558,ISIC_1729396
IL_0753013,BCC,ISIC_2595169,ISIC_7563649
IL_0753658,AKIEC,ISIC_0263121,ISIC_8356711
IL_0758142,BCC,ISIC_1357348,ISIC_9896561
IL_0758206,MEL,ISIC_5120336,ISIC_4601154
IL_0758314,NV,ISIC_4452788,ISIC_7235047
IL_0758607,BCC,ISIC_7382599,ISIC_7645103
IL_0761074,BCC,ISIC_1210101,ISIC_2905836
IL_0761140,BCC,ISIC_8818884,ISIC_4186883
IL_0762658,BCC,ISIC_4637590,ISIC_3859478
IL_0765772,BCC,ISIC_3959224,ISIC_3942613
IL_0768157,BCC,ISIC_6321631,ISIC_0758242
IL_0768577,BKL,ISIC_6625178,ISIC_7065051
IL_0769866,BCC,ISIC_3672849,ISIC_4386519
IL_0770460,BCC,ISIC_7627574,ISIC_6173661
IL_0770948,SCCKA,ISIC_3905379,ISIC_5225765
IL_0772122,BKL,ISIC_2091010,ISIC_9887877
IL_0772514,BCC,ISIC_4034196,ISIC_0510537
IL_0772858,NV,ISIC_5720812,ISIC_3288032
IL_0773095,BCC,ISIC_1243982,ISIC_0835682
IL_0773379,BCC,ISIC_0805815,ISIC_7510898
IL_0773953,BCC,ISIC_7176018,ISIC_0811123
IL_0778720,BCC,ISIC_9116920,ISIC_3807348
IL_0780596,BKL,ISIC_4146599,ISIC_1430231
IL_0783886,MEL,ISIC_8178616,ISIC_8379235
IL_0784156,BCC,ISIC_8237625,ISIC_3457455
IL_0784446,BKL,ISIC_2104270,ISIC_2769033
IL_0784671,BCC,ISIC_7326413,ISIC_8234371
IL_0786469,NV,ISIC_1816990,ISIC_5052804
IL_0787420,MEL,ISIC_7308766,ISIC_4311112
IL_0788438,NV,ISIC_9376271,ISIC_6987320
IL_0788459,BCC,ISIC_9001724,ISIC_6428254
IL_0792033,BCC,ISIC_8734969,ISIC_0440550
IL_0793440,NV,ISIC_6609894,ISIC_1815891
IL_0793725,AKIEC,ISIC_3496143,ISIC_3538568
IL_0797165,NV,ISIC_7813552,ISIC_0597607
IL_0807184,AKIEC,ISIC_4229574,ISIC_7509328
IL_0807223,MEL,ISIC_1926637,ISIC_1126401
IL_0807390,MEL,ISIC_2089740,ISIC_4412646
IL_0808533,BKL,ISIC_5835836,ISIC_3507614
IL_0808722,AKIEC,ISIC_0646278,ISIC_3127974
IL_0809191,NV,ISIC_1740662,ISIC_8199024
IL_0809761,BCC,ISIC_2028614,ISIC_4973062
IL_0810155,MEL,ISIC_4040199,ISIC_5230761
IL_0811004,BCC,ISIC_3708140,ISIC_0828276
IL_0814216,SCCKA,ISIC_8754137,ISIC_8344818
IL_0815342,BCC,ISIC_0826007,ISIC_9821910
IL_0816967,BCC,ISIC_5985397,ISIC_8079864
IL_0817869,NV,ISIC_3644112,ISIC_5587236
IL_0819034,MEL,ISIC_1858790,ISIC_7851081
IL_0820798,AKIEC,ISIC_9223565,ISIC_1982635
IL_0820879,AKIEC,ISIC_7465284,ISIC_0680993
IL_0823685,MEL,ISIC_9344767,ISIC_6562442
IL_0825949,BCC,ISIC_7566402,ISIC_4092604
IL_0826473,NV,ISIC_0733275,ISIC_5194644
IL_0828910,BCC,ISIC_7641847,ISIC_1350051
IL_0834716,BCC,ISIC_8645743,ISIC_8810920
IL_0835315,SCCKA,ISIC_9552131,ISIC_0802648
IL_0835355,BCC,ISIC_7803895,ISIC_4192230
IL_0836583,BCC,ISIC_6037847,ISIC_2088803
IL_0836761,BCC,ISIC_3323980,ISIC_0763962
IL_0837149,BCC,ISIC_4806633,ISIC_2564687
IL_0837507,BCC,ISIC_0867059,ISIC_9749130
IL_0838598,SCCKA,ISIC_4303207,ISIC_2352288
IL_0843327,BCC,ISIC_7095135,ISIC_1457973
IL_0844801,NV,ISIC_4509723,ISIC_4112456
IL_0848676,MEL,ISIC_2395293,ISIC_7695263
IL_0848948,NV,ISIC_7926021,ISIC_7876616
IL_0850065,BCC,ISIC_9285479,ISIC_0467628
IL_0850769,SCCKA,ISIC_3778059,ISIC_6782031
IL_0853673,BCC,ISIC_1677408,ISIC_1033453
IL_0855898,MEL,ISIC_2397388,ISIC_6596926
IL_0858380,MEL,ISIC_3651770,ISIC_7303630
IL_0860042,NV,ISIC_5364113,ISIC_8660210
IL_0861940,BCC,ISIC_6843004,ISIC_9336765
IL_0864051,BCC,ISIC_5318655,ISIC_3820500
IL_0867132,SCCKA,ISIC_1533241,ISIC_8829523
IL_0867895,BCC,ISIC_7201806,ISIC_4176108
IL_0868364,DF,ISIC_4587766,ISIC_0811703
IL_0869160,BCC,ISIC_6480550,ISIC_5266605
IL_0872477,NV,ISIC_6166836,ISIC_8771453
IL_0872966,NV,ISIC_3595673,ISIC_8837131
IL_0873874,BCC,ISIC_7339834,ISIC_3717176
IL_0877533,MEL,ISIC_7982662,ISIC_4375866
IL_0882013,BCC,ISIC_2565120,ISIC_8843104
IL_0882854,AKIEC,ISIC_9629139,ISIC_3887050
IL_0883387,NV,ISIC_9043368,ISIC_4246393
IL_0883893,AKIEC,ISIC_5756614,ISIC_6860942
IL_0887241,NV,ISIC_8768858,ISIC_9696099
IL_0890305,NV,ISIC_5259848,ISIC_3468757
IL_0891260,BCC,ISIC_4344365,ISIC_5184106
IL_0894322,BCC,ISIC_4484543,ISIC_3307579
IL_0895262,BKL,ISIC_1474193,ISIC_2190119
IL_0898594,BCC,ISIC_1181087,ISIC_1741197
IL_0901496,BCC,ISIC_8344038,ISIC_0805951
IL_0903975,BCC,ISIC_9592877,ISIC_3352589
IL_0909624,SCCKA,ISIC_2405387,ISIC_4310927
IL_0909755,NV,ISIC_4120065,ISIC_9890254
IL_0911506,MEL,ISIC_7904583,ISIC_5628874
IL_0913190,NV,ISIC_6491752,ISIC_9415992
IL_0913483,NV,ISIC_0526168,ISIC_4622192
IL_0915251,VASC,ISIC_4175612,ISIC_1609351
IL_0919212,BCC,ISIC_4275620,ISIC_6417205
IL_0921105,BCC,ISIC_0275196,ISIC_8614302
IL_0926236,NV,ISIC_1079378,ISIC_2745537
IL_0927709,MEL,ISIC_5367270,ISIC_3535882
IL_0928846,BKL,ISIC_9513437,ISIC_2288200
IL_0930071,NV,ISIC_9442170,ISIC_5766792
IL_0931113,SCCKA,ISIC_2365922,ISIC_5630379
IL_0932905,BCC,ISIC_5083538,ISIC_1317686
IL_0933213,BCC,ISIC_3312614,ISIC_5925562
IL_0937448,BCC,ISIC_4873477,ISIC_5842460
IL_0941988,BCC,ISIC_4806887,ISIC_3897686
IL_0945198,NV,ISIC_0154688,ISIC_6685424
IL_0948841,BCC,ISIC_1262809,ISIC_0849075
IL_0949755,BCC,ISIC_7993187,ISIC_3981430
IL_0952894,NV,ISIC_7512401,ISIC_5063002
IL_0956761,BCC,ISIC_7676731,ISIC_3568310
IL_0957907,SCCKA,ISIC_3039673,ISIC_5856068
IL_0960314,DF,ISIC_0606651,ISIC_6739483
IL_0960760,NV,ISIC_1038282,ISIC_7452466
IL_0960913,SCCKA,ISIC_9873401,ISIC_6725841
IL_0962219,BCC,ISIC_3574989,ISIC_9479710
IL_0963446,BCC,ISIC_2878962,ISIC_3918888
IL_0963909,AKIEC,ISIC_6460339,ISIC_7298204
IL_0965686,NV,ISIC_8193858,ISIC_8216653
IL_0965927,NV,ISIC_9148166,ISIC_5713218
IL_0966706,BCC,ISIC_9008854,ISIC_7727795
IL_0966806,NV,ISIC_7382876,ISIC_7116014
IL_0967038,BKL,ISIC_8740093,ISIC_5310379
IL_0967073,SCCKA,ISIC_1727938,ISIC_3252559
IL_0970556,BCC,ISIC_7756269,ISIC_0147255
IL_0971210,BCC,ISIC_1146500,ISIC_8042886
IL_0972770,INF,ISIC_7383105,ISIC_5214703
IL_0974592,NV,ISIC_6617227,ISIC_7231732
IL_0976725,BKL,ISIC_3111434,ISIC_1681382
IL_0977537,BKL,ISIC_0616115,ISIC_0187220
IL_0978342,NV,ISIC_0794160,ISIC_0767613
IL_0980631,BCC,ISIC_4557470,ISIC_6124320
IL_0982091,BCC,ISIC_0368075,ISIC_2654339
IL_0987624,BCC,ISIC_2548075,ISIC_2090799
IL_0993436,BCC,ISIC_4640979,ISIC_8176795
IL_0994070,BKL,ISIC_5058087,ISIC_4421697
IL_0996879,BEN_OTH,ISIC_5409281,ISIC_3477325
IL_1001591,MEL,ISIC_1823276,ISIC_3709727
IL_1002499,BKL,ISIC_8186312,ISIC_1987185
IL_1003728,MEL,ISIC_3308945,ISIC_8601570
IL_1006446,BCC,ISIC_0919015,ISIC_0091092
IL_1013534,VASC,ISIC_1374683,ISIC_0552734
IL_1016151,MEL,ISIC_8635734,ISIC_2415589
IL_1020269,BCC,ISIC_1963504,ISIC_3103756
IL_1021886,BKL,ISIC_7497769,ISIC_2320914
IL_1022575,BKL,ISIC_0887242,ISIC_9084534
IL_1024518,NV,ISIC_7853714,ISIC_6195604
IL_1024813,SCCKA,ISIC_1347520,ISIC_6078508
IL_1025341,BCC,ISIC_0282478,ISIC_5033470
IL_1026804,MEL,ISIC_1037712,ISIC_8687675
IL_1027638,MEL,ISIC_3225587,ISIC_5093839
IL_1030040,NV,ISIC_5314319,ISIC_1408695
IL_1030535,BCC,ISIC_3906432,ISIC_1740962
IL_1030671,MEL,ISIC_0782621,ISIC_6691676
IL_1032364,VASC,ISIC_9005222,ISIC_4178690
IL_1036024,BCC,ISIC_1610798,ISIC_9317670
IL_1036573,BCC,ISIC_8815763,ISIC_9436084
IL_1037405,INF,ISIC_3290988,ISIC_6323263
IL_1037790,NV,ISIC_8159044,ISIC_4700918
IL_1038225,NV,ISIC_2949444,ISIC_7272469
IL_1039753,MEL,ISIC_1509602,ISIC_9512371
IL_1042146,BCC,ISIC_9310886,ISIC_3158315
IL_1046735,BCC,ISIC_3273746,ISIC_4277959
IL_1049569,BCC,ISIC_1895014,ISIC_6288293
IL_1050335,NV,ISIC_8209412,ISIC_9853363
IL_1050579,BCC,ISIC_0427475,ISIC_6461356
IL_1051456,BCC,ISIC_6483899,ISIC_1567381
IL_1057278,BCC,ISIC_6846246,ISIC_1485174
IL_1057711,NV,ISIC_3994760,ISIC_8012264
IL_1058871,BCC,ISIC_5423101,ISIC_0777452
IL_1059300,BKL,ISIC_0363002,ISIC_5854998
IL_1060778,BCC,ISIC_0240393,ISIC_7567589
IL_1062117,MEL,ISIC_5494808,ISIC_7922830
IL_1062224,NV,ISIC_0572831,ISIC_5744011
IL_1065158,MEL,ISIC_9776410,ISIC_9875364
IL_1065532,BCC,ISIC_7789919,ISIC_3003010
IL_1066260,NV,ISIC_8830776,ISIC_4228893
IL_1066401,SCCKA,ISIC_3836605,ISIC_3040289
IL_1066586,BCC,ISIC_2952159,ISIC_2945370
IL_1072966,BKL,ISIC_5137393,ISIC_8870190
IL_1075637,BEN_OTH,ISIC_3428379,ISIC_3303065
IL_1075649,MEL,ISIC_8949240,ISIC_2337998
IL_1075740,MEL,ISIC_9260804,ISIC_1264034
IL_1077035,NV,ISIC_8487958,ISIC_1364390
IL_1077349,NV,ISIC_6977117,ISIC_1859626
IL_1077791,SCCKA,ISIC_3861067,ISIC_3445145
IL_1081068,BCC,ISIC_4529704,ISIC_3983224
IL_1082732,BKL,ISIC_4759275,ISIC_7516346
IL_1085478,AKIEC,ISIC_0754291,ISIC_1338697
IL_1087504,NV,ISIC_6187812,ISIC_1763947
IL_1088813,BCC,ISIC_7500706,ISIC_5780488
IL_1089053,AKIEC,ISIC_8861411,ISIC_9578110
IL_1090086,BCC,ISIC_9643087,ISIC_4674125
IL_1093822,BCC,ISIC_5662432,ISIC_6860247
IL_1094162,BCC,ISIC_5881643,ISIC_6457111
IL_1097416,MEL,ISIC_3195835,ISIC_4969277
IL_1098569,BCC,ISIC_2495960,ISIC_2324691
IL_1099248,BCC,ISIC_4900087,ISIC_4494886
IL_1101904,BKL,ISIC_6041310,ISIC_0426131
IL_1102266,MEL,ISIC_3408726,ISIC_0450792
IL_1104611,SCCKA,ISIC_4488663,ISIC_9536837
IL_1104647,BCC,ISIC_8648920,ISIC_5616230
IL_1105307,NV,ISIC_2585061,ISIC_8121619
IL_1110847,BKL,ISIC_0441214,ISIC_3410251
IL_1114001,AKIEC,ISIC_9790247,ISIC_0855384
IL_1116868,BKL,ISIC_9107874,ISIC_2183795
IL_1118259,BCC,ISIC_8097656,ISIC_2671356
IL_1118490,BCC,ISIC_6556418,ISIC_9268464
IL_1120917,NV,ISIC_8443887,ISIC_3869104
IL_1122341,BCC,ISIC_0719228,ISIC_0666405
IL_1122729,AKIEC,ISIC_4480429,ISIC_6938390
IL_1127308,SCCKA,ISIC_3496072,ISIC_5064865
IL_1128310,BCC,ISIC_2579863,ISIC_7504308
IL_1129675,BCC,ISIC_9488771,ISIC_4955572
IL_1131415,BCC,ISIC_5349344,ISIC_4708288
IL_1131642,BCC,ISIC_8597788,ISIC_2567925
IL_1133754,BCC,ISIC_1990181,ISIC_1379351
IL_1139231,NV,ISIC_2188105,ISIC_3866655
IL_1140654,BCC,ISIC_2903873,ISIC_6638547
IL_1141738,BCC,ISIC_1154405,ISIC_1102101
IL_1141889,BKL,ISIC_5018607,ISIC_3265817
IL_1150013,NV,ISIC_9609356,ISIC_5103206
IL_1151731,BCC,ISIC_1282117,ISIC_3468250
IL_1152647,BKL,ISIC_7761513,ISIC_0314216
IL_1154245,SCCKA,ISIC_1525827,ISIC_5610942
IL_1159424,MEL,ISIC_9486029,ISIC_4312494
IL_1162183,BCC,ISIC_0603125,ISIC_8438291
IL_1166072,BCC,ISIC_3491198,ISIC_7110025
IL_1167409,BCC,ISIC_0229794,ISIC_6982597
IL_1169182,BCC,ISIC_2088161,ISIC_3824162
IL_1170242,BKL,ISIC_0695415,ISIC_8880596
IL_1173774,BCC,ISIC_3295711,ISIC_8389918
IL_1174594,BKL,ISIC_0809957,ISIC_4497112
IL_1175004,BCC,ISIC_1212172,ISIC_5132630
IL_1175883,AKIEC,ISIC_3653173,ISIC_0245594
IL_1176036,SCCKA,ISIC_0114709,ISIC_4911521
IL_1178215,NV,ISIC_1347975,ISIC_6503533
IL_1178770,SCCKA,ISIC_9083944,ISIC_9447454
IL_1181749,SCCKA,ISIC_3433968,ISIC_7832392
IL_1184743,BCC,ISIC_7928247,ISIC_7821150
IL_1185786,BKL,ISIC_9642154,ISIC_9700218
IL_1187197,BKL,ISIC_3707347,ISIC_7713646
IL_1188935,BKL,ISIC_9004284,ISIC_5836698
IL_1192220,BCC,ISIC_6566937,ISIC_2321009
IL_1203056,NV,ISIC_5329894,ISIC_4679707
IL_1207845,VASC,ISIC_1487636,ISIC_0686612
IL_1209024,BCC,ISIC_1949396,ISIC_8976041
IL_1211911,SCCKA,ISIC_6866490,ISIC_9003113
IL_1212389,MEL,ISIC_2784330,ISIC_7656591
IL_1214545,SCCKA,ISIC_0622255,ISIC_7320276
IL_1218660,BCC,ISIC_2733086,ISIC_3185277
IL_1222046,BEN_OTH,ISIC_1916171,ISIC_4385584
IL_1222860,BCC,ISIC_2704222,ISIC_4885574
IL_1223574,BCC,ISIC_9956546,ISIC_8365405
IL_1225900,BCC,ISIC_9121967,ISIC_2847750
IL_1230964,BCC,ISIC_8358325,ISIC_6582004
IL_1238733,SCCKA,ISIC_8660310,ISIC_0780574
IL_1239256,SCCKA,ISIC_4923148,ISIC_7604705
IL_1240049,NV,ISIC_0755062,ISIC_8307786
IL_1242369,MEL,ISIC_1624532,ISIC_2851725
IL_1243946,BKL,ISIC_0552716,ISIC_7965372
IL_1249286,MEL,ISIC_2211437,ISIC_8436767
IL_1251030,BCC,ISIC_6005822,ISIC_4381662
IL_1252231,BCC,ISIC_4509507,ISIC_5373218
IL_1253074,BCC,ISIC_4283540,ISIC_1090781
IL_1254806,BKL,ISIC_5416823,ISIC_8260850
IL_1259120,BCC,ISIC_8236818,ISIC_7362585
IL_1263439,NV,ISIC_9747544,ISIC_2100757
IL_1263840,BCC,ISIC_7728329,ISIC_8839329
IL_1264405,NV,ISIC_3289736,ISIC_2235918
IL_1267317,AKIEC,ISIC_4343032,ISIC_9560618
IL_1272138,BCC,ISIC_5315022,ISIC_4429544
IL_1272170,BCC,ISIC_1947250,ISIC_6771998
IL_1273535,BKL,ISIC_5373976,ISIC_7630309
IL_1274050,BKL,ISIC_5918971,ISIC_6470630
IL_1274055,DF,ISIC_2427847,ISIC_1724838
IL_1275816,MEL,ISIC_9250861,ISIC_5047162
IL_1277363,BCC,ISIC_5803437,ISIC_1373637
IL_1280440,BEN_OTH,ISIC_0210682,ISIC_0640031
IL_1281940,BCC,ISIC_6144246,ISIC_7482467
IL_1283249,BCC,ISIC_0612793,ISIC_6970909
IL_1286984,NV,ISIC_8685078,ISIC_3094215
IL_1287592,AKIEC,ISIC_6002458,ISIC_2093906
IL_1288672,BCC,ISIC_6359039,ISIC_4729676
IL_1289201,AKIEC,ISIC_6277936,ISIC_9989889
IL_1293344,BCC,ISIC_5352485,ISIC_3028893
IL_1293524,BCC,ISIC_1826997,ISIC_8031107
IL_1300499,MEL,ISIC_9544557,ISIC_4282506
IL_1300657,BCC,ISIC_7057641,ISIC_1237960
IL_1303481,SCCKA,ISIC_3460349,ISIC_7388680
IL_1303773,BCC,ISIC_6893384,ISIC_7668131
IL_1304235,BCC,ISIC_3785448,ISIC_3730545
IL_1305031,BCC,ISIC_2714655,ISIC_4857268
IL_1311157,BCC,ISIC_7390604,ISIC_3504270
IL_1313145,BKL,ISIC_3877894,ISIC_2846167
IL_1313650,SCCKA,ISIC_3442516,ISIC_0958356
IL_1314107,BCC,ISIC_0149062,ISIC_6028688
IL_1314812,BCC,ISIC_0490330,ISIC_8944107
IL_1314832,SCCKA,ISIC_0463510,ISIC_9945392
IL_1319352,BCC,ISIC_0284963,ISIC_8812260
IL_1320390,MEL,ISIC_6862130,ISIC_2930366
IL_1320717,SCCKA,ISIC_6595434,ISIC_7359025
IL_1322770,SCCKA,ISIC_9204575,ISIC_9744084
IL_1326669,SCCKA,ISIC_4811323,ISIC_9092057
IL_1327367,BKL,ISIC_5542563,ISIC_9411450
IL_1328121,MEL,ISIC_7079437,ISIC_0812574
IL_1330840,BCC,ISIC_3303900,ISIC_8516115
IL_1332909,AKIEC,ISIC_0911271,ISIC_1795097
IL_1334935,NV,ISIC_4439069,ISIC_3597945
IL_1337093,BCC,ISIC_3590619,ISIC_0822220
IL_1337756,BKL,ISIC_2959823,ISIC_0174755
IL_1339596,BKL,ISIC_0271489,ISIC_1150454
IL_1345766,BEN_OTH,ISIC_0658837,ISIC_0423217
IL_1346442,BCC,ISIC_4713478,ISIC_8430655
IL_1348391,BCC,ISIC_9640973,ISIC_9586937
IL_1350763,AKIEC,ISIC_0746532,ISIC_5092515
IL_1351587,BCC,ISIC_2187542,ISIC_1326309
IL_1353481,BCC,ISIC_5674733,ISIC_4442146
IL_1353803,BKL,ISIC_5403927,ISIC_5995935
IL_1355090,NV,ISIC_2330723,ISIC_6023245
IL_1356310,BCC,ISIC_7497017,ISIC_4471113
IL_1361358,BCC,ISIC_3211369,ISIC_2832853
IL_1364035,BCC,ISIC_1166255,ISIC_4875335
IL_1366322,BCC,ISIC_2455305,ISIC_1209022
IL_1367516,SCCKA,ISIC_7342682,ISIC_0442866
IL_1370183,SCCKA,ISIC_4862456,ISIC_1014424
IL_1378003,NV,ISIC_9060326,ISIC_8312363
IL_1379461,BCC,ISIC_2148940,ISIC_3304699
IL_1381975,BCC,ISIC_0381913,ISIC_6325623
IL_1387239,BCC,ISIC_7971759,ISIC_9468437
IL_1391368,SCCKA,ISIC_5594942,ISIC_2418437
IL_1391471,BCC,ISIC_2344703,ISIC_4984469
IL_1392309,BCC,ISIC_3657842,ISIC_4204828
IL_1393183,BCC,ISIC_4683384,ISIC_7464071
IL_1393586,AKIEC,ISIC_6642568,ISIC_3178945
IL_1393794,BCC,ISIC_4066448,ISIC_1409004
IL_1394947,BCC,ISIC_2330431,ISIC_2824759
IL_1396679,BCC,ISIC_6023822,ISIC_9275120
IL_1397250,BCC,ISIC_1539068,ISIC_2322494
IL_1397522,BCC,ISIC_6336649,ISIC_2590426
IL_1399100,BCC,ISIC_2987655,ISIC_2827093
IL_1403088,BCC,ISIC_1757520,ISIC_6367931
IL_1404122,NV,ISIC_2684838,ISIC_0101767
IL_1404405,BCC,ISIC_1961429,ISIC_7811672
IL_1405632,BCC,ISIC_0338353,ISIC_5089274
IL_1405890,MEL,ISIC_3903505,ISIC_1653953
IL_1406578,BCC,ISIC_3389976,ISIC_6672065
IL_1407853,NV,ISIC_1902287,ISIC_9030826
IL_1409066,BCC,ISIC_2546414,ISIC_8549775
IL_1413445,SCCKA,ISIC_4456941,ISIC_7523542
IL_1416084,BCC,ISIC_6534601,ISIC_2440983
IL_1418098,BEN_OTH,ISIC_8846852,ISIC_0735025
IL_1418511,NV,ISIC_4597915,ISIC_1817453
IL_1418667,AKIEC,ISIC_1622952,ISIC_2987179
IL_1418796,BKL,ISIC_3265828,ISIC_2645530
IL_1422027,BCC,ISIC_6484434,ISIC_6730946
IL_1423650,BKL,ISIC_2052135,ISIC_7945457
IL_1427039,MEL,ISIC_0765311,ISIC_2220505
IL_1427561,NV,ISIC_4375630,ISIC_0700335
IL_1434019,NV,ISIC_5607974,ISIC_3687721
IL_1436809,BCC,ISIC_8207675,ISIC_3469837
IL_1437147,NV,ISIC_6072439,ISIC_8783624
IL_1438127,BCC,ISIC_5306039,ISIC_4934707
IL_1438394,BCC,ISIC_8695319,ISIC_1595455
IL_1438397,BKL,ISIC_0442192,ISIC_0935658
IL_1439879,BCC,ISIC_0823916,ISIC_8288141
IL_1441711,SCCKA,ISIC_1181197,ISIC_5054841
IL_1442151,NV,ISIC_7996471,ISIC_9697273
IL_1443713,BCC,ISIC_4123715,ISIC_7083773
IL_1445099,MEL,ISIC_2396618,ISIC_5509679
IL_1446570,MEL,ISIC_5953696,ISIC_5240279
IL_1448486,BCC,ISIC_0659229,ISIC_7297776
IL_1452313,BCC,ISIC_8325885,ISIC_6783253
IL_1453755,SCCKA,ISIC_4194507,ISIC_0100523
IL_1456101,MEL,ISIC_2695703,ISIC_5703250
IL_1461373,BCC,ISIC_1575643,ISIC_2492745
IL_1468442,SCCKA,ISIC_8732830,ISIC_1001492
IL_1469055,BCC,ISIC_8357175,ISIC_5968779
IL_1470267,BCC,ISIC_6967255,ISIC_7665103
IL_1470689,BCC,ISIC_6660770,ISIC_9992299
IL_1477835,DF,ISIC_1172471,ISIC_7077229
IL_1478833,MEL,ISIC_6857013,ISIC_7200761
IL_1479283,NV,ISIC_1334612,ISIC_5831158
IL_1480174,BCC,ISIC_3845812,ISIC_2247564
IL_1482319,BCC,ISIC_1432273,ISIC_6155449
IL_1484044,BKL,ISIC_5675115,ISIC_7374556
IL_1485026,BCC,ISIC_4350109,ISIC_0745953
IL_1486691,AKIEC,ISIC_2425477,ISIC_0141634
IL_1492358,BCC,ISIC_0522356,ISIC_0694740
IL_1495229,BCC,ISIC_4291408,ISIC_3347493
IL_1496554,SCCKA,ISIC_5536536,ISIC_2716900
IL_1500549,NV,ISIC_9233649,ISIC_9706117
IL_1501227,BCC,ISIC_1529815,ISIC_7261525
IL_1501614,AKIEC,ISIC_8953004,ISIC_6561654
IL_1504585,NV,ISIC_4484804,ISIC_5512440
IL_1504921,AKIEC,ISIC_0813563,ISIC_7063713
IL_1509738,BCC,ISIC_6914473,ISIC_9038494
IL_1509760,BCC,ISIC_3833952,ISIC_5901436
IL_1510895,BCC,ISIC_1135277,ISIC_4919090
IL_1510919,BCC,ISIC_2706513,ISIC_5399025
IL_1511744,BCC,ISIC_7744368,ISIC_4306480
IL_1512724,NV,ISIC_1386630,ISIC_7335595
IL_1515252,AKIEC,ISIC_2343149,ISIC_3167917
IL_1517338,SCCKA,ISIC_2380836,ISIC_2302262
IL_1524130,SCCKA,ISIC_8879305,ISIC_8723221
IL_1528983,BCC,ISIC_4621745,ISIC_7061593
IL_1529488,BCC,ISIC_4640643,ISIC_3002045
IL_1530235,BKL,ISIC_1059467,ISIC_2355114
IL_1535763,SCCKA,ISIC_5902397,ISIC_7311133
IL_1537266,BCC,ISIC_7051147,ISIC_6508139
IL_1538395,SCCKA,ISIC_1711494,ISIC_8619763
IL_1538944,NV,ISIC_4474327,ISIC_0684627
IL_1539562,BKL,ISIC_0907716,ISIC_0950495
IL_1539688,NV,ISIC_2706078,ISIC_8604474
IL_1543931,BCC,ISIC_5965144,ISIC_8695455
IL_1544139,SCCKA,ISIC_5135848,ISIC_2919752
IL_1546321,MEL,ISIC_2616510,ISIC_5461210
IL_1549960,NV,ISIC_6115571,ISIC_7322599
IL_1555108,BEN_OTH,ISIC_0377418,ISIC_4216061
IL_1556034,VASC,ISIC_6318075,ISIC_7134919
IL_1557433,BCC,ISIC_8390299,ISIC_1826564
IL_1558479,BKL,ISIC_1908460,ISIC_2214376
IL_1558791,BCC,ISIC_3459198,ISIC_0519768
IL_1559121,INF,ISIC_2281577,ISIC_6365088
IL_1561326,BCC,ISIC_0914299,ISIC_3965502
IL_1562251,BCC,ISIC_0185358,ISIC_4391227
IL_1564314,BCC,ISIC_1557842,ISIC_9570770
IL_1565112,BEN_OTH,ISIC_1492266,ISIC_1646339
IL_1565255,BCC,ISIC_9489767,ISIC_0881507
IL_1565429,BCC,ISIC_4313961,ISIC_9424882
IL_1567374,BCC,ISIC_9011999,ISIC_5124607
IL_1567666,NV,ISIC_9465394,ISIC_8313343
IL_1569334,NV,ISIC_5588711,ISIC_1821539
IL_1569644,BCC,ISIC_0255886,ISIC_1462492
IL_1571488,BCC,ISIC_3328629,ISIC_4795806
IL_1571556,BKL,ISIC_2762745,ISIC_8832843
IL_1572038,AKIEC,ISIC_1496714,ISIC_0497851
IL_1572653,BKL,ISIC_9794743,ISIC_4929586
IL_1575881,NV,ISIC_4288009,ISIC_7805699
IL_1575936,BCC,ISIC_2667471,ISIC_5947248
IL_1576423,MEL,ISIC_6421198,ISIC_6250232
IL_1577299,AKIEC,ISIC_8064864,ISIC_9254710
IL_1577473,SCCKA,ISIC_3873657,ISIC_9073665
IL_1587748,BCC,ISIC_8318215,ISIC_2868713
IL_1592850,BKL,ISIC_9269238,ISIC_9139090
IL_1595494,BKL,ISIC_6044984,ISIC_2796878
IL_1595828,BKL,ISIC_3902457,ISIC_4801832
IL_1601873,BCC,ISIC_9545117,ISIC_8921695
IL_1606035,SCCKA,ISIC_2462068,ISIC_7614845
IL_1606661,NV,ISIC_4171479,ISIC_2174727
IL_1608004,AKIEC,ISIC_6908565,ISIC_8254063
IL_1608050,BCC,ISIC_4285661,ISIC_2116783
IL_1608100,NV,ISIC_4071634,ISIC_2970971
IL_1609531,BCC,ISIC_7778485,ISIC_5224246
IL_1609893,AKIEC,ISIC_9069540,ISIC_0913438
IL_1610839,BCC,ISIC_3021033,ISIC_9518414
IL_1611761,SCCKA,ISIC_8079388,ISIC_7184709
IL_1612768,SCCKA,ISIC_0586691,ISIC_0051817
IL_1615908,NV,ISIC_0647017,ISIC_7692464
IL_1617304,BCC,ISIC_0259020,ISIC_1806373
IL_1618054,NV,ISIC_8693433,ISIC_3460141
IL_1618148,BCC,ISIC_6705726,ISIC_7949818
IL_1618777,BKL,ISIC_7559808,ISIC_5255131
IL_1621058,MEL,ISIC_1129242,ISIC_9658944
IL_1622119,MEL,ISIC_9308029,ISIC_4168419
IL_1623050,BKL,ISIC_9617606,ISIC_7943939
IL_1623260,BCC,ISIC_7076572,ISIC_7903287
IL_1623659,BCC,ISIC_9673021,ISIC_1966383
IL_1625931,BCC,ISIC_1482756,ISIC_2094021
IL_1627026,MEL,ISIC_5205572,ISIC_9807754
IL_1629455,BCC,ISIC_9513919,ISIC_7424370
IL_1633502,BCC,ISIC_8424294,ISIC_0727761
IL_1641012,NV,ISIC_2293783,ISIC_1733416
IL_1641261,INF,ISIC_3725108,ISIC_5072182
IL_1641908,BCC,ISIC_4722161,ISIC_2320348
IL_1644397,BCC,ISIC_6933511,ISIC_7592017
IL_1645941,INF,ISIC_4362069,ISIC_2252587
IL_1647212,BCC,ISIC_2033309,ISIC_7878714
IL_1647541,BCC,ISIC_5386998,ISIC_4680765
IL_1651344,DF,ISIC_4246217,ISIC_7009788
IL_1653926,BCC,ISIC_0387025,ISIC_3034439
IL_1655178,BCC,ISIC_2036187,ISIC_0298744
IL_1655830,BKL,ISIC_1237876,ISIC_3708334
IL_1657109,NV,ISIC_9136213,ISIC_4196278
IL_1658282,BCC,ISIC_7522903,ISIC_1455660
IL_1659172,BKL,ISIC_2449826,ISIC_9791119
IL_1659933,AKIEC,ISIC_2123542,ISIC_2259826
IL_1660797,NV,ISIC_8715920,ISIC_0570697
IL_1662116,NV,ISIC_1481015,ISIC_7308563
IL_1664257,NV,ISIC_5227758,ISIC_9427744
IL_1667522,BCC,ISIC_6977564,ISIC_8133623
IL_1669635,NV,ISIC_6875484,ISIC_9280729
IL_1670186,BCC,ISIC_5891979,ISIC_3577478
IL_1671184,SCCKA,ISIC_0693344,ISIC_6475622
IL_1671392,NV,ISIC_3676848,ISIC_0768895
IL_1672894,NV,ISIC_6291927,ISIC_9569749
IL_1673815,BCC,ISIC_4719265,ISIC_9927174
IL_1675253,BCC,ISIC_5159606,ISIC_6901642
IL_1678341,BCC,ISIC_6958939,ISIC_4148971
IL_1680101,NV,ISIC_5007629,ISIC_1190372
IL_1682958,BCC,ISIC_0786863,ISIC_6221556
IL_1684898,BCC,ISIC_7733845,ISIC_8975655
IL_1693296,VASC,ISIC_2194211,ISIC_4517185
IL_1693887,SCCKA,ISIC_5019273,ISIC_9080829
IL_1694504,BCC,ISIC_9968131,ISIC_2328520
IL_1696405,NV,ISIC_1021842,ISIC_9809557
IL_1701401,SCCKA,ISIC_2469277,ISIC_1160288
IL_1703552,BCC,ISIC_9140869,ISIC_0977792
IL_1711238,MEL,ISIC_7115215,ISIC_5080331
IL_1711365,BKL,ISIC_5696393,ISIC_6846051
IL_1712969,BCC,ISIC_4871864,ISIC_4407417
IL_1713775,BCC,ISIC_6583340,ISIC_1557986
IL_1717004,BKL,ISIC_1225707,ISIC_1222720
IL_1717276,BKL,ISIC_4349051,ISIC_9571862
IL_1718320,BCC,ISIC_3467950,ISIC_9925307
IL_1720611,AKIEC,ISIC_6957886,ISIC_8145823
IL_1724111,BCC,ISIC_3304492,ISIC_7266198
IL_1724228,BCC,ISIC_5655170,ISIC_9864702
IL_1726538,NV,ISIC_4668728,ISIC_4490295
IL_1732835,SCCKA,ISIC_2026823,ISIC_8925555
IL_1733952,SCCKA,ISIC_4594517,ISIC_8762355
IL_1734179,MEL,ISIC_8054114,ISIC_3103579
IL_1735251,BCC,ISIC_8979429,ISIC_2456679
IL_1735486,BCC,ISIC_3483843,ISIC_1694966
IL_1735552,INF,ISIC_0949145,ISIC_6186797
IL_1739101,BCC,ISIC_0294743,ISIC_2352071
IL_1739769,BKL,ISIC_2077819,ISIC_6330968
IL_1740059,VASC,ISIC_7670059,ISIC_4659670
IL_1740748,NV,ISIC_3258327,ISIC_2778083
IL_1741364,SCCKA,ISIC_3462970,ISIC_7059546
IL_1741464,BKL,ISIC_5474962,ISIC_9886654
IL_1741530,BKL,ISIC_0290702,ISIC_0909697
IL_1743491,BCC,ISIC_7100479,ISIC_6639957
IL_1744023,AKIEC,ISIC_2114789,ISIC_0129379
IL_1744975,BCC,ISIC_5703946,ISIC_2764511
IL_1746833,BCC,ISIC_5443280,ISIC_1398132
IL_1748759,BCC,ISIC_9927143,ISIC_9142036
IL_1749163,BCC,ISIC_1353980,ISIC_0289550
IL_1749756,BKL,ISIC_2419780,ISIC_3518193
IL_1752331,BCC,ISIC_2906597,ISIC_7754022
IL_1752453,BCC,ISIC_2591806,ISIC_3265547
IL_1752573,BCC,ISIC_8339862,ISIC_0805994
IL_1753473,NV,ISIC_2571592,ISIC_7278433
IL_1756405,BCC,ISIC_0332749,ISIC_1029056
IL_1758628,BKL,ISIC_1649393,ISIC_2527161
IL_1758673,BCC,ISIC_6573433,ISIC_1255149
IL_1763474,BCC,ISIC_8060774,ISIC_4971008
IL_1765810,AKIEC,ISIC_7004185,ISIC_3064112
IL_1766125,NV,ISIC_9076757,ISIC_0866932
IL_1770771,NV,ISIC_2446716,ISIC_0811514
IL_1773483,BCC,ISIC_6196224,ISIC_9733625
IL_1778367,BCC,ISIC_4046643,ISIC_2102002
IL_1779253,BKL,ISIC_5787657,ISIC_8808076
IL_1779696,BKL,ISIC_4613132,ISIC_8830839
IL_1779871,BKL,ISIC_4978173,ISIC_5825703
IL_1782345,MEL,ISIC_7729398,ISIC_4740515
IL_1794572,BCC,ISIC_7627853,ISIC_4346905
IL_1794752,BCC,ISIC_4923499,ISIC_5306085
IL_1796652,BCC,ISIC_5441652,ISIC_3961718
IL_1797280,BKL,ISIC_5150525,ISIC_0082674
IL_1799297,MEL,ISIC_1325809,ISIC_2879057
IL_1801069,NV,ISIC_3521430,ISIC_8603109
IL_1801204,BCC,ISIC_8778268,ISIC_1101076
IL_1801280,SCCKA,ISIC_5084322,ISIC_7090951
IL_1804750,AKIEC,ISIC_1441997,ISIC_8870317
IL_1804830,BCC,ISIC_8821083,ISIC_8254014
IL_1808002,BCC,ISIC_4701849,ISIC_6221334
IL_1812353,BKL,ISIC_8402952,ISIC_2515747
IL_1813183,BCC,ISIC_8402218,ISIC_4763505
IL_1815141,NV,ISIC_7047367,ISIC_2036689
IL_1817922,MEL,ISIC_9467067,ISIC_7585813
IL_1818431,BCC,ISIC_7384185,ISIC_8362273
IL_1821378,BCC,ISIC_7891302,ISIC_7520217
IL_1824943,SCCKA,ISIC_7387118,ISIC_3905888
IL_1827145,VASC,ISIC_2244475,ISIC_3129795
IL_1831903,BCC,ISIC_3329063,ISIC_9099090
IL_1833955,MEL,ISIC_6997256,ISIC_1343499
IL_1836211,SCCKA,ISIC_2225323,ISIC_8511040
IL_1839563,BCC,ISIC_0605402,ISIC_7461810
IL_1840884,BCC,ISIC_8052679,ISIC_7216810
IL_1843719,BCC,ISIC_9832783,ISIC_8060479
IL_1843945,BCC,ISIC_7563753,ISIC_0154826
IL_1844435,MEL,ISIC_5475497,ISIC_3627672
IL_1845648,NV,ISIC_7002238,ISIC_3482891
IL_1846045,BCC,ISIC_4156101,ISIC_3986538
IL_1846294,BCC,ISIC_2802992,ISIC_0283929
IL_1848591,SCCKA,ISIC_3416227,ISIC_0151603
IL_1848853,MEL,ISIC_1331527,ISIC_0529633
IL_1849535,BCC,ISIC_4960789,ISIC_8143135
IL_1857472,MEL,ISIC_5478943,ISIC_3344295
IL_1858376,SCCKA,ISIC_0368483,ISIC_7624779
IL_1858396,NV,ISIC_0587530,ISIC_1689523
IL_1858834,BCC,ISIC_6914066,ISIC_7677176
IL_1858842,VASC,ISIC_0091477,ISIC_1708907
IL_1860378,BCC,ISIC_5975267,ISIC_1018753
IL_1861078,BCC,ISIC_5642029,ISIC_5249321
IL_1861400,BCC,ISIC_6241776,ISIC_3365437
IL_1861760,DF,ISIC_7550834,ISIC_3540017
IL_1866416,BCC,ISIC_0993471,ISIC_7047621
IL_1866823,BCC,ISIC_5645178,ISIC_9060041
IL_1871141,AKIEC,ISIC_3885903,ISIC_8545164
IL_1873116,BCC,ISIC_5527895,ISIC_1063001
IL_1873727,BKL,ISIC_2640875,ISIC_5728121
IL_1873832,NV,ISIC_6790299,ISIC_7531562
IL_1874719,BKL,ISIC_3261040,ISIC_4445549
IL_1874896,BCC,ISIC_0755454,ISIC_0773145
IL_1877456,SCCKA,ISIC_8180126,ISIC_6161217
IL_1879101,AKIEC,ISIC_4043337,ISIC_1887239
IL_1880052,BCC,ISIC_3897642,ISIC_2944495
IL_1882056,MEL,ISIC_4071700,ISIC_2195775
IL_1882623,BCC,ISIC_7784358,ISIC_6294166
IL_1886112,MEL,ISIC_3890513,ISIC_2374466
IL_1888715,BKL,ISIC_1826131,ISIC_8324594
IL_1891015,SCCKA,ISIC_6221926,ISIC_1143783
IL_1891845,BCC,ISIC_5923764,ISIC_8400472
IL_1894858,BCC,ISIC_3366370,ISIC_9641063
IL_1898208,BKL,ISIC_7700739,ISIC_6886169
IL_1900541,BCC,ISIC_1593041,ISIC_1998166
IL_1902090,BKL,ISIC_4895877,ISIC_5171624
IL_1904975,NV,ISIC_5038305,ISIC_0983974
IL_1906171,NV,ISIC_6336489,ISIC_7176466
IL_1907886,NV,ISIC_9777242,ISIC_4490935
IL_1911635,BCC,ISIC_5977035,ISIC_7374719
IL_1916880,NV,ISIC_5863020,ISIC_5233519
IL_1918190,BCC,ISIC_8922391,ISIC_3862963
IL_1918702,BCC,ISIC_1176222,ISIC_6101727
IL_1921779,BCC,ISIC_9859487,ISIC_5191763
IL_1925186,BCC,ISIC_4452365,ISIC_5792555
IL_1927976,BKL,ISIC_1161990,ISIC_1692214
IL_1928434,BCC,ISIC_1932617,ISIC_3235167
IL_1930653,BCC,ISIC_8147299,ISIC_0772947
IL_1930968,NV,ISIC_6376058,ISIC_1206880
IL_1933864,BCC,ISIC_4045666,ISIC_2149064
IL_1936294,BCC,ISIC_7227276,ISIC_5044856
IL_1938646,BCC,ISIC_2563101,ISIC_0869141
IL_1943405,BCC,ISIC_4179757,ISIC_5188025
IL_1943704,MEL,ISIC_8417980,ISIC_6924218
IL_1948146,BCC,ISIC_2711142,ISIC_6305500
IL_1950813,BCC,ISIC_2346201,ISIC_4213914
IL_1958887,BCC,ISIC_8903447,ISIC_6747915
IL_1962759,NV,ISIC_8966831,ISIC_5020961
IL_1962885,MEL,ISIC_1494360,ISIC_8056158
IL_1963304,SCCKA,ISIC_2712947,ISIC_6860570
IL_1965425,BCC,ISIC_3489797,ISIC_4272095
IL_1966288,BCC,ISIC_0699287,ISIC_9982272
IL_1967474,VASC,ISIC_2454008,ISIC_5099169
IL_1969159,BCC,ISIC_6603218,ISIC_3835932
IL_1970176,MEL,ISIC_6834207,ISIC_1978418
IL_1975374,MEL,ISIC_4871000,ISIC_0699088
IL_1981700,BCC,ISIC_6733219,ISIC_2601487
IL_1987842,BCC,ISIC_8120806,ISIC_9496310
IL_1989864,BCC,ISIC_2410425,ISIC_0096543
IL_1993303,BCC,ISIC_2712633,ISIC_1341677
IL_1994258,BCC,ISIC_1255617,ISIC_1465204
IL_1994469,BCC,ISIC_9812075,ISIC_8565474
IL_1997703,NV,ISIC_4408708,ISIC_2642475
IL_2004753,BCC,ISIC_9780121,ISIC_1502467
IL_2006449,BCC,ISIC_2199778,ISIC_1428490
IL_2012452,NV,ISIC_1360383,ISIC_1741107
IL_2014821,DF,ISIC_5782959,ISIC_4607649
IL_2015219,BKL,ISIC_8052182,ISIC_2554103
IL_2027967,BCC,ISIC_7364575,ISIC_8260534
IL_2031934,BCC,ISIC_6183477,ISIC_9350105
IL_2032936,BCC,ISIC_9276683,ISIC_6116093
IL_2033265,BKL,ISIC_9965584,ISIC_4056904
IL_2040419,BCC,ISIC_8669887,ISIC_7869069
IL_2040993,BCC,ISIC_2368759,ISIC_6261700
IL_2041854,BCC,ISIC_8674473,ISIC_3023607
IL_2045312,BKL,ISIC_9130589,ISIC_7176434
IL_2048295,NV,ISIC_3563806,ISIC_1526527
IL_2048695,BCC,ISIC_4900201,ISIC_6618250
IL_2048772,BCC,ISIC_9444018,ISIC_1424974
IL_2049093,BCC,ISIC_8509933,ISIC_4399830
IL_2053741,SCCKA,ISIC_3171197,ISIC_1295245
IL_2055704,NV,ISIC_8198425,ISIC_4584962
IL_2055749,MEL,ISIC_6677597,ISIC_8261347
IL_2057238,SCCKA,ISIC_1355713,ISIC_6991585
IL_2058691,BCC,ISIC_3220827,ISIC_6881977
IL_2066626,BCC,ISIC_3233781,ISIC_1146954
IL_2067413,BKL,ISIC_4464668,ISIC_3389727
IL_2072035,BCC,ISIC_7563945,ISIC_2730868
IL_2080493,BCC,ISIC_3011830,ISIC_0289289
IL_2082500,BCC,ISIC_9812459,ISIC_1906798
IL_2086126,BCC,ISIC_1808755,ISIC_5268767
IL_2087483,DF,ISIC_2495535,ISIC_9157592
IL_2088373,NV,ISIC_8160587,ISIC_9313746
IL_2088463,BCC,ISIC_1504731,ISIC_2873988
IL_2090783,BKL,ISIC_4426174,ISIC_6196546
IL_2093270,NV,ISIC_5400013,ISIC_9156154
IL_2094234,MEL,ISIC_7162704,ISIC_5566320
IL_2095785,BCC,ISIC_1124387,ISIC_1570827
IL_2096357,BCC,ISIC_2915605,ISIC_8462208
IL_2096474,SCCKA,ISIC_7285238,ISIC_2872052
IL_2101385,NV,ISIC_8461400,ISIC_5643547
IL_2103836,DF,ISIC_2846740,ISIC_1972798
IL_2104146,BCC,ISIC_7711097,ISIC_0533507
IL_2104820,NV,ISIC_8827860,ISIC_2594634
IL_2107598,BKL,ISIC_7989237,ISIC_1517003
IL_2109163,AKIEC,ISIC_6904480,ISIC_2459161
IL_2110181,BCC,ISIC_4373192,ISIC_6614371
IL_2111173,BCC,ISIC_9850356,ISIC_8995161
IL_2113413,BKL,ISIC_4150948,ISIC_4886441
IL_2124181,SCCKA,ISIC_2869457,ISIC_9132006
IL_2128198,DF,ISIC_3744853,ISIC_9612446
IL_2131051,BCC,ISIC_5814633,ISIC_3902522
IL_2134316,BCC,ISIC_1338973,ISIC_2237025
IL_2135126,BKL,ISIC_3430375,ISIC_8195917
IL_2139485,BCC,ISIC_5342997,ISIC_4360620
IL_2141966,BCC,ISIC_9024518,ISIC_3183046
IL_2150976,BEN_OTH,ISIC_5570534,ISIC_1683950
IL_2152679,BCC,ISIC_6642775,ISIC_5090480
IL_2154531,MEL,ISIC_4714408,ISIC_5182952
IL_2156585,SCCKA,ISIC_6457838,ISIC_3722054
IL_2160413,VASC,ISIC_9446110,ISIC_0417486
IL_2163482,BCC,ISIC_1316170,ISIC_3281875
IL_2166765,BKL,ISIC_3338902,ISIC_6020001
IL_2167276,BCC,ISIC_2496144,ISIC_8495426
IL_2167719,BKL,ISIC_2994885,ISIC_1103956
IL_2170674,SCCKA,ISIC_2271317,ISIC_9573010
IL_2171810,SCCKA,ISIC_2320067,ISIC_3429549
IL_2172033,BCC,ISIC_7453335,ISIC_3327943
IL_2175729,SCCKA,ISIC_8533186,ISIC_7040859
IL_2176807,BCC,ISIC_2260950,ISIC_3472228
IL_2177210,SCCKA,ISIC_9756715,ISIC_8691098
IL_2178122,BCC,ISIC_7731176,ISIC_7529554
IL_2185095,BKL,ISIC_2533587,ISIC_9404484
IL_2185825,BKL,ISIC_3610158,ISIC_8179634
IL_2187730,AKIEC,ISIC_4879730,ISIC_8862307
IL_2190163,BKL,ISIC_5647684,ISIC_0965546
IL_2190354,BCC,ISIC_7725581,ISIC_6162714
IL_2191352,NV,ISIC_1103609,ISIC_1970706
IL_2194640,BCC,ISIC_3786263,ISIC_4964428
IL_2196510,NV,ISIC_6511262,ISIC_7074302
IL_2197335,SCCKA,ISIC_8893011,ISIC_9005347
IL_2198915,SCCKA,ISIC_0444685,ISIC_7442526
IL_2200466,MEL,ISIC_2278278,ISIC_2620132
IL_2201077,NV,ISIC_3262933,ISIC_1280046
IL_2201458,NV,ISIC_8942421,ISIC_8701478
IL_2201530,MEL,ISIC_7035620,ISIC_2586728
IL_2205080,NV,ISIC_0813313,ISIC_6355154
IL_2206044,NV,ISIC_4345873,ISIC_0356038
IL_2208727,BCC,ISIC_9650776,ISIC_5548095
IL_2211333,BCC,ISIC_6977201,ISIC_8251123
IL_2211543,BCC,ISIC_9829558,ISIC_3118860
IL_2211559,BCC,ISIC_1200835,ISIC_4598485
IL_2211999,BCC,ISIC_5688654,ISIC_0115985
IL_2215317,BKL,ISIC_0257338,ISIC_8234709
IL_2216444,BCC,ISIC_2443446,ISIC_1436009
IL_2218203,BCC,ISIC_0922807,ISIC_2160854
IL_2218381,BCC,ISIC_1714056,ISIC_6707935
IL_2218575,BCC,ISIC_6921970,ISIC_5992562
IL_2221229,NV,ISIC_5395949,ISIC_6790517
IL_2222251,NV,ISIC_2620875,ISIC_0825152
IL_2227380,NV,ISIC_1107390,ISIC_0497921
IL_2227490,BCC,ISIC_2482765,ISIC_0518723
IL_2228009,NV,ISIC_2490336,ISIC_1231719
IL_2228452,BCC,ISIC_3102873,ISIC_0383910
IL_2229268,MEL,ISIC_4429526,ISIC_7784876
IL_2233251,VASC,ISIC_9094964,ISIC_2100961
IL_2234007,BCC,ISIC_0688926,ISIC_0799155
IL_2234057,SCCKA,ISIC_2378355,ISIC_4647126
IL_2236716,NV,ISIC_5894257,ISIC_6550491
IL_2237412,NV,ISIC_2749853,ISIC_9938958
IL_2237445,NV,ISIC_5074726,ISIC_2713587
IL_2239570,BCC,ISIC_7188142,ISIC_4796147
IL_2241538,MEL,ISIC_4128998,ISIC_3665449
IL_2242136,MEL,ISIC_1364491,ISIC_5541499
IL_2243565,AKIEC,ISIC_1028434,ISIC_5607257
IL_2247062,NV,ISIC_1365903,ISIC_5173718
IL_2248531,BCC,ISIC_7339771,ISIC_0411803
IL_2248965,BCC,ISIC_1112216,ISIC_0361189
IL_2251187,MEL,ISIC_1253452,ISIC_7045012
IL_2251531,BCC,ISIC_1938725,ISIC_9138708
IL_2251689,NV,ISIC_7475784,ISIC_4737695
IL_2255727,BKL,ISIC_1118925,ISIC_8403829
IL_2257224,AKIEC,ISIC_6810466,ISIC_2129613
IL_2263451,BCC,ISIC_9995901,ISIC_4822631
IL_2265683,MEL,ISIC_2437960,ISIC_7839162
IL_2272404,NV,ISIC_7376317,ISIC_4330964
IL_2273559,BCC,ISIC_4631892,ISIC_5120362
IL_2273712,MEL,ISIC_4696657,ISIC_7733999
IL_2274387,BCC,ISIC_0627627,ISIC_8032040
IL_2274698,BCC,ISIC_9562131,ISIC_3689085
IL_2275218,BCC,ISIC_5254610,ISIC_6602302
IL_2276592,BCC,ISIC_4929016,ISIC_7278817
IL_2283112,BCC,ISIC_0457897,ISIC_7813760
IL_2286275,BCC,ISIC_5644081,ISIC_4733429
IL_2289243,BKL,ISIC_0920625,ISIC_7171875
IL_2291153,BCC,ISIC_6869534,ISIC_1594005
IL_2291194,BKL,ISIC_1904660,ISIC_9467983
IL_2291869,BKL,ISIC_1315894,ISIC_3431989
IL_2292995,BCC,ISIC_1468180,ISIC_2215653
IL_2293895,DF,ISIC_2463268,ISIC_0411397
IL_2295141,BCC,ISIC_9831096,ISIC_6314890
IL_2298931,NV,ISIC_6361677,ISIC_9172274
IL_2300316,AKIEC,ISIC_2565297,ISIC_6349110
IL_2301403,BCC,ISIC_2708075,ISIC_4712987
IL_2304727,SCCKA,ISIC_8644031,ISIC_8778674
IL_2305001,BCC,ISIC_3683640,ISIC_4847052
IL_2305768,BKL,ISIC_5314299,ISIC_8830091
IL_2307206,BCC,ISIC_3261212,ISIC_3810251
IL_2307468,MEL,ISIC_8919899,ISIC_4726470
IL_2308802,BCC,ISIC_3022090,ISIC_1652393
IL_2308976,BCC,ISIC_6365045,ISIC_5180185
IL_2309123,NV,ISIC_5280916,ISIC_2464882
IL_2315075,BCC,ISIC_1504993,ISIC_9271327
IL_2315755,MEL,ISIC_7548109,ISIC_3048228
IL_2317693,NV,ISIC_4618150,ISIC_2119936
IL_2320070,SCCKA,ISIC_4431906,ISIC_4469657
IL_2321044,AKIEC,ISIC_5547547,ISIC_3032983
IL_2322719,BCC,ISIC_5715952,ISIC_6938646
IL_2326241,BCC,ISIC_2687321,ISIC_4561114
IL_2326581,BCC,ISIC_4257125,ISIC_3341226
IL_2328375,BCC,ISIC_2325423,ISIC_7644369
IL_2328480,BCC,ISIC_7642963,ISIC_1505378
IL_2328752,BCC,ISIC_3865889,ISIC_8109519
IL_2329642,BCC,ISIC_2200184,ISIC_5841896
IL_2330730,BCC,ISIC_5868168,ISIC_8703792
IL_2332411,MEL,ISIC_9411600,ISIC_5510526
IL_2334074,BCC,ISIC_0537394,ISIC_6312254
IL_2334846,MEL,ISIC_4320592,ISIC_6428004
IL_2335600,SCCKA,ISIC_0218425,ISIC_4369433
IL_2337974,BCC,ISIC_0963794,ISIC_0867027
IL_2338679,BCC,ISIC_0763911,ISIC_1721507
IL_2341353,MEL,ISIC_0447553,ISIC_6698671
IL_2342693,MEL,ISIC_5308020,ISIC_8293683
IL_2344576,BKL,ISIC_9221495,ISIC_7912691
IL_2351136,BCC,ISIC_4526175,ISIC_5165824
IL_2352772,NV,ISIC_0986356,ISIC_0119243
IL_2357169,BKL,ISIC_3643046,ISIC_0912531
IL_2359351,BKL,ISIC_2187177,ISIC_9180125
IL_2360320,BCC,ISIC_2517252,ISIC_9161612
IL_2367179,BCC,ISIC_8231148,ISIC_8329990
IL_2369165,BCC,ISIC_0314737,ISIC_8491813
IL_2369272,BCC,ISIC_3298684,ISIC_5883189
IL_2371687,NV,ISIC_7174866,ISIC_9353865
IL_2372422,NV,ISIC_9055167,ISIC_2212095
IL_2373762,BKL,ISIC_1054751,ISIC_9995425
IL_2379441,NV,ISIC_4429484,ISIC_1756486
IL_2381359,NV,ISIC_3669322,ISIC_2178421
IL_2381875,NV,ISIC_9360308,ISIC_5728052
IL_2383580,AKIEC,ISIC_3601357,ISIC_5958284
IL_2383953,BCC,ISIC_3979561,ISIC_8118009
IL_2386676,NV,ISIC_8652712,ISIC_1473683
IL_2386719,NV,ISIC_2926847,ISIC_0350747
IL_2390458,BCC,ISIC_4104512,ISIC_8292872
IL_2397644,NV,ISIC_0115114,ISIC_4606877
IL_2400114,BCC,ISIC_8483915,ISIC_4905823
IL_2401021,SCCKA,ISIC_6366558,ISIC_9708493
IL_2401585,BKL,ISIC_9213644,ISIC_2581720
IL_2401627,BCC,ISIC_9432372,ISIC_5442946
IL_2403428,BCC,ISIC_7534938,ISIC_7883260
IL_2404701,NV,ISIC_9890207,ISIC_8019366
IL_2405400,BCC,ISIC_0169805,ISIC_6344855
IL_2406754,MEL,ISIC_8856766,ISIC_3085336
IL_2407358,BKL,ISIC_5443014,ISIC_2716264
IL_2408766,AKIEC,ISIC_9161347,ISIC_7765747
IL_2409650,BCC,ISIC_2998536,ISIC_4573444
IL_2413319,BCC,ISIC_3497836,ISIC_9735316
IL_2415353,BKL,ISIC_0874081,ISIC_8281265
IL_2416806,SCCKA,ISIC_1709796,ISIC_0256695
IL_2423269,BKL,ISIC_2514435,ISIC_6949754
IL_2426275,BCC,ISIC_4662941,ISIC_9642724
IL_2429008,MEL,ISIC_8771667,ISIC_9693802
IL_2432555,BCC,ISIC_7898573,ISIC_0772652
IL_2433161,MEL,ISIC_3100293,ISIC_3259871
IL_2441603,BCC,ISIC_4526071,ISIC_5233296
IL_2442202,SCCKA,ISIC_3253665,ISIC_8020571
IL_2448175,NV,ISIC_1610084,ISIC_7139452
IL_2448837,BCC,ISIC_5063574,ISIC_5567599
IL_2450142,MEL,ISIC_1833277,ISIC_5629312
IL_2450651,BKL,ISIC_1425517,ISIC_3431903
IL_2451092,BCC,ISIC_8069305,ISIC_4765663
IL_2454267,SCCKA,ISIC_2987893,ISIC_8882696
IL_2461087,NV,ISIC_0367096,ISIC_1284470
IL_2463656,NV,ISIC_3080695,ISIC_1964200
IL_2466178,BCC,ISIC_7939458,ISIC_5804674
IL_2466652,BCC,ISIC_5287761,ISIC_3462090
IL_2466872,BCC,ISIC_2877008,ISIC_8206552
IL_2467466,AKIEC,ISIC_8978224,ISIC_4243113
IL_2468895,BCC,ISIC_4830413,ISIC_4350222
IL_2470162,BKL,ISIC_2038683,ISIC_2893311
IL_2471050,BCC,ISIC_1652809,ISIC_5707338
IL_2473158,BKL,ISIC_5796545,ISIC_5235518
IL_2473715,SCCKA,ISIC_4945500,ISIC_7072308
IL_2473783,NV,ISIC_2023729,ISIC_2054960
IL_2474779,BCC,ISIC_7415657,ISIC_8097741
IL_2476952,BCC,ISIC_6190061,ISIC_4328393
IL_2477407,BCC,ISIC_1431910,ISIC_2001379
IL_2478742,BCC,ISIC_9048808,ISIC_0880053
IL_2480187,BCC,ISIC_9105300,ISIC_3672274
IL_2482896,DF,ISIC_2288953,ISIC_2868896
IL_2483019,BCC,ISIC_1346199,ISIC_2383380
IL_2484689,BKL,ISIC_2060638,ISIC_2094944
IL_2487876,BCC,ISIC_1134088,ISIC_1006415
IL_2491792,MEL,ISIC_4397628,ISIC_0823269
IL_2493163,NV,ISIC_9745273,ISIC_7929517
IL_2493463,INF,ISIC_9102029,ISIC_9547255
IL_2495327,BCC,ISIC_9062645,ISIC_1499717
IL_2495796,BCC,ISIC_1686930,ISIC_2387540
IL_2497125,MEL,ISIC_8528097,ISIC_7828218
IL_2497453,SCCKA,ISIC_5620414,ISIC_4272600
IL_2499143,BKL,ISIC_7952911,ISIC_0159874
IL_2502000,BCC,ISIC_5892185,ISIC_5514135
IL_2503315,MEL,ISIC_5168814,ISIC_2222084
IL_2504113,BCC,ISIC_5403535,ISIC_6063897
IL_2504779,NV,ISIC_9209191,ISIC_2062505
IL_2508861,AKIEC,ISIC_4097142,ISIC_8426219
IL_2511826,AKIEC,ISIC_9658127,ISIC_6047898
IL_2513710,BCC,ISIC_8226503,ISIC_1166088
IL_2514915,BKL,ISIC_2733266,ISIC_4307237
IL_2517543,MEL,ISIC_1933691,ISIC_5912360
IL_2521173,NV,ISIC_7827261,ISIC_2170617
IL_2521408,BCC,ISIC_6640885,ISIC_2167653
IL_2522638,NV,ISIC_8372143,ISIC_7256008
IL_2522650,BCC,ISIC_4179264,ISIC_8707635
IL_2526379,NV,ISIC_6290373,ISIC_5175946
IL_2527689,BCC,ISIC_8339130,ISIC_1685767
IL_2528197,AKIEC,ISIC_8868003,ISIC_4684596
IL_2528819,NV,ISIC_3991986,ISIC_6853529
IL_2529122,BCC,ISIC_7581757,ISIC_1105494
IL_2531194,NV,ISIC_9073880,ISIC_8544988
IL_2531198,BCC,ISIC_8288213,ISIC_8528718
IL_2531904,BKL,ISIC_2823934,ISIC_5550212
IL_2533791,NV,ISIC_4230532,ISIC_8603749
IL_2534024,BCC,ISIC_5667703,ISIC_1720500
IL_2538278,BKL,ISIC_7475014,ISIC_2552716
IL_2538872,BCC,ISIC_1771078,ISIC_5472264
IL_2540198,SCCKA,ISIC_2938744,ISIC_9421756
IL_2541447,BCC,ISIC_1899709,ISIC_4027141
IL_2543533,MEL,ISIC_5866382,ISIC_0156507
IL_2545098,BKL,ISIC_5518449,ISIC_3399647
IL_2546543,BCC,ISIC_2747605,ISIC_7993222
IL_2547108,BCC,ISIC_7189150,ISIC_3229589
IL_2547187,BCC,ISIC_0502224,ISIC_0724943
IL_2547802,NV,ISIC_6087081,ISIC_0073863
IL_2553098,BCC,ISIC_7485100,ISIC_2612910
IL_2557121,BCC,ISIC_4641479,ISIC_6710161
IL_2561893,BCC,ISIC_8458255,ISIC_8500215
IL_2564973,BCC,ISIC_6533664,ISIC_9064583
IL_2566700,BCC,ISIC_7797463,ISIC_7558897
IL_2567516,NV,ISIC_6235050,ISIC_1579405
IL_2568881,BCC,ISIC_3715527,ISIC_6170894
IL_2574343,SCCKA,ISIC_7985297,ISIC_5744822
IL_2577836,SCCKA,ISIC_7408729,ISIC_5003991
IL_2582218,BCC,ISIC_1107534,ISIC_7629062
IL_2582722,BCC,ISIC_5553297,ISIC_0485396
IL_2585626,AKIEC,ISIC_4602943,ISIC_5870525
IL_2587560,BCC,ISIC_8414183,ISIC_5298476
IL_2587941,BKL,ISIC_3791100,ISIC_3658597
IL_2588652,BCC,ISIC_9809278,ISIC_7352384
IL_2590916,BCC,ISIC_8220140,ISIC_2013192
IL_2591280,BCC,ISIC_2320596,ISIC_6524360
IL_2591955,BCC,ISIC_2286311,ISIC_9255133
IL_2596452,SCCKA,ISIC_8641712,ISIC_7074658
IL_2598820,MEL,ISIC_1435734,ISIC_5383160
IL_2601200,BCC,ISIC_5954681,ISIC_2323653
IL_2609201,NV,ISIC_3162836,ISIC_4388573
IL_2610078,BCC,ISIC_1192517,ISIC_4413011
IL_2610875,BCC,ISIC_2786202,ISIC_4416938
IL_2612192,BCC,ISIC_2185560,ISIC_5313254
IL_2621317,SCCKA,ISIC_2852852,ISIC_4200513
IL_2623248,BCC,ISIC_3327085,ISIC_1020628
IL_2632652,NV,ISIC_6806931,ISIC_8678969
IL_2634520,BCC,ISIC_0851659,ISIC_3251714
IL_2634708,BCC,ISIC_2188127,ISIC_3676018
IL_2634842,BCC,ISIC_7067801,ISIC_4082454
IL_2634845,BKL,ISIC_1019247,ISIC_5994355
IL_2638110,MEL,ISIC_4127514,ISIC_4203842
IL_2643688,BCC,ISIC_9125091,ISIC_2422166
IL_2647562,BKL,ISIC_0740405,ISIC_5584851
IL_2648810,BCC,ISIC_9676972,ISIC_4720694
IL_2649297,NV,ISIC_4273109,ISIC_6584815
IL_2650729,SCCKA,ISIC_4875678,ISIC_6857782
IL_2651247,MEL,ISIC_2137894,ISIC_9239978
IL_2652500,SCCKA,ISIC_2642915,ISIC_6246107
IL_2652788,VASC,ISIC_6550385,ISIC_5409072
IL_2653791,BCC,ISIC_8037974,ISIC_8675305
IL_2658437,BCC,ISIC_7981568,ISIC_6999928
IL_2658835,BCC,ISIC_0582067,ISIC_5356282
IL_2659393,BCC,ISIC_8032730,ISIC_3934861
IL_2659865,MEL,ISIC_8663511,ISIC_4146139
IL_2660318,BCC,ISIC_9312353,ISIC_3039744
IL_2662922,BCC,ISIC_9149555,ISIC_7464537
IL_2662966,BCC,ISIC_1058357,ISIC_8782299
IL_2663790,SCCKA,ISIC_8346382,ISIC_2418674
IL_2663991,SCCKA,ISIC_1170971,ISIC_2873444
IL_2664581,BCC,ISIC_7354709,ISIC_6236484
IL_2664685,NV,ISIC_9416518,ISIC_4753918
IL_2670180,SCCKA,ISIC_7530101,ISIC_9105114
IL_2670603,BCC,ISIC_7144270,ISIC_0715287
IL_2671860,BCC,ISIC_5287888,ISIC_4771678
IL_2674026,BCC,ISIC_3774678,ISIC_1464471
IL_2674670,BCC,ISIC_5902730,ISIC_6852771
IL_2675475,BCC,ISIC_6285261,ISIC_6881361
IL_2679001,BCC,ISIC_3724648,ISIC_7671720
IL_2682225,SCCKA,ISIC_6175134,ISIC_3500227
IL_2685280,BKL,ISIC_0267616,ISIC_8390104
IL_2687877,BCC,ISIC_6546601,ISIC_2171027
IL_2689695,BCC,ISIC_1531730,ISIC_1045607
IL_2689946,BKL,ISIC_9233052,ISIC_5415740
IL_2692187,BEN_OTH,ISIC_0532506,ISIC_6581608
IL_2692923,MEL,ISIC_0786490,ISIC_9115886
IL_2694953,NV,ISIC_8863788,ISIC_8377707
IL_2696717,BCC,ISIC_0930244,ISIC_2054940
IL_2700480,BCC,ISIC_6789387,ISIC_0809407
IL_2702338,MEL,ISIC_4568904,ISIC_5889858
IL_2703142,NV,ISIC_6934564,ISIC_1221689
IL_2704222,BCC,ISIC_9112089,ISIC_3235332
IL_2707139,AKIEC,ISIC_5291973,ISIC_3430609
IL_2707653,BCC,ISIC_7080457,ISIC_2991167
IL_2707922,SCCKA,ISIC_1739775,ISIC_9057655
IL_2710890,NV,ISIC_5649480,ISIC_1078763
IL_2711226,SCCKA,ISIC_5230169,ISIC_4653572
IL_2714840,BCC,ISIC_2869678,ISIC_2907780
IL_2715544,BKL,ISIC_5642271,ISIC_8880430
IL_2717072,AKIEC,ISIC_7843276,ISIC_1926555
IL_2718165,AKIEC,ISIC_7931784,ISIC_6044977
IL_2718328,BCC,ISIC_1181436,ISIC_3819687
IL_2719236,BCC,ISIC_2801800,ISIC_7082726
IL_2719812,BCC,ISIC_2851104,ISIC_6213875
IL_2720879,BCC,ISIC_1379718,ISIC_9650544
IL_2721473,MEL,ISIC_4499587,ISIC_1490894
IL_2721693,BCC,ISIC_0495585,ISIC_5164012
IL_2722243,BCC,ISIC_8724627,ISIC_6720006
IL_2722741,BCC,ISIC_4836899,ISIC_9216457
IL_2725320,AKIEC,ISIC_9656292,ISIC_3909654
IL_2729138,BCC,ISIC_5408628,ISIC_1261731
IL_2730356,BCC,ISIC_0316259,ISIC_7989453
IL_2733872,BCC,ISIC_5071145,ISIC_7799334
IL_2734125,BCC,ISIC_4303795,ISIC_7938939
IL_2734899,BCC,ISIC_9144494,ISIC_2038875
IL_2735586,BKL,ISIC_7604483,ISIC_1757189
IL_2739808,MEL,ISIC_2920382,ISIC_4256719
IL_2740956,BCC,ISIC_7560911,ISIC_4671582
IL_2740967,MEL,ISIC_0583040,ISIC_2586707
IL_2742965,BKL,ISIC_1845748,ISIC_7719129
IL_2744874,BCC,ISIC_5984406,ISIC_5891194
IL_2745193,NV,ISIC_2228525,ISIC_8008482
IL_2747674,MEL,ISIC_7508643,ISIC_4703321
IL_2748244,BCC,ISIC_0590401,ISIC_1014403
IL_2750081,NV,ISIC_6855467,ISIC_9945084
IL_2750641,BCC,ISIC_7337805,ISIC_4517401
IL_2751671,BCC,ISIC_6059802,ISIC_5501232
IL_2751796,BCC,ISIC_1137894,ISIC_1718779
IL_2752948,BCC,ISIC_3334508,ISIC_7868177
IL_2753111,SCCKA,ISIC_3543603,ISIC_1980584
IL_2755803,BCC,ISIC_5856786,ISIC_1993005
IL_2759218,MEL,ISIC_9191650,ISIC_1593018
IL_2759260,BKL,ISIC_8301701,ISIC_1169219
IL_2759554,NV,ISIC_2214827,ISIC_4416373
IL_2760690,BCC,ISIC_8245171,ISIC_1844015
IL_2770986,MEL,ISIC_2108278,ISIC_8616033
IL_2771122,BKL,ISIC_1332174,ISIC_0178503
IL_2771933,BCC,ISIC_7481650,ISIC_6373409
IL_2772530,SCCKA,ISIC_0980403,ISIC_4990358
IL_2775597,BCC,ISIC_3444223,ISIC_8505283
IL_2778594,BCC,ISIC_1268914,ISIC_0743555
IL_2779064,BCC,ISIC_2241043,ISIC_3851477
IL_2779245,BCC,ISIC_7112529,ISIC_9766600
IL_2783925,BCC,ISIC_7901262,ISIC_2689544
IL_2786216,NV,ISIC_7789126,ISIC_6353654
IL_2788163,NV,ISIC_8323623,ISIC_8969175
IL_2788353,BCC,ISIC_8721730,ISIC_0304794
IL_2791658,BCC,ISIC_4267031,ISIC_8591122
IL_2791717,NV,ISIC_1919712,ISIC_8646399
IL_2791803,BKL,ISIC_3428806,ISIC_6279832
IL_2794961,BCC,ISIC_7782780,ISIC_5963071
IL_2797593,NV,ISIC_9155561,ISIC_6785657
IL_2797829,BKL,ISIC_2083813,ISIC_9222540
IL_2802715,BCC,ISIC_9626996,ISIC_3397720
IL_2803011,BKL,ISIC_2304788,ISIC_2976358
IL_2806266,BCC,ISIC_9625853,ISIC_9598621
IL_2808102,MEL,ISIC_7136010,ISIC_0410802
IL_2808273,BCC,ISIC_9941177,ISIC_4936029
IL_2810751,VASC,ISIC_8390476,ISIC_6192197
IL_2811473,MEL,ISIC_1338257,ISIC_4243006
IL_2812139,BCC,ISIC_3846189,ISIC_7677568
IL_2815736,SCCKA,ISIC_5007628,ISIC_4116218
IL_2816298,BCC,ISIC_3037508,ISIC_6747832
IL_2821398,BCC,ISIC_4051459,ISIC_9857002
IL_2821734,BCC,ISIC_0376743,ISIC_0835458
IL_2826378,SCCKA,ISIC_4946681,ISIC_7481885
IL_2830385,SCCKA,ISIC_8915033,ISIC_0997976
IL_2831969,AKIEC,ISIC_2523004,ISIC_0467778
IL_2832342,BKL,ISIC_5521398,ISIC_5174175
IL_2833309,NV,ISIC_6606816,ISIC_2335013
IL_2834231,BCC,ISIC_9004415,ISIC_8745129
IL_2836148,BKL,ISIC_4604175,ISIC_1258360
IL_2840030,BCC,ISIC_9705765,ISIC_7904505
IL_2849550,BCC,ISIC_5449756,ISIC_3152857
IL_2851891,NV,ISIC_2696566,ISIC_7559942
IL_2852064,BCC,ISIC_7509818,ISIC_9351886
IL_2854884,NV,ISIC_4214316,ISIC_2471885
IL_2860298,BCC,ISIC_5934405,ISIC_1929529
IL_2867550,MEL,ISIC_4176839,ISIC_5531874
IL_2868524,BCC,ISIC_3251490,ISIC_6827974
IL_2868879,SCCKA,ISIC_8410138,ISIC_2319242
IL_2869334,BKL,ISIC_9135081,ISIC_1832787
IL_2870960,NV,ISIC_1445991,ISIC_9317486
IL_2875724,BCC,ISIC_9535614,ISIC_5491732
IL_2875964,BCC,ISIC_3693749,ISIC_1948728
IL_2879625,AKIEC,ISIC_7457072,ISIC_3262566
IL_2880261,BCC,ISIC_2299814,ISIC_9562051
IL_2881037,BCC,ISIC_4122632,ISIC_7632279
IL_2885420,MEL,ISIC_6387236,ISIC_0204323
IL_2888041,AKIEC,ISIC_7588773,ISIC_4865809
IL_2888238,BCC,ISIC_5150740,ISIC_1631620
IL_2889999,BKL,ISIC_4957395,ISIC_7103694
IL_2894575,AKIEC,ISIC_6033345,ISIC_8786035
IL_2895594,VASC,ISIC_6031825,ISIC_4642906
IL_2897531,BCC,ISIC_7323450,ISIC_1667014
IL_2899704,BCC,ISIC_1085321,ISIC_4887943
IL_2900528,BCC,ISIC_2011736,ISIC_1453805
IL_2902752,BCC,ISIC_0105249,ISIC_7969817
IL_2908166,BKL,ISIC_3082193,ISIC_4630771
IL_2915335,SCCKA,ISIC_9382183,ISIC_7504526
IL_2918180,BCC,ISIC_4887914,ISIC_7782700
IL_2918897,BCC,ISIC_5082399,ISIC_2353418
IL_2921214,BKL,ISIC_2525661,ISIC_7555988
IL_2922462,BCC,ISIC_7051193,ISIC_4542004
IL_2925087,AKIEC,ISIC_5115393,ISIC_3789914
IL_2926353,BCC,ISIC_4700136,ISIC_9796777
IL_2929786,SCCKA,ISIC_9802963,ISIC_9977374
IL_2935658,NV,ISIC_3970730,ISIC_6529674
IL_2943646,BCC,ISIC_4297088,ISIC_7531601
IL_2951837,NV,ISIC_0443245,ISIC_0573471
IL_2955250,BCC,ISIC_4258900,ISIC_3540431
IL_2956411,MEL,ISIC_4685235,ISIC_9540648
IL_2958247,BCC,ISIC_9116454,ISIC_3275271
IL_2958818,BCC,ISIC_5927575,ISIC_1308671
IL_2962175,VASC,ISIC_7227895,ISIC_8614567
IL_2962292,BCC,ISIC_7108710,ISIC_9348273
IL_2965012,BCC,ISIC_9338271,ISIC_2826846
IL_2968556,AKIEC,ISIC_5494355,ISIC_1897923
IL_2972185,MEL,ISIC_6925418,ISIC_6819805
IL_2972569,DF,ISIC_6142928,ISIC_9719634
IL_2974900,BCC,ISIC_3208971,ISIC_5511950
IL_2980838,BKL,ISIC_5083462,ISIC_4646662
IL_2982870,BCC,ISIC_6245930,ISIC_8340872
IL_2983051,BCC,ISIC_9627212,ISIC_5679759
IL_2983188,BCC,ISIC_6770901,ISIC_7711626
IL_2986546,BCC,ISIC_1376922,ISIC_0197274
IL_2987017,BCC,ISIC_6130175,ISIC_1897052
IL_2988489,BCC,ISIC_3627368,ISIC_4616394
IL_2988717,BKL,ISIC_7263241,ISIC_3155654
IL_2989326,MEL,ISIC_2118149,ISIC_8955200
IL_2991025,BCC,ISIC_6591439,ISIC_9304429
IL_2992485,AKIEC,ISIC_1152260,ISIC_6320048
IL_2994581,BCC,ISIC_1958975,ISIC_6685680
IL_2995561,BCC,ISIC_9019095,ISIC_6303124
IL_2996950,SCCKA,ISIC_9074070,ISIC_7044118
IL_2998977,BCC,ISIC_5681698,ISIC_7208631
IL_3003587,MEL,ISIC_8654948,ISIC_9475776
IL_3006053,MEL,ISIC_1275437,ISIC_5019119
IL_3007295,BCC,ISIC_4492675,ISIC_2593023
IL_3009838,BKL,ISIC_4330244,ISIC_4038238
IL_3013731,AKIEC,ISIC_8167281,ISIC_1616470
IL_3017961,BCC,ISIC_9998927,ISIC_1069722
IL_3019343,BCC,ISIC_9176784,ISIC_6423450
IL_3020012,MEL,ISIC_1049145,ISIC_5452980
IL_3020505,BCC,ISIC_4474831,ISIC_4976629
IL_3023010,MEL,ISIC_5097850,ISIC_7280473
IL_3026387,BCC,ISIC_7392473,ISIC_8599807
IL_3032174,DF,ISIC_1585394,ISIC_7235569
IL_3034019,BCC,ISIC_2583472,ISIC_1594291
IL_3035506,NV,ISIC_2292844,ISIC_6383216
IL_3037585,BCC,ISIC_6450883,ISIC_8787301
IL_3038127,BCC,ISIC_2611090,ISIC_3447417
IL_3039363,BCC,ISIC_2149284,ISIC_7774908
IL_3044771,BCC,ISIC_1856136,ISIC_5826969
IL_3044887,NV,ISIC_2811259,ISIC_1655136
IL_3046914,BCC,ISIC_4245317,ISIC_0387826
IL_3048168,BCC,ISIC_6428982,ISIC_1128748
IL_3052148,BCC,ISIC_3255507,ISIC_3163093
IL_3052885,BKL,ISIC_5680223,ISIC_0165103
IL_3057922,BCC,ISIC_5770369,ISIC_1170720
IL_3058425,MEL,ISIC_9061574,ISIC_8912166
IL_3060691,BCC,ISIC_7977369,ISIC_3357525
IL_3060929,NV,ISIC_3278222,ISIC_0831512
IL_3061699,MEL,ISIC_2314639,ISIC_7150655
IL_3065098,BCC,ISIC_4018932,ISIC_1091566
IL_3065371,BCC,ISIC_7417921,ISIC_0371409
IL_3065400,MEL,ISIC_2709383,ISIC_5893703
IL_3065625,NV,ISIC_9651478,ISIC_7523078
IL_3067885,VASC,ISIC_9528430,ISIC_1996485
IL_3069196,BCC,ISIC_4979236,ISIC_5863762
IL_3069330,BCC,ISIC_4268847,ISIC_9163561
IL_3069610,BCC,ISIC_1637550,ISIC_0393134
IL_3070568,BCC,ISIC_7344118,ISIC_1796015
IL_3070749,BCC,ISIC_4031105,ISIC_3881677
IL_3077425,NV,ISIC_3871156,ISIC_6703202
IL_3082465,BKL,ISIC_7541597,ISIC_9192620
IL_3082764,NV,ISIC_0338923,ISIC_2304241
IL_3085250,NV,ISIC_3840818,ISIC_1479765
IL_3087149,BKL,ISIC_1054971,ISIC_4632123
IL_3087558,BCC,ISIC_0391361,ISIC_0895262
IL_3088374,MEL,ISIC_8511101,ISIC_6635963
IL_3089993,BKL,ISIC_4578129,ISIC_8256353
IL_3090203,BEN_OTH,ISIC_4079070,ISIC_3085694
IL_3092019,BCC,ISIC_4178605,ISIC_1620077
IL_3096857,BCC,ISIC_5192894,ISIC_3117423
IL_3098678,BCC,ISIC_7822262,ISIC_7981707
IL_3099616,BCC,ISIC_4926295,ISIC_1171731
IL_3102698,SCCKA,ISIC_9532043,ISIC_0084581
IL_3102768,BCC,ISIC_1631867,ISIC_6909525
IL_3104013,BCC,ISIC_4620895,ISIC_5174728
IL_3104790,BCC,ISIC_4628391,ISIC_3750787
IL_3115470,SCCKA,ISIC_6676782,ISIC_0946795
IL_3117847,NV,ISIC_7789714,ISIC_2977377
IL_3122481,BCC,ISIC_5136915,ISIC_0427331
IL_3124756,VASC,ISIC_8197778,ISIC_4821214
IL_3133685,BKL,ISIC_5766012,ISIC_5152492
IL_3134757,BCC,ISIC_5383487,ISIC_4425251
IL_3137166,AKIEC,ISIC_5289955,ISIC_8446505
IL_3138805,SCCKA,ISIC_8993296,ISIC_2993083
IL_3141578,NV,ISIC_8616397,ISIC_1468332
IL_3143674,BCC,ISIC_7464024,ISIC_9558332
IL_3144170,NV,ISIC_6905596,ISIC_9966733
IL_3146700,BCC,ISIC_9529664,ISIC_9643914
IL_3146930,BCC,ISIC_9420912,ISIC_3489676
IL_3147043,MEL,ISIC_2026805,ISIC_2437084
IL_3148585,BKL,ISIC_9006317,ISIC_7563152
IL_3148978,BCC,ISIC_4161639,ISIC_1495576
IL_3150331,BCC,ISIC_8612934,ISIC_3599295
IL_3151358,BKL,ISIC_5444755,ISIC_9290704
IL_3151519,MEL,ISIC_2845349,ISIC_7615926
IL_3154103,NV,ISIC_6039070,ISIC_1656295
IL_3154330,SCCKA,ISIC_1537733,ISIC_6623298
IL_3154497,BCC,ISIC_7313587,ISIC_7836451
IL_3154586,BCC,ISIC_9508038,ISIC_9850235
IL_3154962,MEL,ISIC_2005096,ISIC_8673290
IL_3156059,MEL,ISIC_6082679,ISIC_5513367
IL_3156209,BCC,ISIC_0883146,ISIC_4546388
IL_3157570,BCC,ISIC_0373147,ISIC_1940214
IL_3157584,MEL,ISIC_5498605,ISIC_6365981
IL_3160431,NV,ISIC_1520820,ISIC_3673916
IL_3161525,BCC,ISIC_3020708,ISIC_5841767
IL_3162928,NV,ISIC_4156886,ISIC_8696381
IL_3165237,BCC,ISIC_5520243,ISIC_7806816
IL_3170694,SCCKA,ISIC_4975719,ISIC_1614480
IL_3172829,BKL,ISIC_7321789,ISIC_7896796
IL_3176703,BCC,ISIC_3525463,ISIC_0601743
IL_3179452,BKL,ISIC_0264904,ISIC_3307206
IL_3180618,DF,ISIC_2314908,ISIC_5844410
IL_3181728,AKIEC,ISIC_8898499,ISIC_0387282
IL_3183232,BCC,ISIC_6957053,ISIC_1683911
IL_3186878,NV,ISIC_5933216,ISIC_3267363
IL_3196710,BCC,ISIC_7330767,ISIC_5279946
IL_3199260,BKL,ISIC_5559799,ISIC_5159139
IL_3201374,BCC,ISIC_1535158,ISIC_9816264
IL_3203349,BCC,ISIC_1177346,ISIC_8419172
IL_3204310,MEL,ISIC_2650378,ISIC_3594514
IL_3205474,MEL,ISIC_8287609,ISIC_9680458
IL_3205547,BKL,ISIC_8894733,ISIC_3794620
IL_3211477,BCC,ISIC_3785074,ISIC_4470805
IL_3212052,NV,ISIC_1086483,ISIC_3831775
IL_3214039,MEL,ISIC_4656723,ISIC_6333133
IL_3216305,BCC,ISIC_5043555,ISIC_7501563
IL_3221884,BCC,ISIC_9216543,ISIC_7467595
IL_3222317,BCC,ISIC_2093581,ISIC_6167789
IL_3224912,BCC,ISIC_0891581,ISIC_8715446
IL_3225155,NV,ISIC_1955839,ISIC_6539281
IL_3226127,BCC,ISIC_3004974,ISIC_8816242
IL_3228956,BCC,ISIC_1573011,ISIC_6167270
IL_3230932,BCC,ISIC_5923799,ISIC_6999728
IL_3231660,MEL,ISIC_2584689,ISIC_4296407
IL_3233038,MEL,ISIC_8024416,ISIC_4742379
IL_3236143,BCC,ISIC_3357733,ISIC_1701846
IL_3236486,MEL,ISIC_9987344,ISIC_1285798
IL_3237613,INF,ISIC_0692759,ISIC_2088540
IL_3237666,BCC,ISIC_4301316,ISIC_4013307
IL_3237726,MEL,ISIC_3002615,ISIC_8977223
IL_3239005,SCCKA,ISIC_4584930,ISIC_1960660
IL_3239259,AKIEC,ISIC_9662237,ISIC_8223664
IL_3240124,BKL,ISIC_9846502,ISIC_2482447
IL_3242715,BCC,ISIC_8597919,ISIC_2891509
IL_3244016,BCC,ISIC_2368856,ISIC_4613924
IL_3245331,AKIEC,ISIC_7762277,ISIC_6886883
IL_3248471,BCC,ISIC_3490874,ISIC_1285909
IL_3248533,BCC,ISIC_6579356,ISIC_9262459
IL_3249139,MEL,ISIC_7631509,ISIC_3268800
IL_3252153,VASC,ISIC_2755934,ISIC_8190843
IL_3252703,MEL,ISIC_2956882,ISIC_9693456
IL_3253177,NV,ISIC_6823826,ISIC_9140116
IL_3256681,BCC,ISIC_9774070,ISIC_8657995
IL_3256866,SCCKA,ISIC_2827957,ISIC_7804815
IL_3257772,BCC,ISIC_8255479,ISIC_6212964
IL_3259984,BCC,ISIC_7398112,ISIC_5925439
IL_3260331,AKIEC,ISIC_7221017,ISIC_7118545
IL_3262094,BKL,ISIC_8935869,ISIC_7379628
IL_3263811,BCC,ISIC_4613280,ISIC_5447057
IL_3268494,BCC,ISIC_9147605,ISIC_6588395
IL_3269289,BCC,ISIC_7122420,ISIC_9492928
IL_3271676,BCC,ISIC_9098662,ISIC_5607642
IL_3278541,BCC,ISIC_1773412,ISIC_5949139
IL_3285087,SCCKA,ISIC_9296037,ISIC_7393792
IL_3286495,BCC,ISIC_6138743,ISIC_0695322
IL_3288060,BCC,ISIC_8414527,ISIC_1505022
IL_3288757,NV,ISIC_0871337,ISIC_5055083
IL_3289221,AKIEC,ISIC_1339166,ISIC_8327585
IL_3290322,BCC,ISIC_6061665,ISIC_8704127
IL_3292594,BKL,ISIC_6078993,ISIC_1545290
IL_3293751,BCC,ISIC_9441749,ISIC_3364269
IL_3293897,BCC,ISIC_9285148,ISIC_3981911
IL_3295228,NV,ISIC_7748946,ISIC_6933572
IL_3295356,BCC,ISIC_6984699,ISIC_8754259
IL_3295486,NV,ISIC_7114135,ISIC_0376752
IL_3295826,BKL,ISIC_7358947,ISIC_1215920
IL_3296162,SCCKA,ISIC_4428215,ISIC_4431113
IL_3297767,BCC,ISIC_4924759,ISIC_5053442
IL_3299607,BCC,ISIC_9321127,ISIC_2571626
IL_3300322,BCC,ISIC_9457442,ISIC_0612261
IL_3301980,BCC,ISIC_5004150,ISIC_7206020
IL_3303536,AKIEC,ISIC_6761603,ISIC_0445960
IL_3303655,BCC,ISIC_4384446,ISIC_8704436
IL_3305378,BCC,ISIC_8210069,ISIC_1606726
IL_3306844,BCC,ISIC_5483548,ISIC_5133092
IL_3307198,SCCKA,ISIC_6646415,ISIC_5850185
IL_3307769,SCCKA,ISIC_7504717,ISIC_9509837
IL_3307865,BCC,ISIC_4557242,ISIC_9592132
IL_3308348,BCC,ISIC_9067935,ISIC_3917176
IL_3310631,BCC,ISIC_9375501,ISIC_9286963
IL_3311502,INF,ISIC_0785366,ISIC_9101809
IL_3312437,NV,ISIC_8397636,ISIC_7222742
IL_3312566,BCC,ISIC_9311925,ISIC_8079552
IL_3314266,BKL,ISIC_3446517,ISIC_6162564
IL_3316446,BKL,ISIC_5128007,ISIC_8137954
IL_3316669,BCC,ISIC_9682195,ISIC_1132361
IL_3319164,AKIEC,ISIC_4597516,ISIC_3204093
IL_3323231,MEL,ISIC_7670015,ISIC_1916169
IL_3326001,BCC,ISIC_6958809,ISIC_0918357
IL_3327660,BCC,ISIC_0379615,ISIC_7692882
IL_3327955,INF,ISIC_1339797,ISIC_6796955
IL_3334554,MEL,ISIC_1915189,ISIC_3336908
IL_3335346,AKIEC,ISIC_0608754,ISIC_9583399
IL_3339470,BCC,ISIC_2041668,ISIC_9170556
IL_3339713,NV,ISIC_2870164,ISIC_4278930
IL_3340189,BCC,ISIC_1218465,ISIC_3967417
IL_3341397,AKIEC,ISIC_6555872,ISIC_0723926
IL_3341722,BCC,ISIC_3132743,ISIC_5811144
IL_3347593,BCC,ISIC_4176987,ISIC_3658823
IL_3351126,AKIEC,ISIC_0854749,ISIC_5991571
IL_3354355,BCC,ISIC_2923957,ISIC_3420236
IL_3355699,MEL,ISIC_4727154,ISIC_1184775
IL_3356147,BCC,ISIC_6175607,ISIC_9468404
IL_3357031,BCC,ISIC_7841785,ISIC_0929356
IL_3358821,BKL,ISIC_2963181,ISIC_8102692
IL_3360442,BCC,ISIC_9410557,ISIC_8882107
IL_3360591,SCCKA,ISIC_8328022,ISIC_7656588
IL_3361305,SCCKA,ISIC_5963269,ISIC_3982759
IL_3363042,BCC,ISIC_4815149,ISIC_6297552
IL_3364981,MEL,ISIC_4060718,ISIC_7984223
IL_3366115,BKL,ISIC_7364338,ISIC_1393233
IL_3366376,BKL,ISIC_1249375,ISIC_1600135
IL_3368963,BCC,ISIC_7805529,ISIC_3361208
IL_3376509,BCC,ISIC_5179141,ISIC_9841903
IL_3376861,MEL,ISIC_4093535,ISIC_4478363
IL_3377032,BKL,ISIC_4930751,ISIC_0896718
IL_3380076,AKIEC,ISIC_5840837,ISIC_5820253
IL_3382606,SCCKA,ISIC_3870717,ISIC_8604662
IL_3383125,BCC,ISIC_9054883,ISIC_1657319
IL_3383259,NV,ISIC_5062257,ISIC_1064824
IL_3385490,MEL,ISIC_9270547,ISIC_1009291
IL_3392979,NV,ISIC_3932303,ISIC_4607582
IL_3393264,NV,ISIC_9166927,ISIC_1182214
IL_3395310,BCC,ISIC_1888829,ISIC_9199020
IL_3397052,MAL_OTH,ISIC_6906298,ISIC_0886687
IL_3397274,BEN_OTH,ISIC_6841057,ISIC_9612761
IL_3398129,BCC,ISIC_3039458,ISIC_5431278
IL_3400406,BCC,ISIC_1053256,ISIC_5321479
IL_3400636,DF,ISIC_6746042,ISIC_6943256
IL_3405101,BCC,ISIC_5930904,ISIC_9986730
IL_3405396,MEL,ISIC_0364345,ISIC_3626191
IL_3406268,BCC,ISIC_7522141,ISIC_8868777
IL_3408986,BCC,ISIC_4261803,ISIC_0135161
IL_3415127,BCC,ISIC_0906598,ISIC_9212173
IL_3415556,BCC,ISIC_5378715,ISIC_8558562
IL_3417024,MEL,ISIC_0630375,ISIC_8977962
IL_3420465,BKL,ISIC_1841456,ISIC_5745824
IL_3423568,MEL,ISIC_8525569,ISIC_5387219
IL_3423821,NV,ISIC_9625234,ISIC_7201198
IL_3423886,BCC,ISIC_9726153,ISIC_8945348
IL_3424519,NV,ISIC_9304458,ISIC_4028370
IL_3424617,NV,ISIC_4850035,ISIC_3191687
IL_3426033,BCC,ISIC_5247248,ISIC_0081055
IL_3435246,BKL,ISIC_8379217,ISIC_9144877
IL_3436686,AKIEC,ISIC_0146067,ISIC_5607559
IL_3439844,DF,ISIC_8302244,ISIC_1342857
IL_3441650,BCC,ISIC_9696815,ISIC_2722338
IL_3447838,BKL,ISIC_1224887,ISIC_7372500
IL_3450487,SCCKA,ISIC_9259846,ISIC_9571815
IL_3451729,BCC,ISIC_1897411,ISIC_1927934
IL_3452976,BCC,ISIC_4048377,ISIC_2689339
IL_3453159,BCC,ISIC_1841990,ISIC_2747596
IL_3453453,BCC,ISIC_6849103,ISIC_9098981
IL_3457214,BCC,ISIC_7137132,ISIC_3088055
IL_3460639,BKL,ISIC_1645642,ISIC_0991616
IL_3461218,BCC,ISIC_8537600,ISIC_2883712
IL_3462420,BCC,ISIC_6499536,ISIC_3733902
IL_3464725,BCC,ISIC_3577401,ISIC_8114137
IL_3465975,NV,ISIC_4839895,ISIC_8366447
IL_3467743,BCC,ISIC_6761948,ISIC_9002119
IL_3469370,SCCKA,ISIC_5558490,ISIC_1647421
IL_3471902,MEL,ISIC_4463461,ISIC_0598073
IL_3472357,BCC,ISIC_9925921,ISIC_7251638
IL_3472941,NV,ISIC_0951585,ISIC_1958859
IL_3473944,SCCKA,ISIC_2788480,ISIC_7951600
IL_3475151,BKL,ISIC_4925748,ISIC_9025095
IL_3475152,BKL,ISIC_2837403,ISIC_2621619
IL_3477265,BCC,ISIC_2502243,ISIC_8952365
IL_3478761,BCC,ISIC_2467581,ISIC_4061154
IL_3481443,BKL,ISIC_4756850,ISIC_4554893
IL_3482678,SCCKA,ISIC_8132785,ISIC_1845181
IL_3484417,BCC,ISIC_8366050,ISIC_6469847
IL_3484645,AKIEC,ISIC_0567766,ISIC_9442868
IL_3485439,BCC,ISIC_9320989,ISIC_6171588
IL_3486066,AKIEC,ISIC_2593896,ISIC_8446431
IL_3487572,SCCKA,ISIC_7275427,ISIC_2698174
IL_3488332,BCC,ISIC_7431526,ISIC_5867806
IL_3488429,BCC,ISIC_3072729,ISIC_9084000
IL_3489580,BCC,ISIC_3688627,ISIC_6254946
IL_3492257,BCC,ISIC_0760456,ISIC_1621625
IL_3492505,BCC,ISIC_5253456,ISIC_4249004
IL_3492716,BCC,ISIC_3763694,ISIC_1424527
IL_3493081,NV,ISIC_7991063,ISIC_2459668
IL_3496522,BCC,ISIC_0463396,ISIC_5973129
IL_3496860,NV,ISIC_9255385,ISIC_0106322
IL_3498244,SCCKA,ISIC_5986993,ISIC_5728005
IL_3499817,BCC,ISIC_5997631,ISIC_6651888
IL_3503825,MEL,ISIC_3244506,ISIC_3587674
IL_3504341,BCC,ISIC_3928700,ISIC_5702669
IL_3507872,BKL,ISIC_6056059,ISIC_5967889
IL_3511667,BKL,ISIC_4466925,ISIC_4329526
IL_3517038,BKL,ISIC_9525008,ISIC_1700871
IL_3518780,BCC,ISIC_9747479,ISIC_3313166
IL_3518788,BKL,ISIC_2935903,ISIC_4499650
IL_3518875,BCC,ISIC_2775686,ISIC_5566200
IL_3521617,NV,ISIC_9843002,ISIC_4180324
IL_3522764,BCC,ISIC_8636984,ISIC_9629029
IL_3527246,BCC,ISIC_9807651,ISIC_0617272
IL_3528206,INF,ISIC_1656419,ISIC_2721277
IL_3529171,SCCKA,ISIC_1772876,ISIC_2431538
IL_3529988,BCC,ISIC_6222747,ISIC_9399207
IL_3531098,SCCKA,ISIC_2025072,ISIC_7425508
IL_3532115,BKL,ISIC_3522468,ISIC_3425683
IL_3540228,BEN_OTH,ISIC_5947742,ISIC_5640000
IL_3541030,NV,ISIC_5324767,ISIC_6447813
IL_3542015,SCCKA,ISIC_7801659,ISIC_2273572
IL_3544238,NV,ISIC_1751525,ISIC_1010358
IL_3545610,AKIEC,ISIC_4574908,ISIC_1163119
IL_3546806,BCC,ISIC_4835287,ISIC_6347418
IL_3547221,BKL,ISIC_0366902,ISIC_2258930
IL_3550428,BCC,ISIC_4531147,ISIC_3344319
IL_3551061,BCC,ISIC_6168958,ISIC_5715959
IL_3553236,MEL,ISIC_4967282,ISIC_7785676
IL_3558954,BCC,ISIC_3327886,ISIC_8251827
IL_3559203,BCC,ISIC_3613928,ISIC_7209964
IL_3559217,NV,ISIC_7273374,ISIC_7544069
IL_3559372,BCC,ISIC_7485509,ISIC_1484276
IL_3560124,NV,ISIC_3765070,ISIC_7841088
IL_3561998,BCC,ISIC_6700837,ISIC_8041130
IL_3562985,SCCKA,ISIC_3694172,ISIC_7206801
IL_3565320,MEL,ISIC_2997062,ISIC_2753382
IL_3566377,BKL,ISIC_1883913,ISIC_9893445
IL_3566495,BCC,ISIC_8678580,ISIC_5517500
IL_3568904,BCC,ISIC_8387069,ISIC_3045387
IL_3569570,BCC,ISIC_3209100,ISIC_5246161
IL_3570524,SCCKA,ISIC_8050539,ISIC_6842565
IL_3570537,AKIEC,ISIC_6218940,ISIC_3343865
IL_3574782,BCC,ISIC_8930739,ISIC_0892888
IL_3576180,NV,ISIC_2841434,ISIC_8559278
IL_3576775,BCC,ISIC_3302639,ISIC_3456998
IL_3577604,BCC,ISIC_3156175,ISIC_4072524
IL_3580495,BKL,ISIC_4170754,ISIC_9815182
IL_3581501,BCC,ISIC_2770547,ISIC_1385452
IL_3581792,BCC,ISIC_7872929,ISIC_1580681
IL_3582002,AKIEC,ISIC_0886120,ISIC_0199124
IL_3582331,NV,ISIC_5511326,ISIC_7808755
IL_3593034,BCC,ISIC_1110074,ISIC_1509648
IL_3596093,BCC,ISIC_2734876,ISIC_8385396
IL_3599866,BKL,ISIC_8737266,ISIC_6638374
IL_3600941,BCC,ISIC_9886316,ISIC_2950662
IL_3603601,AKIEC,ISIC_7304468,ISIC_5745120
IL_3605485,AKIEC,ISIC_9255011,ISIC_5466448
IL_3606154,BCC,ISIC_5714213,ISIC_7600337
IL_3608971,BCC,ISIC_5999967,ISIC_2916022
IL_3609396,BCC,ISIC_4065190,ISIC_6822533
IL_3609983,NV,ISIC_6050192,ISIC_1009475
IL_3615210,BCC,ISIC_9251635,ISIC_8904388
IL_3615329,BCC,ISIC_4973067,ISIC_6952812
IL_3619521,BCC,ISIC_6002261,ISIC_0163776
IL_3625666,MEL,ISIC_0428185,ISIC_6195452
IL_3627285,NV,ISIC_0776010,ISIC_2832798
IL_3631191,NV,ISIC_9985358,ISIC_5903611
IL_3632204,NV,ISIC_0571728,ISIC_4156628
IL_3634030,BCC,ISIC_8768212,ISIC_6417102
IL_3634935,NV,ISIC_1576697,ISIC_6332308
IL_3635889,BCC,ISIC_9543736,ISIC_8614640
IL_3636394,MEL,ISIC_7403204,ISIC_6954063
IL_3638399,BKL,ISIC_0323945,ISIC_3822722
IL_3640524,NV,ISIC_0426130,ISIC_9297268
IL_3644739,NV,ISIC_1568395,ISIC_2861892
IL_3647714,NV,ISIC_5659142,ISIC_9875968
IL_3650065,INF,ISIC_7911836,ISIC_1276590
IL_3650991,BCC,ISIC_1496736,ISIC_6457249
IL_3651436,BCC,ISIC_7961515,ISIC_9188713
IL_3656714,BCC,ISIC_2889500,ISIC_7983538
IL_3657204,BCC,ISIC_1201852,ISIC_8011910
IL_3658714,NV,ISIC_0155115,ISIC_5089532
IL_3660517,BCC,ISIC_3297304,ISIC_3788562
IL_3660671,BCC,ISIC_6112801,ISIC_4155558
IL_3663499,BCC,ISIC_1399132,ISIC_8951479
IL_3664176,BCC,ISIC_5564663,ISIC_0625197
IL_3668497,NV,ISIC_3316082,ISIC_2498820
IL_3672233,NV,ISIC_0280428,ISIC_6538108
IL_3672898,BKL,ISIC_9018538,ISIC_2312468
IL_3673617,BCC,ISIC_3100024,ISIC_3846256
IL_3673885,BCC,ISIC_2772400,ISIC_9896110
IL_3673925,NV,ISIC_1171609,ISIC_6898183
IL_3677701,AKIEC,ISIC_5846378,ISIC_4310441
IL_3681350,BCC,ISIC_3581694,ISIC_4019827
IL_3682570,NV,ISIC_0588937,ISIC_2000821
IL_3685278,SCCKA,ISIC_7368423,ISIC_0397332
IL_3686069,NV,ISIC_8479393,ISIC_2061756
IL_3687151,BCC,ISIC_7058677,ISIC_5787263
IL_3694094,BCC,ISIC_1232869,ISIC_4090560
IL_3700526,BCC,ISIC_6043805,ISIC_5564889
IL_3702520,BCC,ISIC_2685248,ISIC_5795242
IL_3703578,AKIEC,ISIC_6681430,ISIC_3633147
IL_3703850,NV,ISIC_8599510,ISIC_7974235
IL_3705242,BCC,ISIC_8615408,ISIC_6936754
IL_3709940,MEL,ISIC_0870426,ISIC_1151059
IL_3711710,BCC,ISIC_3114974,ISIC_5169938
IL_3711784,BCC,ISIC_6667520,ISIC_1170330
IL_3715048,MEL,ISIC_7143311,ISIC_0831898
IL_3715792,NV,ISIC_8626292,ISIC_3539413
IL_3719670,SCCKA,ISIC_9614578,ISIC_5469861
IL_3720458,MEL,ISIC_4682172,ISIC_1006756
IL_3721335,VASC,ISIC_1679242,ISIC_7812484
IL_3722904,BCC,ISIC_5721122,ISIC_6362082
IL_3724893,BCC,ISIC_7148236,ISIC_0561102
IL_3727802,BCC,ISIC_3716241,ISIC_9319124
IL_3730515,BCC,ISIC_7522059,ISIC_1386430
IL_3732140,BCC,ISIC_2013889,ISIC_4889822
IL_3732143,BCC,ISIC_6670414,ISIC_1595205
IL_3734319,BCC,ISIC_5440611,ISIC_5185588
IL_3738052,BEN_OTH,ISIC_6404972,ISIC_0644224
IL_3739398,BCC,ISIC_5936023,ISIC_8501407
IL_3742316,BCC,ISIC_2443095,ISIC_5595298
IL_3742523,SCCKA,ISIC_7992749,ISIC_4710855
IL_3744094,VASC,ISIC_0254794,ISIC_5070221
IL_3745397,BCC,ISIC_7894539,ISIC_3217005
IL_3749738,BKL,ISIC_8483821,ISIC_9713038
IL_3751516,BCC,ISIC_9451700,ISIC_6919219
IL_3752602,BCC,ISIC_2288878,ISIC_9316861
IL_3754821,SCCKA,ISIC_1958596,ISIC_1136259
IL_3758218,BCC,ISIC_3945964,ISIC_1901212
IL_3758712,BKL,ISIC_6278796,ISIC_2441019
IL_3766346,NV,ISIC_9998198,ISIC_7603703
IL_3767743,BCC,ISIC_4347782,ISIC_4325233
IL_3767915,BCC,ISIC_3305380,ISIC_4049057
IL_3767932,NV,ISIC_1012687,ISIC_8972926
IL_3770255,MEL,ISIC_1240854,ISIC_1538553
IL_3771556,NV,ISIC_5798282,ISIC_4022483
IL_3772010,MAL_OTH,ISIC_9426683,ISIC_7194453
IL_3772647,BCC,ISIC_5671011,ISIC_1028789
IL_3772690,SCCKA,ISIC_3277520,ISIC_0725065
IL_3774804,SCCKA,ISIC_0261218,ISIC_9026951
IL_3778802,NV,ISIC_7250021,ISIC_6973783
IL_3783944,AKIEC,ISIC_3644578,ISIC_3678654
IL_3787537,BCC,ISIC_1710948,ISIC_9987696
IL_3790645,MEL,ISIC_7005808,ISIC_0540953
IL_3790994,BCC,ISIC_0382621,ISIC_4668708
IL_3794416,BCC,ISIC_3356311,ISIC_6775433
IL_3800728,BCC,ISIC_6564259,ISIC_1830722
IL_3802643,BCC,ISIC_4675163,ISIC_9265386
IL_3805769,BCC,ISIC_5648144,ISIC_5077872
IL_3806100,SCCKA,ISIC_9045023,ISIC_4735258
IL_3807651,BCC,ISIC_9596637,ISIC_6875256
IL_3809267,MEL,ISIC_9059079,ISIC_3197211
IL_3812776,BCC,ISIC_7882189,ISIC_4291049
IL_3812964,NV,ISIC_9850344,ISIC_1472934
IL_3817473,NV,ISIC_0595350,ISIC_8690116
IL_3818681,SCCKA,ISIC_8672327,ISIC_2031105
IL_3819461,BCC,ISIC_0661874,ISIC_7997862
IL_3824346,SCCKA,ISIC_6174823,ISIC_5050587
IL_3824420,NV,ISIC_2839422,ISIC_3515780
IL_3826900,BCC,ISIC_5737122,ISIC_5638800
IL_3827955,BKL,ISIC_6952620,ISIC_6590453
IL_3829109,NV,ISIC_5084418,ISIC_6583245
IL_3830097,BCC,ISIC_7200189,ISIC_6435462
IL_3836010,BCC,ISIC_3853115,ISIC_0971123
IL_3836672,MEL,ISIC_3977951,ISIC_4482349
IL_3836754,BCC,ISIC_3589795,ISIC_4596353
IL_3837835,BCC,ISIC_7368174,ISIC_4101918
IL_3837894,AKIEC,ISIC_2273629,ISIC_6735110
IL_3839366,BCC,ISIC_7819570,ISIC_1746893
IL_3844100,SCCKA,ISIC_8254778,ISIC_7994643
IL_3844274,BCC,ISIC_6671359,ISIC_2410311
IL_3845206,BKL,ISIC_4590231,ISIC_4120304
IL_3847585,BKL,ISIC_2626121,ISIC_1739633
IL_3850759,BCC,ISIC_4549707,ISIC_4608930
IL_3852140,NV,ISIC_7161171,ISIC_5092532
IL_3852871,NV,ISIC_8997026,ISIC_3861361
IL_3853188,DF,ISIC_2221157,ISIC_1962329
IL_3853343,SCCKA,ISIC_7140185,ISIC_9685756
IL_3855783,BCC,ISIC_8597782,ISIC_8096488
IL_3857258,BCC,ISIC_3596200,ISIC_6705073
IL_3857855,NV,ISIC_0846896,ISIC_7174859
IL_3858300,BKL,ISIC_7173478,ISIC_1541840
IL_3858708,AKIEC,ISIC_8687339,ISIC_1115156
IL_3859147,BCC,ISIC_8869199,ISIC_9639067
IL_3859587,BCC,ISIC_0237641,ISIC_1070485
IL_3860000,BKL,ISIC_9892393,ISIC_4380499
IL_3861295,DF,ISIC_0428450,ISIC_6043617
IL_3871649,NV,ISIC_8247705,ISIC_1441039
IL_3876591,BCC,ISIC_2235964,ISIC_7370552
IL_3879916,AKIEC,ISIC_7319337,ISIC_8120902
IL_3883867,NV,ISIC_7834236,ISIC_4927149
IL_3884267,NV,ISIC_4475597,ISIC_5993743
IL_3884750,BCC,ISIC_7533028,ISIC_9426065
IL_3884905,DF,ISIC_1700723,ISIC_4315074
IL_3884933,BCC,ISIC_9073117,ISIC_2914456
IL_3887392,BCC,ISIC_7607421,ISIC_7169372
IL_3888766,BCC,ISIC_9848425,ISIC_7752452
IL_3892342,BCC,ISIC_5208838,ISIC_3420179
IL_3892399,BCC,ISIC_6984049,ISIC_2175811
IL_3893799,SCCKA,ISIC_5343449,ISIC_2093474
IL_3895392,SCCKA,ISIC_9636152,ISIC_6467881
IL_3897948,BCC,ISIC_0103091,ISIC_2146381
IL_3899436,BCC,ISIC_4026962,ISIC_8793718
IL_3899977,BKL,ISIC_9666922,ISIC_8839205
IL_3901946,DF,ISIC_4466417,ISIC_4959784
IL_3906452,MEL,ISIC_6824445,ISIC_0553265
IL_3907466,BCC,ISIC_2001011,ISIC_2205154
IL_3908552,BCC,ISIC_8070587,ISIC_7394783
IL_3910210,NV,ISIC_5238772,ISIC_5981777
IL_3914396,BCC,ISIC_9173896,ISIC_8068926
IL_3916438,NV,ISIC_1345175,ISIC_8723719
IL_3919255,NV,ISIC_5043700,ISIC_7735107
IL_3925497,MEL,ISIC_6820101,ISIC_5745126
IL_3930642,BCC,ISIC_1932860,ISIC_8938866
IL_3931647,BKL,ISIC_3485522,ISIC_2022315
IL_3935951,NV,ISIC_6175375,ISIC_1544622
IL_3936044,AKIEC,ISIC_6376654,ISIC_3217799
IL_3938261,BCC,ISIC_2846120,ISIC_4157522
IL_3939188,AKIEC,ISIC_1255346,ISIC_5084963
IL_3944714,BCC,ISIC_5372698,ISIC_2744993
IL_3944877,BKL,ISIC_5345557,ISIC_6252730
IL_3945386,BCC,ISIC_7964186,ISIC_0722347
IL_3948113,NV,ISIC_8458699,ISIC_1909868
IL_3949779,BCC,ISIC_7553451,ISIC_5569473
IL_3952993,BCC,ISIC_9989178,ISIC_1335894
IL_3954142,INF,ISIC_5192807,ISIC_7436139
IL_3954286,BCC,ISIC_5513734,ISIC_5698613
IL_3955700,BKL,ISIC_0510199,ISIC_5460617
IL_3956488,BKL,ISIC_9899180,ISIC_4869964
IL_3961621,BCC,ISIC_0198032,ISIC_4562629
IL_3966322,DF,ISIC_2948051,ISIC_6070426
IL_3968008,BCC,ISIC_9297122,ISIC_0972110
IL_3968220,NV,ISIC_2239440,ISIC_1362408
IL_3973375,BKL,ISIC_4775625,ISIC_8976859
IL_3974873,BCC,ISIC_3447732,ISIC_6765536
IL_3976395,BCC,ISIC_8495209,ISIC_2231864
IL_3980813,BCC,ISIC_4439657,ISIC_2521142
IL_3982236,BKL,ISIC_8133362,ISIC_4113553
IL_3982685,NV,ISIC_3694700,ISIC_8662604
IL_3984106,BCC,ISIC_6563482,ISIC_0829180
IL_3984556,BCC,ISIC_1123171,ISIC_6899811
IL_3985289,BCC,ISIC_8746569,ISIC_0495769
IL_3986859,BCC,ISIC_8933142,ISIC_4489369
IL_3987209,SCCKA,ISIC_9177006,ISIC_7312960
IL_3990858,BKL,ISIC_8649825,ISIC_9474028
IL_3991500,NV,ISIC_4524898,ISIC_4785619
IL_3995124,NV,ISIC_8768360,ISIC_0718332
IL_3995559,MEL,ISIC_0167746,ISIC_4141251
IL_3996209,BCC,ISIC_4129256,ISIC_0467500
IL_3999656,BKL,ISIC_0824121,ISIC_1323177
IL_4000063,BCC,ISIC_4486982,ISIC_5903044
IL_4003805,BCC,ISIC_1191914,ISIC_8973952
IL_4005542,BCC,ISIC_0614880,ISIC_6227786
IL_4008032,BCC,ISIC_8845800,ISIC_7460585
IL_4010567,BCC,ISIC_7652703,ISIC_5777416
IL_4011591,BCC,ISIC_9590640,ISIC_5685120
IL_4013404,NV,ISIC_7572651,ISIC_0908255
IL_4015357,BCC,ISIC_1058813,ISIC_5962154
IL_4019349,BCC,ISIC_4009830,ISIC_8285845
IL_4020626,BKL,ISIC_2188650,ISIC_8056101
IL_4022270,BCC,ISIC_1904822,ISIC_5627117
IL_4028485,MEL,ISIC_3044377,ISIC_1994166
IL_4028945,AKIEC,ISIC_4919326,ISIC_8805390
IL_4032285,BCC,ISIC_4943764,ISIC_3202131
IL_4033991,BKL,ISIC_5030992,ISIC_8698547
IL_4034237,BCC,ISIC_6131855,ISIC_0387211
IL_4034865,BCC,ISIC_8350480,ISIC_3477335
IL_4041847,MEL,ISIC_5186161,ISIC_1529132
IL_4042622,BCC,ISIC_8374389,ISIC_4265106
IL_4049256,BCC,ISIC_4412263,ISIC_2470660
IL_4050441,BCC,ISIC_3729094,ISIC_7087826
IL_4051895,MEL,ISIC_0746280,ISIC_6400148
IL_4052441,NV,ISIC_6405109,ISIC_8098167
IL_4052730,NV,ISIC_3334868,ISIC_8897741
IL_4055680,BCC,ISIC_2621700,ISIC_7562678
IL_4061153,BCC,ISIC_2322021,ISIC_6338368
IL_4061949,NV,ISIC_2794417,ISIC_6887594
IL_4064310,BCC,ISIC_5984979,ISIC_4381433
IL_4064393,NV,ISIC_5149156,ISIC_5801703
IL_4064618,MEL,ISIC_0346032,ISIC_8350851
IL_4066034,BCC,ISIC_6746536,ISIC_7986295
IL_4067349,BCC,ISIC_4181298,ISIC_6089148
IL_4068514,BCC,ISIC_1741885,ISIC_5360213
IL_4072310,NV,ISIC_6992532,ISIC_2804242
IL_4073740,MEL,ISIC_9818689,ISIC_6234798
IL_4075646,BCC,ISIC_0801041,ISIC_0268984
IL_4079886,SCCKA,ISIC_8268102,ISIC_9944257
IL_4083881,AKIEC,ISIC_5177404,ISIC_0601665
IL_4084018,BCC,ISIC_1441135,ISIC_8577597
IL_4088084,SCCKA,ISIC_7056997,ISIC_7946501
IL_4088616,BCC,ISIC_2044054,ISIC_1241916
IL_4093493,AKIEC,ISIC_3466390,ISIC_5748062
IL_4094223,BCC,ISIC_0187127,ISIC_4275458
IL_4095279,BCC,ISIC_5689234,ISIC_7527742
IL_4096738,SCCKA,ISIC_2446922,ISIC_6874373
IL_4099426,BCC,ISIC_6703068,ISIC_0097302
IL_4100089,NV,ISIC_9551475,ISIC_2621421
IL_4103128,BCC,ISIC_6687699,ISIC_4224743
IL_4104039,SCCKA,ISIC_1000386,ISIC_0738371
IL_4106945,NV,ISIC_8381434,ISIC_3734095
IL_4107565,BCC,ISIC_8644033,ISIC_1701968
IL_4108143,NV,ISIC_3613098,ISIC_5315833
IL_4109255,SCCKA,ISIC_2368224,ISIC_5209351
IL_4115404,AKIEC,ISIC_3818502,ISIC_0078190
IL_4116292,NV,ISIC_4294236,ISIC_8345526
IL_4122724,BCC,ISIC_0393927,ISIC_7541402
IL_4123354,SCCKA,ISIC_0975720,ISIC_5148533
IL_4124169,NV,ISIC_0879335,ISIC_9900723
IL_4124357,BCC,ISIC_8160849,ISIC_2328093
IL_4125524,BCC,ISIC_4119708,ISIC_8942026
IL_4125951,BCC,ISIC_6926304,ISIC_7414517
IL_4126361,BCC,ISIC_2163581,ISIC_8922165
IL_4126590,BCC,ISIC_5906534,ISIC_5874846
IL_4128851,BKL,ISIC_8016561,ISIC_6475371
IL_4129190,BEN_OTH,ISIC_7808009,ISIC_1435896
IL_4130663,BCC,ISIC_4257621,ISIC_3836165
IL_4130866,BCC,ISIC_9239028,ISIC_9247586
IL_4131392,NV,ISIC_2944503,ISIC_8701104
IL_4131628,BCC,ISIC_3617005,ISIC_4954192
IL_4132479,NV,ISIC_9151156,ISIC_4428176
IL_4132996,MEL,ISIC_1738259,ISIC_3950514
IL_4133123,DF,ISIC_8024502,ISIC_0479656
IL_4135081,BCC,ISIC_6047038,ISIC_5430362
IL_4137661,SCCKA,ISIC_5962509,ISIC_3760355
IL_4143082,SCCKA,ISIC_5756622,ISIC_9661422
IL_4147641,SCCKA,ISIC_0485633,ISIC_4066771
IL_4149051,BCC,ISIC_1063241,ISIC_3088033
IL_4149109,BCC,ISIC_1395572,ISIC_3754933
IL_4149493,BCC,ISIC_3361791,ISIC_8943375
IL_4150500,BCC,ISIC_0225656,ISIC_0852575
IL_4153539,BCC,ISIC_0231625,ISIC_8846554
IL_4155975,BCC,ISIC_4771926,ISIC_1718501
IL_4156451,BCC,ISIC_5233869,ISIC_9227362
IL_4157363,AKIEC,ISIC_9176060,ISIC_3531459
IL_4160541,BCC,ISIC_5294669,ISIC_5930303
IL_4163888,BCC,ISIC_5709229,ISIC_5049585
IL_4164624,BCC,ISIC_5626843,ISIC_1156729
IL_4174336,AKIEC,ISIC_6827856,ISIC_1062335
IL_4175034,BKL,ISIC_0994154,ISIC_9501706
IL_4175497,INF,ISIC_5006126,ISIC_7803268
IL_4176966,BCC,ISIC_5542359,ISIC_2996665
IL_4177126,BKL,ISIC_5432141,ISIC_7737513
IL_4177354,BCC,ISIC_4689083,ISIC_1370640
IL_4179899,MEL,ISIC_9430710,ISIC_6428132
IL_4180169,BKL,ISIC_2015391,ISIC_6601126
IL_4180707,BCC,ISIC_8171211,ISIC_9403836
IL_4182529,BCC,ISIC_6752467,ISIC_1350578
IL_4182548,BKL,ISIC_7605177,ISIC_5280874
IL_4185194,MEL,ISIC_9596244,ISIC_2496140
IL_4185441,BCC,ISIC_4123254,ISIC_6467453
IL_4186623,AKIEC,ISIC_1589705,ISIC_1775540
IL_4186726,NV,ISIC_1476780,ISIC_3727735
IL_4186953,SCCKA,ISIC_9301982,ISIC_1465068
IL_4188654,BCC,ISIC_1895300,ISIC_4034626
IL_4190989,NV,ISIC_8748525,ISIC_6714325
IL_4194346,BCC,ISIC_2057570,ISIC_9886748
IL_4196586,BCC,ISIC_3190111,ISIC_2467349
IL_4203515,BKL,ISIC_5097119,ISIC_2668675
IL_4203522,BCC,ISIC_3290113,ISIC_4649816
IL_4206745,SCCKA,ISIC_9873782,ISIC_6863904
IL_4209948,SCCKA,ISIC_4932799,ISIC_4738070
IL_4212984,BCC,ISIC_9524858,ISIC_3349058
IL_4213218,BCC,ISIC_4526994,ISIC_3913255
IL_4217663,NV,ISIC_5892391,ISIC_6335386
IL_4220854,NV,ISIC_2668215,ISIC_0571049
IL_4225640,BCC,ISIC_8195300,ISIC_7486855
IL_4233206,BKL,ISIC_4840771,ISIC_7805735
IL_4240733,BCC,ISIC_5291256,ISIC_2561690
IL_4241056,NV,ISIC_7493930,ISIC_8517056
IL_4242651,BCC,ISIC_7872925,ISIC_1110722
IL_4245376,BCC,ISIC_2968300,ISIC_5311382
IL_4246479,BKL,ISIC_0858765,ISIC_0461566
IL_4250777,BCC,ISIC_2705888,ISIC_0155053
IL_4255288,NV,ISIC_2338396,ISIC_7817884
IL_4258234,AKIEC,ISIC_1997944,ISIC_2372269
IL_4258964,BEN_OTH,ISIC_1552944,ISIC_0368345
IL_4259572,BCC,ISIC_3305736,ISIC_9597858
IL_4260249,BCC,ISIC_2455816,ISIC_5243282
IL_4262714,BCC,ISIC_0783971,ISIC_8584528
IL_4262969,SCCKA,ISIC_6674353,ISIC_1260636
IL_4263582,BCC,ISIC_3148432,ISIC_9861310
IL_4268143,NV,ISIC_6844081,ISIC_4886295
IL_4269684,SCCKA,ISIC_1791571,ISIC_1408694
IL_4270354,BCC,ISIC_9383853,ISIC_5873094
IL_4279483,BCC,ISIC_9056629,ISIC_6271290
IL_4282136,BKL,ISIC_7267324,ISIC_6440668
IL_4282772,MEL,ISIC_6023488,ISIC_9227283
IL_4284690,BCC,ISIC_6523987,ISIC_2193524
IL_4287532,BKL,ISIC_8448143,ISIC_1111291
IL_4287867,AKIEC,ISIC_7765407,ISIC_7726794
IL_4290586,AKIEC,ISIC_6782350,ISIC_1266614
IL_4294733,BCC,ISIC_6181707,ISIC_4957526
IL_4298080,MEL,ISIC_8833451,ISIC_9579576
IL_4299606,BCC,ISIC_5885112,ISIC_6558065
IL_4305250,BCC,ISIC_3336579,ISIC_4983165
IL_4305709,NV,ISIC_6935765,ISIC_2106983
IL_4308535,AKIEC,ISIC_3542359,ISIC_8138627
IL_4310742,SCCKA,ISIC_2246301,ISIC_0821297
IL_4310932,MEL,ISIC_1431170,ISIC_0962054
IL_4312042,NV,ISIC_2359396,ISIC_0390452
IL_4312486,SCCKA,ISIC_2704901,ISIC_0118795
IL_4313247,SCCKA,ISIC_9480680,ISIC_3141018
IL_4314466,BCC,ISIC_9478252,ISIC_4230181
IL_4314497,BCC,ISIC_0871438,ISIC_5723091
IL_4315407,BKL,ISIC_5836006,ISIC_4728787
IL_4316147,BCC,ISIC_1521786,ISIC_2308599
IL_4316230,SCCKA,ISIC_0097629,ISIC_6289650
IL_4316869,BCC,ISIC_8758280,ISIC_2657415
IL_4316871,BCC,ISIC_9487621,ISIC_2465599
IL_4318983,BCC,ISIC_3564428,ISIC_6176939
IL_4319503,BKL,ISIC_8151340,ISIC_9614509
IL_4320336,NV,ISIC_2873569,ISIC_0512725
IL_4322313,BCC,ISIC_5134271,ISIC_6045854
IL_4323470,BCC,ISIC_7115858,ISIC_4060384
IL_4323973,BCC,ISIC_2359312,ISIC_5743197
IL_4325075,BKL,ISIC_2307999,ISIC_6527571
IL_4326191,BCC,ISIC_9702862,ISIC_7752807
IL_4327205,BCC,ISIC_4140786,ISIC_9159246
IL_4332595,BCC,ISIC_7567880,ISIC_4252694
IL_4334005,BCC,ISIC_2633246,ISIC_2335025
IL_4336969,AKIEC,ISIC_4902119,ISIC_7218635
IL_4337427,BKL,ISIC_9767663,ISIC_1195811
IL_4339655,BCC,ISIC_9792479,ISIC_1759311
IL_4340050,MEL,ISIC_6588483,ISIC_0408436
IL_4340188,BCC,ISIC_0938409,ISIC_2625621
IL_4343472,BCC,ISIC_1508418,ISIC_1414380
IL_4344178,NV,ISIC_5862938,ISIC_3594638
IL_4347033,NV,ISIC_8117883,ISIC_7230569
IL_4351446,BCC,ISIC_2315875,ISIC_3023437
IL_4352932,BCC,ISIC_3105418,ISIC_5706380
IL_4354800,NV,ISIC_8231201,ISIC_2100652
IL_4354918,BCC,ISIC_5343716,ISIC_6287649
IL_4355222,BCC,ISIC_8650757,ISIC_0844469
IL_4355798,BCC,ISIC_7435897,ISIC_1866476
IL_4358287,BCC,ISIC_1973292,ISIC_1318325
IL_4359094,BCC,ISIC_4365319,ISIC_3201692
IL_4363780,BKL,ISIC_7695782,ISIC_3763896
IL_4365113,BCC,ISIC_2774941,ISIC_0620394
IL_4368392,BCC,ISIC_1237574,ISIC_6717455
IL_4371981,BCC,ISIC_1291218,ISIC_9519917
IL_4373578,BCC,ISIC_4256565,ISIC_6500642
IL_4375054,SCCKA,ISIC_1615543,ISIC_4965110
IL_4375831,VASC,ISIC_4908497,ISIC_4617290
IL_4376173,NV,ISIC_1844080,ISIC_9543805
IL_4376551,NV,ISIC_2768681,ISIC_5188621
IL_4377076,SCCKA,ISIC_0991989,ISIC_0955754
IL_4381909,AKIEC,ISIC_5206219,ISIC_6603709
IL_4381974,BCC,ISIC_0310082,ISIC_4571498
IL_4383130,BCC,ISIC_1926542,ISIC_4757447
IL_4384125,BCC,ISIC_1352448,ISIC_3735182
IL_4391633,BKL,ISIC_4382908,ISIC_8800271
IL_4392896,BKL,ISIC_3397320,ISIC_1806435
IL_4396265,BCC,ISIC_7830070,ISIC_0497849
IL_4396586,NV,ISIC_5947102,ISIC_8509634
IL_4400471,MEL,ISIC_0561480,ISIC_3455310
IL_4402177,BCC,ISIC_7974788,ISIC_2651140
IL_4402414,BCC,ISIC_2689375,ISIC_6409368
IL_4402692,AKIEC,ISIC_8771153,ISIC_6819573
IL_4403121,BCC,ISIC_0361366,ISIC_5765413
IL_4404919,MEL,ISIC_5418047,ISIC_6480143
IL_4405494,NV,ISIC_2835261,ISIC_9267796
IL_4406206,BCC,ISIC_3634737,ISIC_5405039
IL_4407771,BCC,ISIC_0991005,ISIC_5304804
IL_4410437,BCC,ISIC_2855847,ISIC_8361691
IL_4414244,BCC,ISIC_7903629,ISIC_9180642
IL_4415263,BCC,ISIC_0353171,ISIC_4518133
IL_4416537,BCC,ISIC_4260452,ISIC_6612848
IL_4419075,BCC,ISIC_4797048,ISIC_1800713
IL_4419234,MEL,ISIC_8899493,ISIC_0934708
IL_4419793,AKIEC,ISIC_9326688,ISIC_4686711
IL_4420927,NV,ISIC_9076466,ISIC_9668892
IL_4421152,NV,ISIC_4448691,ISIC_9867644
IL_4421569,BCC,ISIC_1447471,ISIC_2449691
IL_4425238,AKIEC,ISIC_3181599,ISIC_9000883
IL_4429856,SCCKA,ISIC_2475721,ISIC_3788301
IL_4429998,BCC,ISIC_5643199,ISIC_8857322
IL_4430072,BKL,ISIC_7077927,ISIC_4896910
IL_4432216,MEL,ISIC_7835311,ISIC_6910330
IL_4436720,SCCKA,ISIC_5776632,ISIC_1366649
IL_4438547,NV,ISIC_4316755,ISIC_0282454
IL_4439948,BKL,ISIC_7177310,ISIC_8038352
IL_4441358,BCC,ISIC_5452534,ISIC_5026774
IL_4444660,MEL,ISIC_2194194,ISIC_3578286
IL_4446181,MEL,ISIC_1261497,ISIC_7390977
IL_4446473,AKIEC,ISIC_7911067,ISIC_6354001
IL_4448697,BCC,ISIC_0332299,ISIC_7490723
IL_4452880,BCC,ISIC_4254662,ISIC_9323438
IL_4453388,BCC,ISIC_0354697,ISIC_7154038
IL_4453479,SCCKA,ISIC_5021319,ISIC_3211877
IL_4454107,BCC,ISIC_0398501,ISIC_4119665
IL_4455323,AKIEC,ISIC_1157692,ISIC_3625335
IL_4456737,NV,ISIC_8408499,ISIC_0508714
IL_4457515,BCC,ISIC_8232296,ISIC_9945604
IL_4459235,AKIEC,ISIC_9581881,ISIC_4943472
IL_4459414,BCC,ISIC_5898651,ISIC_2353638
IL_4459990,BKL,ISIC_7801225,ISIC_7379221
IL_4460896,BCC,ISIC_6317276,ISIC_8455179
IL_4463388,BCC,ISIC_1504106,ISIC_1482437
IL_4465213,BCC,ISIC_9026654,ISIC_0461233
IL_4466294,NV,ISIC_8860890,ISIC_6588275
IL_4470686,NV,ISIC_7817656,ISIC_2090929
IL_4472583,SCCKA,ISIC_7150018,ISIC_3422780
IL_4476860,NV,ISIC_6294381,ISIC_5517161
IL_4478741,BCC,ISIC_0777357,ISIC_1780213
IL_4484576,BCC,ISIC_9592403,ISIC_2842565
IL_4486702,BKL,ISIC_4065991,ISIC_4491028
IL_4491344,SCCKA,ISIC_4848886,ISIC_2995621
IL_4491855,BCC,ISIC_9614715,ISIC_8177696
IL_4494242,SCCKA,ISIC_1171759,ISIC_9400150
IL_4498199,MEL,ISIC_6428825,ISIC_9174580
IL_4499272,NV,ISIC_9909368,ISIC_6280109
IL_4500103,BKL,ISIC_9801308,ISIC_8541956
IL_4500460,BCC,ISIC_4933959,ISIC_8914963
IL_4504352,BCC,ISIC_1951029,ISIC_2020975
IL_4504514,BCC,ISIC_5325202,ISIC_9232517
IL_4505417,SCCKA,ISIC_8542319,ISIC_3751292
IL_4507601,BCC,ISIC_7965278,ISIC_9703510
IL_4508203,AKIEC,ISIC_2180502,ISIC_4191930
IL_4511689,BCC,ISIC_2988309,ISIC_5138441
IL_4512355,MEL,ISIC_0558331,ISIC_7638974
IL_4514028,NV,ISIC_8670753,ISIC_0489440
IL_4514039,NV,ISIC_5010015,ISIC_6119517
IL_4516154,AKIEC,ISIC_4796243,ISIC_6626242
IL_4517791,MEL,ISIC_5037826,ISIC_2573194
IL_4519141,NV,ISIC_3539669,ISIC_5129541
IL_4522594,MEL,ISIC_9039736,ISIC_3698441
IL_4524955,BCC,ISIC_6106457,ISIC_4598786
IL_4528445,MEL,ISIC_3427742,ISIC_1748084
IL_4530346,BCC,ISIC_8042946,ISIC_4225552
IL_4534597,BCC,ISIC_0982924,ISIC_8236388
IL_4537840,SCCKA,ISIC_5947091,ISIC_2378919
IL_4538075,AKIEC,ISIC_3769575,ISIC_0311394
IL_4541934,NV,ISIC_6240958,ISIC_5645559
IL_4545799,MEL,ISIC_4406265,ISIC_4937672
IL_4547329,NV,ISIC_4993836,ISIC_8405549
IL_4547617,MEL,ISIC_4198936,ISIC_6638137
IL_4551923,NV,ISIC_4317864,ISIC_5953692
IL_4551959,NV,ISIC_4669543,ISIC_6435029
IL_4557946,BCC,ISIC_7043547,ISIC_6719081
IL_4561520,NV,ISIC_3091817,ISIC_0342710
IL_4563255,NV,ISIC_4799523,ISIC_7812529
IL_4563782,NV,ISIC_8337677,ISIC_2340945
IL_4563820,INF,ISIC_8484419,ISIC_4091460
IL_4564501,NV,ISIC_2639604,ISIC_3825515
IL_4566979,INF,ISIC_2876063,ISIC_1279315
IL_4567076,BCC,ISIC_3188102,ISIC_1042270
IL_4571173,MEL,ISIC_7653495,ISIC_6904950
IL_4571566,BCC,ISIC_3797221,ISIC_3826101
IL_4571901,BCC,ISIC_8897421,ISIC_2011159
IL_4575462,BKL,ISIC_4478313,ISIC_2384953
IL_4576519,BKL,ISIC_3189171,ISIC_0857448
IL_4577281,BKL,ISIC_7616136,ISIC_1549163
IL_4580726,BCC,ISIC_6931788,ISIC_1947192
IL_4581258,SCCKA,ISIC_2952786,ISIC_5666984
IL_4581879,BKL,ISIC_4071197,ISIC_3173642
IL_4582697,NV,ISIC_5706764,ISIC_8693307
IL_4585306,BCC,ISIC_4768009,ISIC_1658566
IL_4588055,NV,ISIC_3162480,ISIC_9581647
IL_4591164,BCC,ISIC_2999384,ISIC_3727371
IL_4591781,BCC,ISIC_9776077,ISIC_6042297
IL_4597676,BCC,ISIC_7727693,ISIC_1807060
IL_4600654,BCC,ISIC_5585397,ISIC_3729865
IL_4601924,SCCKA,ISIC_4471156,ISIC_3631653
IL_4609095,SCCKA,ISIC_0326524,ISIC_3666002
IL_4609448,BCC,ISIC_5785962,ISIC_1675475
IL_4610207,BCC,ISIC_0993424,ISIC_9674469
IL_4610618,MEL,ISIC_0720304,ISIC_8469156
IL_4613455,NV,ISIC_9156050,ISIC_2410902
IL_4614364,SCCKA,ISIC_9256840,ISIC_7382992
IL_4615108,BCC,ISIC_4071946,ISIC_6952094
IL_4615374,SCCKA,ISIC_2512661,ISIC_8746170
IL_4618514,NV,ISIC_3059704,ISIC_2812513
IL_4621496,BCC,ISIC_9043374,ISIC_1219190
IL_4624720,AKIEC,ISIC_0807573,ISIC_3354653
IL_4628159,BCC,ISIC_3310439,ISIC_9881436
IL_4628367,BCC,ISIC_8216271,ISIC_7451958
IL_4629787,BCC,ISIC_9918967,ISIC_5501634
IL_4630533,AKIEC,ISIC_2277053,ISIC_5156395
IL_4635992,NV,ISIC_0078197,ISIC_7982443
IL_4638658,BCC,ISIC_5140960,ISIC_1029279
IL_4639886,SCCKA,ISIC_2561308,ISIC_3302174
IL_4639919,SCCKA,ISIC_0248336,ISIC_8021491
IL_4641417,BCC,ISIC_4254313,ISIC_2897284
IL_4641431,BCC,ISIC_8550132,ISIC_4794413
IL_4642030,SCCKA,ISIC_1058069,ISIC_4141476
IL_4642532,BCC,ISIC_7512177,ISIC_8695042
IL_4644252,NV,ISIC_7140233,ISIC_3033732
IL_4645849,BKL,ISIC_6533290,ISIC_0265421
IL_4647036,BCC,ISIC_0953324,ISIC_9738040
IL_4647255,BCC,ISIC_4075407,ISIC_4984773
IL_4652077,BCC,ISIC_1089656,ISIC_0103392
IL_4652150,SCCKA,ISIC_0633557,ISIC_0350483
IL_4653785,MEL,ISIC_0628658,ISIC_3931577
IL_4656673,BCC,ISIC_9026907,ISIC_1840506
IL_4658276,SCCKA,ISIC_7135182,ISIC_5498094
IL_4663094,NV,ISIC_9560662,ISIC_0613695
IL_4667770,AKIEC,ISIC_9648502,ISIC_4308587
IL_4668896,BCC,ISIC_1994938,ISIC_6895079
IL_4674217,BCC,ISIC_2184629,ISIC_2973033
IL_4676732,BKL,ISIC_8446097,ISIC_3661670
IL_4677643,BCC,ISIC_1853511,ISIC_0758142
IL_4681416,BKL,ISIC_9225022,ISIC_6842250
IL_4682243,BCC,ISIC_3935952,ISIC_6418734
IL_4682786,BCC,ISIC_1316256,ISIC_2464952
IL_4686156,VASC,ISIC_1327102,ISIC_3014842
IL_4686561,BCC,ISIC_7493882,ISIC_7226778
IL_4686563,BKL,ISIC_2868801,ISIC_0089407
IL_4687032,BCC,ISIC_2772004,ISIC_1460320
IL_4688122,BCC,ISIC_6358122,ISIC_2700220
IL_4689062,NV,ISIC_6298290,ISIC_8662550
IL_4689658,BKL,ISIC_9392128,ISIC_1070964
IL_4692190,BCC,ISIC_5896495,ISIC_0796805
IL_4692859,BCC,ISIC_1602215,ISIC_3722799
IL_4693876,NV,ISIC_3003493,ISIC_9392626
IL_4696609,NV,ISIC_0216815,ISIC_7146069
IL_4700992,AKIEC,ISIC_8099059,ISIC_9905593
IL_4701281,NV,ISIC_9547421,ISIC_2989365
IL_4702219,MEL,ISIC_9489971,ISIC_9820266
IL_4703857,BCC,ISIC_7647531,ISIC_6098668
IL_4705970,BCC,ISIC_7484955,ISIC_7546221
IL_4706482,SCCKA,ISIC_4871002,ISIC_8435693
IL_4706609,BCC,ISIC_0548842,ISIC_5042253
IL_4708649,BCC,ISIC_5936623,ISIC_2337700
IL_4708897,BCC,ISIC_0973204,ISIC_3791559
IL_4711220,BCC,ISIC_8929392,ISIC_0424213
IL_4713878,BCC,ISIC_0836114,ISIC_5835110
IL_4713984,BCC,ISIC_5087561,ISIC_2475811
IL_4715886,BCC,ISIC_3251194,ISIC_6818303
IL_4720043,MEL,ISIC_7403025,ISIC_4552372
IL_4721897,BKL,ISIC_7560146,ISIC_5276989
IL_4726113,BCC,ISIC_2915213,ISIC_0865713
IL_4729044,BCC,ISIC_1194209,ISIC_7541188
IL_4730511,SCCKA,ISIC_3595631,ISIC_3591898
IL_4732001,BCC,ISIC_8355956,ISIC_0838227
IL_4732392,NV,ISIC_2992927,ISIC_6788333
IL_4734157,NV,ISIC_4942291,ISIC_8405809
IL_4737161,NV,ISIC_4389317,ISIC_7138580
IL_4739106,NV,ISIC_0627667,ISIC_7018101
IL_4740973,BCC,ISIC_6517752,ISIC_4329801
IL_4742005,NV,ISIC_4239743,ISIC_9683086
IL_4742371,AKIEC,ISIC_1301817,ISIC_1139673
IL_4744956,BCC,ISIC_0093135,ISIC_2741156
IL_4745332,BKL,ISIC_1807046,ISIC_7367155
IL_4747873,BCC,ISIC_1874006,ISIC_9314416
IL_4748724,NV,ISIC_8131794,ISIC_1302258
IL_4749815,BCC,ISIC_5387790,ISIC_2484661
IL_4752808,NV,ISIC_2592427,ISIC_3853000
IL_4755561,NV,ISIC_9091739,ISIC_4174672
IL_4756008,NV,ISIC_0370740,ISIC_2686432
IL_4756985,BCC,ISIC_4315588,ISIC_3705158
IL_4757654,BCC,ISIC_7300115,ISIC_7144571
IL_4765483,BCC,ISIC_4950049,ISIC_8332020
IL_4768081,SCCKA,ISIC_1084026,ISIC_3836510
IL_4768101,MEL,ISIC_0192391,ISIC_6164551
IL_4769652,MEL,ISIC_0931746,ISIC_7718206
IL_4777060,BCC,ISIC_0744283,ISIC_0370218
IL_4777292,BCC,ISIC_8558990,ISIC_4454419
IL_4779406,BCC,ISIC_7980095,ISIC_6104937
IL_4781564,BCC,ISIC_6123621,ISIC_6884836
IL_4781957,BKL,ISIC_2064223,ISIC_0591696
IL_4782455,BCC,ISIC_3916461,ISIC_9521421
IL_4783389,NV,ISIC_6967166,ISIC_2591258
IL_4785654,SCCKA,ISIC_6744907,ISIC_5614068
IL_4790851,AKIEC,ISIC_0346075,ISIC_1446565
IL_4790856,BCC,ISIC_4470087,ISIC_3384621
IL_4791300,MEL,ISIC_7100195,ISIC_5763228
IL_4793144,BCC,ISIC_1961823,ISIC_1307470
IL_4794803,BCC,ISIC_5632079,ISIC_2754845
IL_4794810,VASC,ISIC_4438089,ISIC_6930203
IL_4796364,NV,ISIC_7790823,ISIC_0310855
IL_4797529,MEL,ISIC_9078796,ISIC_7657322
IL_4799699,BCC,ISIC_6517004,ISIC_7283528
IL_4805155,NV,ISIC_2055021,ISIC_9451867
IL_4807547,NV,ISIC_6580142,ISIC_8331574
IL_4811840,NV,ISIC_1476980,ISIC_9922993
IL_4820678,BCC,ISIC_5248965,ISIC_8776793
IL_4826188,BCC,ISIC_2508689,ISIC_2725046
IL_4826540,MEL,ISIC_8816308,ISIC_3320667
IL_4829953,MEL,ISIC_5030554,ISIC_5350988
IL_4831805,AKIEC,ISIC_1113064,ISIC_8633121
IL_4831820,BCC,ISIC_9285071,ISIC_2590498
IL_4836988,BKL,ISIC_1909122,ISIC_2735511
IL_4840616,BCC,ISIC_8989132,ISIC_4683265
IL_4843671,BCC,ISIC_1186941,ISIC_5178949
IL_4845726,NV,ISIC_8108965,ISIC_3999304
IL_4846711,BCC,ISIC_4893353,ISIC_8421484
IL_4850244,BKL,ISIC_3690079,ISIC_7454308
IL_4851899,BCC,ISIC_8910720,ISIC_2029702
IL_4855362,BCC,ISIC_2772998,ISIC_9648773
IL_4859136,BCC,ISIC_9207862,ISIC_7284546
IL_4860977,BCC,ISIC_0483066,ISIC_4270494
IL_4862804,BCC,ISIC_6872189,ISIC_7974196
IL_4864360,BKL,ISIC_8791911,ISIC_6327414
IL_4865091,SCCKA,ISIC_4716765,ISIC_8457494
IL_4865412,BCC,ISIC_3963646,ISIC_5714567
IL_4865476,BCC,ISIC_7253697,ISIC_3063587
IL_4866547,BCC,ISIC_4442537,ISIC_0535290
IL_4873661,BCC,ISIC_1985350,ISIC_1903516
IL_4876348,SCCKA,ISIC_8753280,ISIC_9452345
IL_4877466,SCCKA,ISIC_8114381,ISIC_5264230
IL_4877851,NV,ISIC_6669060,ISIC_7855982
IL_4878872,BCC,ISIC_5824457,ISIC_1081140
IL_4879844,MEL,ISIC_0489493,ISIC_5962932
IL_4879979,BCC,ISIC_9790523,ISIC_2230159
IL_4885447,SCCKA,ISIC_8572592,ISIC_3689711
IL_4885468,BKL,ISIC_8172800,ISIC_2284196
IL_4889652,SCCKA,ISIC_2822468,ISIC_5343551
IL_4891045,BCC,ISIC_0176893,ISIC_2153011
IL_4893133,AKIEC,ISIC_8431410,ISIC_2245518
IL_4896057,BCC,ISIC_4342189,ISIC_2378626
IL_4896653,BKL,ISIC_7196976,ISIC_8402813
IL_4900947,NV,ISIC_4661049,ISIC_9961570
IL_4902054,NV,ISIC_2708483,ISIC_9451191
IL_4906380,NV,ISIC_6657999,ISIC_0772345
IL_4907068,BCC,ISIC_1798918,ISIC_7744790
IL_4908746,NV,ISIC_5765489,ISIC_8532648
IL_4910941,BCC,ISIC_1066639,ISIC_3995849
IL_4912599,BKL,ISIC_6227794,ISIC_8546307
IL_4913494,BKL,ISIC_3355310,ISIC_5543919
IL_4915853,BKL,ISIC_9929712,ISIC_4231056
IL_4918167,INF,ISIC_6216289,ISIC_9630006
IL_4918224,BKL,ISIC_3639193,ISIC_9503013
IL_4918267,BCC,ISIC_8271657,ISIC_9944485
IL_4918829,BCC,ISIC_9532907,ISIC_2763588
IL_4921939,BCC,ISIC_0715312,ISIC_8184315
IL_4922531,MEL,ISIC_4318027,ISIC_8627581
IL_4923894,SCCKA,ISIC_2958443,ISIC_3567091
IL_4924328,BCC,ISIC_6138256,ISIC_8353499
IL_4924418,MEL,ISIC_1731382,ISIC_3070466
IL_4924937,BCC,ISIC_5378878,ISIC_4419306
IL_4926064,BCC,ISIC_6698584,ISIC_0860468
IL_4928087,MEL,ISIC_5874977,ISIC_5010590
IL_4929209,BKL,ISIC_8800634,ISIC_0698052
IL_4930300,AKIEC,ISIC_1897373,ISIC_5555712
IL_4932041,BKL,ISIC_2892335,ISIC_3015606
IL_4933639,NV,ISIC_9810739,ISIC_6125353
IL_4935391,BCC,ISIC_1895532,ISIC_0786326
IL_4935428,AKIEC,ISIC_5788932,ISIC_1666328
IL_4935595,NV,ISIC_2903716,ISIC_4171839
IL_4939300,MAL_OTH,ISIC_2451051,ISIC_5833579
IL_4941375,BCC,ISIC_5542664,ISIC_6451061
IL_4954108,NV,ISIC_2025477,ISIC_6691035
IL_4962584,NV,ISIC_3213706,ISIC_0499739
IL_4966664,BKL,ISIC_3508606,ISIC_8005759
IL_4966726,BCC,ISIC_8839444,ISIC_9728749
IL_4968096,BCC,ISIC_3545489,ISIC_3159699
IL_4970478,BCC,ISIC_9828047,ISIC_3917002
IL_4970888,BCC,ISIC_1867477,ISIC_7979271
IL_4974594,DF,ISIC_3672764,ISIC_9912332
IL_4975498,BKL,ISIC_0975299,ISIC_1365576
IL_4976689,SCCKA,ISIC_7605546,ISIC_0448586
IL_4978975,BCC,ISIC_0612181,ISIC_2646200
IL_4980476,MEL,ISIC_8937601,ISIC_9111814
IL_4980743,BCC,ISIC_8647252,ISIC_7395485
IL_4986261,AKIEC,ISIC_8611718,ISIC_5622324
IL_4987337,BCC,ISIC_9061787,ISIC_3703123
IL_4987655,MEL,ISIC_0499702,ISIC_3431348
IL_4988250,BCC,ISIC_3942749,ISIC_8191999
IL_4990180,BCC,ISIC_3159028,ISIC_7436712
IL_4991400,BCC,ISIC_6739511,ISIC_0899069
IL_4992123,BCC,ISIC_0763559,ISIC_6074237
IL_4996193,SCCKA,ISIC_7254042,ISIC_8750253
IL_4997932,BCC,ISIC_3418625,ISIC_4357637
IL_5002382,MEL,ISIC_4546539,ISIC_7037056
IL_5008733,BCC,ISIC_9581030,ISIC_6036586
IL_5009030,NV,ISIC_9738298,ISIC_9120905
IL_5010789,AKIEC,ISIC_5029533,ISIC_0496864
IL_5010876,AKIEC,ISIC_1900694,ISIC_7705117
IL_5011583,BCC,ISIC_4307964,ISIC_9354948
IL_5012035,MEL,ISIC_5296837,ISIC_6376325
IL_5014873,SCCKA,ISIC_5495313,ISIC_7081739
IL_5016629,MEL,ISIC_0649359,ISIC_2372341
IL_5017325,BCC,ISIC_8249583,ISIC_7425846
IL_5017346,INF,ISIC_7590490,ISIC_6044458
IL_5019289,BCC,ISIC_1111646,ISIC_1124077
IL_5022797,NV,ISIC_5459597,ISIC_1025100
IL_5023109,BCC,ISIC_2124339,ISIC_2084154
IL_5026579,SCCKA,ISIC_6328900,ISIC_1556154
IL_5033079,SCCKA,ISIC_8577913,ISIC_3494647
IL_5033340,NV,ISIC_8641274,ISIC_4787120
IL_5034134,BCC,ISIC_1859155,ISIC_0956399
IL_5037450,BCC,ISIC_7001987,ISIC_3129117
IL_5037876,BCC,ISIC_6027594,ISIC_8744116
IL_5040645,BCC,ISIC_9261011,ISIC_3183514
IL_5040782,BKL,ISIC_4282374,ISIC_2738904
IL_5042712,BCC,ISIC_3776721,ISIC_1135159
IL_5042864,NV,ISIC_6372573,ISIC_8699706
IL_5044233,VASC,ISIC_4065256,ISIC_7602538
IL_5045775,VASC,ISIC_0608821,ISIC_3356573
IL_5046857,BCC,ISIC_6318069,ISIC_4565131
IL_5052158,BCC,ISIC_0257297,ISIC_8285958
IL_5055807,BCC,ISIC_1090794,ISIC_7067948
IL_5058360,NV,ISIC_8120877,ISIC_9392092
IL_5060375,BCC,ISIC_0263908,ISIC_2202352
IL_5063173,MEL,ISIC_6535679,ISIC_6636694
IL_5064276,MEL,ISIC_3873129,ISIC_9895318
IL_5066256,BKL,ISIC_1306180,ISIC_4025658
IL_5066436,BKL,ISIC_1943368,ISIC_5602626
IL_5069726,BCC,ISIC_7518317,ISIC_8759215
IL_5071813,BKL,ISIC_1199576,ISIC_9400307
IL_5073574,BCC,ISIC_9923880,ISIC_5996604
IL_5074054,BKL,ISIC_3115412,ISIC_4722294
IL_5076594,BCC,ISIC_5323349,ISIC_3818412
IL_5076804,BCC,ISIC_3790590,ISIC_0317094
IL_5076960,BCC,ISIC_0281083,ISIC_9161483
IL_5076963,BCC,ISIC_5783163,ISIC_2307453
IL_5078646,SCCKA,ISIC_3045344,ISIC_8231437
IL_5078787,BCC,ISIC_1382049,ISIC_3766990
IL_5083460,SCCKA,ISIC_8243063,ISIC_5761793
IL_5084556,SCCKA,ISIC_7555202,ISIC_8129640
IL_5087037,AKIEC,ISIC_2176321,ISIC_8204527
IL_5091449,NV,ISIC_0534510,ISIC_1510512
IL_5091814,BCC,ISIC_1533060,ISIC_7319361
IL_5092028,AKIEC,ISIC_9384262,ISIC_1999829
IL_5099226,NV,ISIC_5149579,ISIC_7206588
IL_5100758,MEL,ISIC_8740405,ISIC_7501779
IL_5101024,MEL,ISIC_9639952,ISIC_6877985
IL_5104216,INF,ISIC_6347449,ISIC_2675122
IL_5108044,BCC,ISIC_8476500,ISIC_6357740
IL_5108772,AKIEC,ISIC_8847230,ISIC_9422230
IL_5109788,BKL,ISIC_9955193,ISIC_1275089
IL_5110941,BCC,ISIC_7302567,ISIC_8731964
IL_5111144,BCC,ISIC_0270502,ISIC_9909273
IL_5111323,MEL,ISIC_5416645,ISIC_7402642
IL_5111360,BCC,ISIC_1971219,ISIC_5597278
IL_5112545,BCC,ISIC_2670452,ISIC_5837451
IL_5113202,BCC,ISIC_1471558,ISIC_6787367
IL_5114359,SCCKA,ISIC_7484441,ISIC_2097701
IL_5114934,AKIEC,ISIC_5341557,ISIC_2086625
IL_5118297,BCC,ISIC_7919849,ISIC_1325383
IL_5118917,BCC,ISIC_2293465,ISIC_9584529
IL_5120662,BCC,ISIC_4803473,ISIC_2068038
IL_5122434,BCC,ISIC_2696043,ISIC_7363608
IL_5124334,BCC,ISIC_7467578,ISIC_1603737
IL_5129613,BCC,ISIC_6968526,ISIC_3712412
IL_5131456,BCC,ISIC_0758332,ISIC_6950225
IL_5133299,MEL,ISIC_4083123,ISIC_4277953
IL_5136335,INF,ISIC_5187564,ISIC_6137075
IL_5137541,BCC,ISIC_9294596,ISIC_4444763
IL_5140022,BCC,ISIC_5013715,ISIC_0823112
IL_5147950,BCC,ISIC_4438000,ISIC_9973864
IL_5149230,BCC,ISIC_4443257,ISIC_8255125
IL_5152283,BCC,ISIC_6792624,ISIC_4639628
IL_5153554,BCC,ISIC_0373667,ISIC_2024217
IL_5154479,BCC,ISIC_7142949,ISIC_3926968
IL_5154622,NV,ISIC_2794614,ISIC_7078711
IL_5154725,BCC,ISIC_3564212,ISIC_2366596
IL_5156328,BCC,ISIC_2671519,ISIC_1309001
IL_5157227,MEL,ISIC_7958109,ISIC_9792283
IL_5157883,NV,ISIC_5721420,ISIC_0508629
IL_5158358,BCC,ISIC_1883149,ISIC_6115749
IL_5160108,BCC,ISIC_3287000,ISIC_1999475
IL_5160157,BCC,ISIC_5932619,ISIC_0836815
IL_5161470,NV,ISIC_7197136,ISIC_0893723
IL_5162996,BCC,ISIC_2164257,ISIC_7892545
IL_5163044,AKIEC,ISIC_9676659,ISIC_4585749
IL_5163548,NV,ISIC_4013061,ISIC_0570358
IL_5167045,BCC,ISIC_2556688,ISIC_8023105
IL_5173093,BCC,ISIC_0097906,ISIC_4497730
IL_5173461,BCC,ISIC_5993711,ISIC_3494719
IL_5175125,BCC,ISIC_7359902,ISIC_8472106
IL_5179568,BKL,ISIC_2400614,ISIC_7303727
IL_5181041,NV,ISIC_8949610,ISIC_8318126
IL_5181859,SCCKA,ISIC_8807238,ISIC_5132321
IL_5186069,BCC,ISIC_8694246,ISIC_6133264
IL_5186101,NV,ISIC_2553804,ISIC_6640040
IL_5187517,SCCKA,ISIC_8401508,ISIC_8305748
IL_5187554,BCC,ISIC_9310359,ISIC_1176980
IL_5187817,BCC,ISIC_1718325,ISIC_3792868
IL_5188530,SCCKA,ISIC_8525598,ISIC_8980999
IL_5189473,BKL,ISIC_2564518,ISIC_9625758
IL_5190686,SCCKA,ISIC_3242637,ISIC_1382648
IL_5192091,BCC,ISIC_8063764,ISIC_3877266
IL_5193790,BCC,ISIC_0576794,ISIC_8554900
IL_5197264,BCC,ISIC_9878841,ISIC_2864613
IL_5200526,SCCKA,ISIC_5093287,ISIC_9814738
IL_5206123,SCCKA,ISIC_3573102,ISIC_2132766
IL_5207680,MEL,ISIC_9231756,ISIC_7808642
IL_5208753,BCC,ISIC_8821690,ISIC_9566384
IL_5209978,BCC,ISIC_8680973,ISIC_4996777
IL_5210495,BCC,ISIC_7872235,ISIC_7580736
IL_5214298,SCCKA,ISIC_5539918,ISIC_1485788
IL_5215495,BCC,ISIC_0376198,ISIC_4660700
IL_5217084,AKIEC,ISIC_2557089,ISIC_0939687
IL_5220758,BCC,ISIC_3740583,ISIC_8145727
IL_5222228,NV,ISIC_9627432,ISIC_7890093
IL_5225179,BCC,ISIC_5701708,ISIC_4483583
IL_5226953,NV,ISIC_5777376,ISIC_5554081
IL_5235613,SCCKA,ISIC_1707452,ISIC_2215299
IL_5236247,BKL,ISIC_5261867,ISIC_1822355
IL_5236713,BCC,ISIC_6363175,ISIC_8103067
IL_5236788,BKL,ISIC_3318576,ISIC_9380419
IL_5240464,BKL,ISIC_1617856,ISIC_5042685
IL_5241211,NV,ISIC_9932307,ISIC_9267602
IL_5245045,BCC,ISIC_9828103,ISIC_2501467
IL_5245284,BCC,ISIC_5736506,ISIC_3336886
IL_5246616,BCC,ISIC_1916468,ISIC_5027796
IL_5247535,BKL,ISIC_7595404,ISIC_0685008
IL_5251059,MEL,ISIC_0944241,ISIC_5807024
IL_5252859,AKIEC,ISIC_7635285,ISIC_8341598
IL_5254540,BCC,ISIC_6484898,ISIC_8622558
IL_5255150,BCC,ISIC_1285374,ISIC_5078639
IL_5259261,BCC,ISIC_0990658,ISIC_3362890
IL_5260419,SCCKA,ISIC_2758033,ISIC_2049002
IL_5262456,BCC,ISIC_9048474,ISIC_6092124
IL_5263017,NV,ISIC_3553323,ISIC_3730239
IL_5263349,BKL,ISIC_4916835,ISIC_1612482
IL_5264196,NV,ISIC_1689464,ISIC_9685758
IL_5264589,BKL,ISIC_4810104,ISIC_9071975
IL_5267029,MEL,ISIC_9497071,ISIC_8898820
IL_5267553,BCC,ISIC_0507778,ISIC_4189363
IL_5270623,BCC,ISIC_2420699,ISIC_1843399
IL_5271098,BCC,ISIC_9124673,ISIC_0077054
IL_5275481,BCC,ISIC_8953290,ISIC_7325617
IL_5277134,MEL,ISIC_6289625,ISIC_8697607
IL_5277754,BCC,ISIC_1647954,ISIC_0655029
IL_5278264,BKL,ISIC_1046103,ISIC_2702984
IL_5281501,BCC,ISIC_0468332,ISIC_2993047
IL_5283078,BCC,ISIC_9044867,ISIC_2590790
IL_5283684,BCC,ISIC_0410404,ISIC_8052859
IL_5283956,BCC,ISIC_8138760,ISIC_5783892
IL_5285305,SCCKA,ISIC_7271415,ISIC_2613429
IL_5285603,VASC,ISIC_0515719,ISIC_8791057
IL_5287694,BCC,ISIC_2488572,ISIC_2751556
IL_5287926,NV,ISIC_9999151,ISIC_3668445
IL_5289239,SCCKA,ISIC_3892467,ISIC_6989179
IL_5293525,NV,ISIC_7155489,ISIC_1789556
IL_5299543,DF,ISIC_6705014,ISIC_5539676
IL_5301199,BKL,ISIC_5299723,ISIC_9014235
IL_5302007,AKIEC,ISIC_2408893,ISIC_7681010
IL_5304581,NV,ISIC_4823764,ISIC_7285901
IL_5304698,BCC,ISIC_5682266,ISIC_8712502
IL_5310086,MEL,ISIC_2258441,ISIC_8528760
IL_5310098,BCC,ISIC_8690049,ISIC_6712916
IL_5310300,NV,ISIC_5729101,ISIC_0080219
IL_5310317,BCC,ISIC_3340382,ISIC_5503515
IL_5310552,NV,ISIC_7566277,ISIC_4757362
IL_5310899,BKL,ISIC_1568985,ISIC_9231306
IL_5311399,BCC,ISIC_3939868,ISIC_7860232
IL_5311441,DF,ISIC_4909590,ISIC_3414486
IL_5311950,NV,ISIC_3925970,ISIC_5322852
IL_5314103,SCCKA,ISIC_4889654,ISIC_7709002
IL_5315129,BKL,ISIC_1494890,ISIC_1937581
IL_5321366,NV,ISIC_2357212,ISIC_7189526
IL_5324666,BCC,ISIC_0517219,ISIC_4910424
IL_5324698,BKL,ISIC_9969311,ISIC_5306258
IL_5328329,BCC,ISIC_3924227,ISIC_4187456
IL_5328388,BCC,ISIC_0220749,ISIC_3445025
IL_5328451,MEL,ISIC_1354875,ISIC_7893518
IL_5331190,BKL,ISIC_1462656,ISIC_5570317
IL_5333822,MEL,ISIC_9423923,ISIC_4793606
IL_5334978,SCCKA,ISIC_3193023,ISIC_0084885
IL_5337254,BCC,ISIC_0659383,ISIC_8450508
IL_5340506,BCC,ISIC_1308871,ISIC_6748152
IL_5344471,BCC,ISIC_2332226,ISIC_8577350
IL_5345860,BCC,ISIC_7551222,ISIC_9051937
IL_5349744,BCC,ISIC_6368553,ISIC_8534089
IL_5352548,BCC,ISIC_9079428,ISIC_6935679
IL_5356677,SCCKA,ISIC_8832464,ISIC_3986103
IL_5357233,BCC,ISIC_6788918,ISIC_8572463
IL_5358178,BKL,ISIC_3157761,ISIC_8381176
IL_5358454,NV,ISIC_6015386,ISIC_1813785
IL_5358765,BCC,ISIC_6151299,ISIC_2023313
IL_5359337,BCC,ISIC_2861255,ISIC_6356942
IL_5359653,BCC,ISIC_9534817,ISIC_5439956
IL_5361790,NV,ISIC_4031450,ISIC_7917913
IL_5361912,BCC,ISIC_9488866,ISIC_0525463
IL_5363044,VASC,ISIC_5173097,ISIC_8020470
IL_5363058,NV,ISIC_6121310,ISIC_0502738
IL_5364127,BKL,ISIC_7142689,ISIC_1975493
IL_5365301,BCC,ISIC_7731011,ISIC_1281967
IL_5366190,MEL,ISIC_6013907,ISIC_1675975
IL_5368559,BCC,ISIC_6437956,ISIC_8541890
IL_5369308,BKL,ISIC_5664395,ISIC_1890998
IL_5372294,BCC,ISIC_5661142,ISIC_3846262
IL_5375403,BKL,ISIC_4225046,ISIC_5947061
IL_5375420,INF,ISIC_8660432,ISIC_0777268
IL_5375846,SCCKA,ISIC_0724875,ISIC_5342950
IL_5378051,BKL,ISIC_6167402,ISIC_4964694
IL_5379548,BCC,ISIC_8673829,ISIC_7916653
IL_5384329,BCC,ISIC_1990401,ISIC_4156431
IL_5384456,BCC,ISIC_8935612,ISIC_1668550
IL_5386138,BCC,ISIC_7608693,ISIC_2324630
IL_5390577,BCC,ISIC_7933087,ISIC_8305576
IL_5391929,BCC,ISIC_2014762,ISIC_6747902
IL_5394368,BCC,ISIC_0426102,ISIC_0924335
IL_5396627,MEL,ISIC_1385649,ISIC_8098771
IL_5397664,BCC,ISIC_4325142,ISIC_1646416
IL_5399357,BKL,ISIC_6519570,ISIC_1344833
IL_5400506,NV,ISIC_7671344,ISIC_6389005
IL_5407088,BCC,ISIC_3921610,ISIC_5711940
IL_5411298,BCC,ISIC_9030298,ISIC_7753585
IL_5415624,MEL,ISIC_4489370,ISIC_3090517
IL_5416210,SCCKA,ISIC_9495791,ISIC_6943209
IL_5416595,NV,ISIC_9903464,ISIC_4400687
IL_5417384,BCC,ISIC_4210592,ISIC_6356372
IL_5417601,BCC,ISIC_0200116,ISIC_7008068
IL_5418242,MEL,ISIC_4322162,ISIC_6044114
IL_5419004,SCCKA,ISIC_1727539,ISIC_7243372
IL_5420018,BCC,ISIC_2504068,ISIC_9587078
IL_5421067,BCC,ISIC_8858434,ISIC_7345682
IL_5422211,BCC,ISIC_9983655,ISIC_7584393
IL_5423351,BKL,ISIC_8890260,ISIC_7009394
IL_5424289,BCC,ISIC_5139740,ISIC_2370968
IL_5425005,BCC,ISIC_5924611,ISIC_6537586
IL_5425299,BCC,ISIC_4401551,ISIC_3974488
IL_5428676,NV,ISIC_3569610,ISIC_8714957
IL_5429877,BCC,ISIC_7111015,ISIC_5605573
IL_5434909,BCC,ISIC_8251905,ISIC_1833069
IL_5436207,BCC,ISIC_6089668,ISIC_1574997
IL_5437959,VASC,ISIC_2301560,ISIC_1803069
IL_5438158,NV,ISIC_3273623,ISIC_5022731
IL_5438897,BCC,ISIC_9598235,ISIC_6429343
IL_5439022,NV,ISIC_9140973,ISIC_3831165
IL_5441408,BCC,ISIC_1721377,ISIC_9560548
IL_5444067,SCCKA,ISIC_8880696,ISIC_3192193
IL_5448170,SCCKA,ISIC_8828083,ISIC_8659657
IL_5451589,SCCKA,ISIC_5214169,ISIC_2128070
IL_5455457,NV,ISIC_2453345,ISIC_2098382
IL_5458528,VASC,ISIC_9474451,ISIC_0662620
IL_5466158,BCC,ISIC_6252155,ISIC_4213648
IL_5466304,BCC,ISIC_2150126,ISIC_2181594
IL_5468213,BKL,ISIC_0751829,ISIC_5509823
IL_5469172,BCC,ISIC_5420985,ISIC_8042747
IL_5470919,MEL,ISIC_4011704,ISIC_2867998
IL_5472522,BKL,ISIC_1126704,ISIC_2822341
IL_5473127,INF,ISIC_0627933,ISIC_7447961
IL_5476058,BKL,ISIC_3628920,ISIC_6038213
IL_5478972,NV,ISIC_2494258,ISIC_8385616
IL_5482289,DF,ISIC_3736563,ISIC_3945933
IL_5482346,BCC,ISIC_9023174,ISIC_4411067
IL_5489225,BCC,ISIC_8713886,ISIC_0292393
IL_5490327,BCC,ISIC_2790154,ISIC_5634198
IL_5490605,SCCKA,ISIC_0506961,ISIC_4425852
IL_5492781,BCC,ISIC_2070457,ISIC_5938890
IL_5493547,SCCKA,ISIC_6070480,ISIC_2902367
IL_5496114,MEL,ISIC_0833402,ISIC_5629148
IL_5499388,BCC,ISIC_6422570,ISIC_1670166
IL_5504349,BCC,ISIC_3744785,ISIC_4833123
IL_5504376,NV,ISIC_2304487,ISIC_9276715
IL_5507611,BCC,ISIC_5274848,ISIC_4423752
IL_5508020,BCC,ISIC_7236747,ISIC_9549096
IL_5512123,BCC,ISIC_0923483,ISIC_4939357
IL_5513291,BKL,ISIC_1771077,ISIC_1818377
IL_5518223,BCC,ISIC_6513947,ISIC_0835030
IL_5518573,BKL,ISIC_4449884,ISIC_0273939
IL_5519397,BCC,ISIC_4420662,ISIC_8746740
IL_5526388,AKIEC,ISIC_0707479,ISIC_7957957
IL_5526869,BCC,ISIC_0370911,ISIC_2309647
IL_5527928,MEL,ISIC_8990576,ISIC_9434832
IL_5529051,AKIEC,ISIC_9422255,ISIC_9661702
IL_5529544,BCC,ISIC_5680960,ISIC_4691479
IL_5533204,BCC,ISIC_4467591,ISIC_1741453
IL_5534064,NV,ISIC_1992999,ISIC_0907266
IL_5534472,BCC,ISIC_1584796,ISIC_7500032
IL_5535772,BCC,ISIC_2900527,ISIC_8945633
IL_5543989,BCC,ISIC_3411624,ISIC_1714879
IL_5545955,SCCKA,ISIC_1355075,ISIC_0090512
IL_5550587,NV,ISIC_1435330,ISIC_2525497
IL_5550773,AKIEC,ISIC_9310034,ISIC_8620082
IL_5551611,BCC,ISIC_6433212,ISIC_9476389
IL_5553029,BCC,ISIC_7391511,ISIC_8413819
IL_5554236,BKL,ISIC_0292082,ISIC_5567558
IL_5555237,BCC,ISIC_6006215,ISIC_5638742
IL_5555860,BCC,ISIC_3740957,ISIC_9064266
IL_5557985,NV,ISIC_5508754,ISIC_2031349
IL_5560445,BCC,ISIC_6829175,ISIC_6845294
IL_5561688,AKIEC,ISIC_5091185,ISIC_9822543
IL_5562402,BCC,ISIC_2930478,ISIC_0755088
IL_5563241,BCC,ISIC_2891584,ISIC_7610657
IL_5564093,BCC,ISIC_8545769,ISIC_7315517
IL_5566169,NV,ISIC_3838800,ISIC_0360727
IL_5568661,BCC,ISIC_7571181,ISIC_1844559
IL_5569419,BKL,ISIC_7746558,ISIC_3865643
IL_5569670,BCC,ISIC_4691032,ISIC_6276225
IL_5570821,SCCKA,ISIC_1974672,ISIC_1837879
IL_5571355,MEL,ISIC_4683499,ISIC_5442968
IL_5572380,BCC,ISIC_7717586,ISIC_8586056
IL_5572496,NV,ISIC_3784009,ISIC_7261168
IL_5574857,NV,ISIC_7363553,ISIC_0167803
IL_5574879,SCCKA,ISIC_0441425,ISIC_8947312
IL_5575063,BKL,ISIC_5060422,ISIC_1603122
IL_5575734,MEL,ISIC_6444803,ISIC_9737054
IL_5576259,BCC,ISIC_7345955,ISIC_6831651
IL_5576993,NV,ISIC_7179957,ISIC_8698177
IL_5577465,NV,ISIC_9899763,ISIC_4043651
IL_5577667,AKIEC,ISIC_6847930,ISIC_1990436
IL_5579945,BCC,ISIC_2624256,ISIC_4957929
IL_5580548,SCCKA,ISIC_8175420,ISIC_2845706
IL_5584867,SCCKA,ISIC_2371823,ISIC_1335240
IL_5587633,BCC,ISIC_8984287,ISIC_8420285
IL_5588135,BKL,ISIC_8834324,ISIC_7818562
IL_5590437,BCC,ISIC_6694775,ISIC_9250989
IL_5590663,BCC,ISIC_2431328,ISIC_2232926
IL_5592337,AKIEC,ISIC_4564652,ISIC_1083704
IL_5600470,BKL,ISIC_1996268,ISIC_3446046
IL_5601227,BCC,ISIC_5178054,ISIC_1845537
IL_5601775,BCC,ISIC_3243335,ISIC_4713403
IL_5604150,SCCKA,ISIC_2343962,ISIC_5566852
IL_5604764,BCC,ISIC_9916568,ISIC_5179024
IL_5606298,BKL,ISIC_4960098,ISIC_1393721
IL_5607525,BCC,ISIC_5167204,ISIC_5671567
IL_5607786,MEL,ISIC_6573445,ISIC_5699349
IL_5607912,NV,ISIC_8338783,ISIC_2605163
IL_5608215,MEL,ISIC_6038047,ISIC_7902497
IL_5610769,SCCKA,ISIC_7434007,ISIC_5833236
IL_5611087,SCCKA,ISIC_1884813,ISIC_8923256
IL_5612108,BCC,ISIC_9118088,ISIC_7251011
IL_5614486,BCC,ISIC_1727258,ISIC_2740604
IL_5619918,BCC,ISIC_2056292,ISIC_1133187
IL_5620268,BCC,ISIC_4271987,ISIC_6907436
IL_5621754,BKL,ISIC_1863906,ISIC_6076269
IL_5623343,BEN_OTH,ISIC_0592812,ISIC_0339191
IL_5625000,BCC,ISIC_3776498,ISIC_2255098
IL_5625816,BKL,ISIC_8868188,ISIC_4877797
IL_5627565,BCC,ISIC_4523157,ISIC_3197377
IL_5631172,DF,ISIC_2677713,ISIC_2877235
IL_5631575,BKL,ISIC_7195517,ISIC_9188614
IL_5645205,SCCKA,ISIC_4881986,ISIC_7836855
IL_5655244,NV,ISIC_6593403,ISIC_5157495
IL_5655863,BCC,ISIC_3167280,ISIC_8274376
IL_5657022,BCC,ISIC_7185462,ISIC_5657346
IL_5661640,BCC,ISIC_5084798,ISIC_3250692
IL_5666618,MEL,ISIC_0411208,ISIC_8653825
IL_5670003,BCC,ISIC_3025142,ISIC_3154934
IL_5672522,BCC,ISIC_3436899,ISIC_5142210
IL_5673593,MEL,ISIC_9209368,ISIC_9384345
IL_5675707,NV,ISIC_3735485,ISIC_2546925
IL_5675796,BKL,ISIC_6938902,ISIC_5402488
IL_5675821,NV,ISIC_7070121,ISIC_4116005
IL_5676990,BCC,ISIC_8064335,ISIC_0646544
IL_5684831,BCC,ISIC_6313303,ISIC_2311853
IL_5690254,BCC,ISIC_6773425,ISIC_7526819
IL_5691160,BCC,ISIC_7151709,ISIC_5436116
IL_5691794,BCC,ISIC_8639067,ISIC_1176236
IL_5693413,MEL,ISIC_2375503,ISIC_8899125
IL_5696181,NV,ISIC_7992008,ISIC_9823894
IL_5697539,AKIEC,ISIC_4033538,ISIC_7198657
IL_5698688,BCC,ISIC_6736703,ISIC_9521548
IL_5699716,BKL,ISIC_6548664,ISIC_4184819
IL_5700109,SCCKA,ISIC_4542447,ISIC_4681024
IL_5703544,NV,ISIC_8271995,ISIC_2175735
IL_5704362,AKIEC,ISIC_3045477,ISIC_7434343
IL_5708642,SCCKA,ISIC_8349783,ISIC_9159202
IL_5708693,BCC,ISIC_0326699,ISIC_7589454
IL_5709126,BCC,ISIC_2874145,ISIC_9399711
IL_5709842,NV,ISIC_5223774,ISIC_8002362
IL_5720105,MEL,ISIC_7459629,ISIC_6881589
IL_5722759,BCC,ISIC_6487282,ISIC_3178939
IL_5725663,SCCKA,ISIC_9107434,ISIC_1462182
IL_5725802,NV,ISIC_9642927,ISIC_2961262
IL_5727849,BCC,ISIC_5455211,ISIC_9536932
IL_5730089,BCC,ISIC_3127556,ISIC_2183361
IL_5732372,BCC,ISIC_7662628,ISIC_2990629
IL_5733908,MEL,ISIC_2226996,ISIC_2843665
IL_5738134,BCC,ISIC_5111361,ISIC_6642031
IL_5744385,BKL,ISIC_7034446,ISIC_3825679
IL_5747064,BKL,ISIC_3614372,ISIC_5707695
IL_5747539,BCC,ISIC_9325289,ISIC_8309358
IL_5749341,NV,ISIC_8733906,ISIC_1419820
IL_5750100,BCC,ISIC_0377749,ISIC_9001368
IL_5750110,NV,ISIC_6874595,ISIC_9214947
IL_5752488,AKIEC,ISIC_9814001,ISIC_5104415
IL_5753278,BCC,ISIC_9588100,ISIC_2020398
IL_5755884,BKL,ISIC_0990706,ISIC_4063953
IL_5759496,AKIEC,ISIC_9759381,ISIC_5413870
IL_5762747,BCC,ISIC_2968192,ISIC_8381606
IL_5764596,BCC,ISIC_9786685,ISIC_7537434
IL_5764702,BCC,ISIC_4194365,ISIC_1810342
IL_5765069,BCC,ISIC_3943289,ISIC_5959727
IL_5766424,NV,ISIC_5407200,ISIC_0373826
IL_5766426,MEL,ISIC_6995667,ISIC_7450231
IL_5766493,BCC,ISIC_5660758,ISIC_2122841
IL_5767308,BKL,ISIC_0352367,ISIC_8858676
IL_5767772,SCCKA,ISIC_4098601,ISIC_1774371
IL_5768412,NV,ISIC_5212488,ISIC_6026324
IL_5769609,BCC,ISIC_3981334,ISIC_0610035
IL_5770532,NV,ISIC_3024107,ISIC_2205902
IL_5770748,BCC,ISIC_7256290,ISIC_7775074
IL_5771256,BCC,ISIC_4162668,ISIC_5675875
IL_5775257,SCCKA,ISIC_2127182,ISIC_4440119
IL_5779680,BCC,ISIC_8508919,ISIC_4351882
IL_5780868,BCC,ISIC_5493878,ISIC_1111101
IL_5780931,NV,ISIC_7294780,ISIC_9519122
IL_5782288,AKIEC,ISIC_3428455,ISIC_9566444
IL_5784432,BCC,ISIC_0784089,ISIC_0802543
IL_5787945,INF,ISIC_7070387,ISIC_6896664
IL_5790103,BCC,ISIC_0584164,ISIC_5832081
IL_5790573,NV,ISIC_3318295,ISIC_6648449
IL_5793339,BCC,ISIC_6753928,ISIC_9093424
IL_5795574,AKIEC,ISIC_1957687,ISIC_7128280
IL_5795869,MEL,ISIC_0537911,ISIC_3327928
IL_5797500,NV,ISIC_9060487,ISIC_9187182
IL_5797843,BCC,ISIC_3566394,ISIC_8006314
IL_5798814,NV,ISIC_0674586,ISIC_2855242
IL_5799605,BCC,ISIC_8984053,ISIC_0731364
IL_5802153,AKIEC,ISIC_8720890,ISIC_9929733
IL_5802470,BCC,ISIC_3510532,ISIC_4842886
IL_5805980,BCC,ISIC_6838452,ISIC_7882033
IL_5809538,MEL,ISIC_1085320,ISIC_4093313
IL_5809749,BCC,ISIC_8776447,ISIC_6093126
IL_5811280,BCC,ISIC_5741122,ISIC_7215858
IL_5812139,MEL,ISIC_8646764,ISIC_5511054
IL_5814206,BCC,ISIC_5985462,ISIC_7619664
IL_5816331,NV,ISIC_3740979,ISIC_8253705
IL_5816419,NV,ISIC_0657349,ISIC_8257972
IL_5818163,AKIEC,ISIC_2021937,ISIC_5376495
IL_5818168,BCC,ISIC_2531173,ISIC_4301953
IL_5818628,BCC,ISIC_6250101,ISIC_1129613
IL_5821357,BKL,ISIC_3388002,ISIC_0848694
IL_5823414,BKL,ISIC_4733745,ISIC_4613268
IL_5825636,BCC,ISIC_6043504,ISIC_0649497
IL_5827394,SCCKA,ISIC_4156387,ISIC_8960889
IL_5827688,BKL,ISIC_1403022,ISIC_8643100
IL_5829281,BCC,ISIC_0506930,ISIC_3537131
IL_5830387,NV,ISIC_7133516,ISIC_6465119
IL_5831054,BKL,ISIC_5838920,ISIC_4958589
IL_5832073,BKL,ISIC_5015322,ISIC_3822340
IL_5832874,SCCKA,ISIC_7853005,ISIC_2906273
IL_5833308,NV,ISIC_5406249,ISIC_5660553
IL_5834228,BCC,ISIC_0885646,ISIC_2524673
IL_5834999,AKIEC,ISIC_8231124,ISIC_4668008
IL_5835237,BCC,ISIC_1923944,ISIC_1643848
IL_5835931,BCC,ISIC_8278794,ISIC_3277541
IL_5836381,BCC,ISIC_2738967,ISIC_7204645
IL_5839734,SCCKA,ISIC_6110952,ISIC_0709199
IL_5842148,NV,ISIC_1593079,ISIC_2348795
IL_5842745,AKIEC,ISIC_9420991,ISIC_3627147
IL_5844694,BCC,ISIC_3679455,ISIC_8650160
IL_5844745,MEL,ISIC_1849076,ISIC_7682533
IL_5846759,BCC,ISIC_9171491,ISIC_6337323
IL_5846889,BCC,ISIC_2911796,ISIC_4716627
IL_5848004,NV,ISIC_8899246,ISIC_3372650
IL_5848162,SCCKA,ISIC_1002562,ISIC_3975783
IL_5849837,SCCKA,ISIC_2557679,ISIC_5001424
IL_5853973,BCC,ISIC_2111264,ISIC_2740122
IL_5857209,NV,ISIC_3515789,ISIC_1552276
IL_5857700,SCCKA,ISIC_2156824,ISIC_3023198
IL_5858083,BCC,ISIC_2834466,ISIC_0379668
IL_5858516,BCC,ISIC_6168154,ISIC_6295397
IL_5858663,AKIEC,ISIC_4017835,ISIC_6022197
IL_5865217,BCC,ISIC_0325706,ISIC_5989590
IL_5866168,MEL,ISIC_8520875,ISIC_8362681
IL_5867572,BCC,ISIC_9470013,ISIC_1119886
IL_5870575,BCC,ISIC_6178342,ISIC_6698922
IL_5873826,NV,ISIC_0527788,ISIC_2056374
IL_5874088,BCC,ISIC_3696217,ISIC_6078907
IL_5879862,MEL,ISIC_5301048,ISIC_9141788
IL_5880006,SCCKA,ISIC_0612725,ISIC_0547517
IL_5880830,BCC,ISIC_3298769,ISIC_9777580
IL_5882272,SCCKA,ISIC_2817890,ISIC_9286506
IL_5882687,BCC,ISIC_5977837,ISIC_1044266
IL_5885697,BKL,ISIC_0138768,ISIC_1244447
IL_5890338,BCC,ISIC_0498304,ISIC_5814193
IL_5890474,BCC,ISIC_5552185,ISIC_3372353
IL_5895681,MEL,ISIC_6058576,ISIC_9342357
IL_5896465,SCCKA,ISIC_3018802,ISIC_6863789
IL_5897108,BCC,ISIC_9704742,ISIC_5659521
IL_5900922,NV,ISIC_5695123,ISIC_1970255
IL_5901848,BCC,ISIC_8354428,ISIC_3005181
IL_5903951,BCC,ISIC_5374944,ISIC_9296237
IL_5909950,VASC,ISIC_9886033,ISIC_7516657
IL_5910352,BCC,ISIC_9460407,ISIC_0368554
IL_5911154,BCC,ISIC_9894744,ISIC_4523106
IL_5914745,BCC,ISIC_8112445,ISIC_4275923
IL_5915659,AKIEC,ISIC_2758349,ISIC_8929684
IL_5916541,MEL,ISIC_8810193,ISIC_7472087
IL_5917369,BCC,ISIC_1300480,ISIC_0684071
IL_5917999,NV,ISIC_9198446,ISIC_4432152
IL_5922300,BCC,ISIC_9336484,ISIC_8556393
IL_5922871,BCC,ISIC_3965246,ISIC_5180599
IL_5924727,BKL,ISIC_4330850,ISIC_4505155
IL_5926277,BCC,ISIC_4837156,ISIC_8839494
IL_5928623,BKL,ISIC_5116537,ISIC_2633032
IL_5930295,BCC,ISIC_3237120,ISIC_1695711
IL_5930437,NV,ISIC_8202730,ISIC_2106139
IL_5931575,BCC,ISIC_7542892,ISIC_2669811
IL_5938594,BCC,ISIC_1592625,ISIC_6003134
IL_5940346,BCC,ISIC_0990979,ISIC_2376934
IL_5941345,BCC,ISIC_1448081,ISIC_9140582
IL_5941947,MEL,ISIC_1580971,ISIC_1801591
IL_5945185,MEL,ISIC_0441714,ISIC_4467312
IL_5945369,BCC,ISIC_9365835,ISIC_9945188
IL_5945948,SCCKA,ISIC_1598653,ISIC_5986238
IL_5946581,BCC,ISIC_2059897,ISIC_8613265
IL_5947209,BCC,ISIC_3952676,ISIC_1906835
IL_5950762,SCCKA,ISIC_6630088,ISIC_2791059
IL_5952880,NV,ISIC_0512778,ISIC_7989369
IL_5953610,BKL,ISIC_0471652,ISIC_2302491
IL_5954640,BKL,ISIC_3614265,ISIC_3430932
IL_5954989,SCCKA,ISIC_0513234,ISIC_1376673
IL_5959411,BCC,ISIC_5342805,ISIC_8439407
IL_5959833,BCC,ISIC_9443293,ISIC_8452965
IL_5960278,BCC,ISIC_9548799,ISIC_0234458
IL_5961668,NV,ISIC_3045023,ISIC_4198312
IL_5963960,BCC,ISIC_6183115,ISIC_0962183
IL_5970079,SCCKA,ISIC_6135860,ISIC_3420711
IL_5974480,BCC,ISIC_1952689,ISIC_8431346
IL_5975500,SCCKA,ISIC_1432182,ISIC_8338464
IL_5979205,NV,ISIC_6996440,ISIC_3006692
IL_5979940,BCC,ISIC_7857854,ISIC_8543046
IL_5982008,BCC,ISIC_6823624,ISIC_5484742
IL_5985854,BCC,ISIC_4129053,ISIC_0093873
IL_5987346,BCC,ISIC_6008036,ISIC_2603915
IL_5992819,BKL,ISIC_3420842,ISIC_9613721
IL_5993994,BCC,ISIC_8104170,ISIC_2921430
IL_5996475,MEL,ISIC_9770798,ISIC_9186111
IL_5997841,BCC,ISIC_7816290,ISIC_3187907
IL_6003342,BKL,ISIC_9762915,ISIC_5312126
IL_6003876,BCC,ISIC_8033561,ISIC_3548770
IL_6004102,MEL,ISIC_9670100,ISIC_2631859
IL_6004651,BCC,ISIC_1828118,ISIC_2283635
IL_6004998,INF,ISIC_0307003,ISIC_2888616
IL_6005068,BCC,ISIC_5399582,ISIC_7441024
IL_6007354,BKL,ISIC_7046064,ISIC_8554994
IL_6007498,BCC,ISIC_1032764,ISIC_8606881
IL_6007909,BKL,ISIC_6214078,ISIC_1090300
IL_6008739,BCC,ISIC_5913999,ISIC_1061716
IL_6010748,BCC,ISIC_0987080,ISIC_0853302
IL_6011265,BCC,ISIC_4476901,ISIC_0477999
IL_6014318,BCC,ISIC_3838940,ISIC_9053541
IL_6016722,BCC,ISIC_6016454,ISIC_3765481
IL_6017753,BKL,ISIC_0973981,ISIC_6838890
IL_6019192,MEL,ISIC_0423080,ISIC_2267440
IL_6019983,VASC,ISIC_4770739,ISIC_3849096
IL_6021116,BCC,ISIC_0906065,ISIC_9892179
IL_6021149,BCC,ISIC_9212791,ISIC_3946401
IL_6022474,BKL,ISIC_5318049,ISIC_6494733
IL_6024093,BCC,ISIC_0398312,ISIC_5426572
IL_6029935,SCCKA,ISIC_6900216,ISIC_6539237
IL_6031338,BCC,ISIC_3441354,ISIC_1528651
IL_6032106,BCC,ISIC_4231370,ISIC_7319186
IL_6033161,BCC,ISIC_8225481,ISIC_6469024
IL_6033617,AKIEC,ISIC_8188045,ISIC_1076265
IL_6035276,BCC,ISIC_6311996,ISIC_1992759
IL_6035719,BCC,ISIC_7384502,ISIC_9570959
IL_6037073,BCC,ISIC_8641404,ISIC_4406973
IL_6037224,BCC,ISIC_1816648,ISIC_9455367
IL_6040163,BKL,ISIC_6970817,ISIC_8840511
IL_6040962,AKIEC,ISIC_2869987,ISIC_9750600
IL_6049551,BCC,ISIC_4529113,ISIC_2733454
IL_6050524,BCC,ISIC_6605295,ISIC_0350119
IL_6052093,MEL,ISIC_3736605,ISIC_6119319
IL_6052166,SCCKA,ISIC_3831969,ISIC_4622676
IL_6052286,BKL,ISIC_9760671,ISIC_1480200
IL_6055895,BCC,ISIC_0524110,ISIC_3063817
IL_6060589,BCC,ISIC_1706772,ISIC_3593419
IL_6064590,BCC,ISIC_8499977,ISIC_2434031
IL_6066269,BKL,ISIC_9818964,ISIC_4235972
IL_6066960,SCCKA,ISIC_5059174,ISIC_0560810
IL_6069436,AKIEC,ISIC_3519677,ISIC_0670265
IL_6071484,SCCKA,ISIC_9236121,ISIC_2510819
IL_6077697,BKL,ISIC_6731947,ISIC_3488397
IL_6079301,BKL,ISIC_8767141,ISIC_9120690
IL_6083019,BKL,ISIC_8073921,ISIC_9406973
IL_6084143,NV,ISIC_0690154,ISIC_7243195
IL_6084278,MEL,ISIC_0211067,ISIC_3773277
IL_6093082,BCC,ISIC_1714093,ISIC_7631504
IL_6097327,SCCKA,ISIC_7162187,ISIC_3794267
IL_6106772,NV,ISIC_1219741,ISIC_4257866
IL_6106939,NV,ISIC_0389181,ISIC_6403341
IL_6107862,BCC,ISIC_7113721,ISIC_6590195
IL_6110349,BCC,ISIC_0937410,ISIC_7330557
IL_6111577,INF,ISIC_0662021,ISIC_2419039
IL_6113276,BCC,ISIC_3345386,ISIC_8562787
IL_6113513,NV,ISIC_5349810,ISIC_6806266
IL_6114071,NV,ISIC_8333805,ISIC_3526708
IL_6116581,BKL,ISIC_5661673,ISIC_5164646
IL_6117786,MEL,ISIC_4575840,ISIC_8769047
IL_6118153,NV,ISIC_1656238,ISIC_3599799
IL_6119017,NV,ISIC_8788388,ISIC_3105211
IL_6119395,BCC,ISIC_2781687,ISIC_6306620
IL_6122240,MEL,ISIC_4502259,ISIC_1950997
IL_6122367,BCC,ISIC_7207387,ISIC_3215995
IL_6122545,BCC,ISIC_8414442,ISIC_9572075
IL_6124707,BCC,ISIC_6593095,ISIC_8193005
IL_6128899,BCC,ISIC_6891841,ISIC_1427974
IL_6130939,BCC,ISIC_4597536,ISIC_1793316
IL_6135781,BCC,ISIC_1858368,ISIC_2087207
IL_6138895,BCC,ISIC_9164586,ISIC_2021070
IL_6140435,NV,ISIC_0458709,ISIC_8647858
IL_6140490,BKL,ISIC_5261229,ISIC_7722970
IL_6140598,MEL,ISIC_5966582,ISIC_9332272
IL_6144791,BCC,ISIC_2083558,ISIC_0593908
IL_6145906,BCC,ISIC_8243847,ISIC_3120412
IL_6152356,AKIEC,ISIC_9932255,ISIC_1990622
IL_6155109,BCC,ISIC_1569303,ISIC_8468152
IL_6156024,BCC,ISIC_4913073,ISIC_2146757
IL_6156028,AKIEC,ISIC_0938645,ISIC_9934612
IL_6156218,MEL,ISIC_1779747,ISIC_3164108
IL_6157145,BKL,ISIC_4242454,ISIC_4323016
IL_6157521,BKL,ISIC_1409513,ISIC_9370126
IL_6157998,BCC,ISIC_7507320,ISIC_4224540
IL_6161419,BCC,ISIC_9454462,ISIC_0408084
IL_6163368,BKL,ISIC_0372945,ISIC_9007301
IL_6166867,SCCKA,ISIC_7849398,ISIC_8283280
IL_6169727,SCCKA,ISIC_5456265,ISIC_2131769
IL_6169733,BCC,ISIC_0933741,ISIC_5158158
IL_6169734,SCCKA,ISIC_0274862,ISIC_9063581
IL_6170194,BCC,ISIC_1763722,ISIC_1484722
IL_6172184,AKIEC,ISIC_1634592,ISIC_3269995
IL_6176161,BCC,ISIC_7235822,ISIC_5604357
IL_6178941,NV,ISIC_5213096,ISIC_9572021
IL_6179190,BCC,ISIC_3300164,ISIC_5116256
IL_6181794,BCC,ISIC_5334491,ISIC_7426470
IL_6182849,BCC,ISIC_4759066,ISIC_3737700
IL_6185483,BCC,ISIC_6560005,ISIC_8667734
IL_6186086,BCC,ISIC_2726721,ISIC_9137740
IL_6188972,BCC,ISIC_4276424,ISIC_4963201
IL_6190273,MEL,ISIC_6125719,ISIC_0734414
IL_6192656,BCC,ISIC_5483736,ISIC_2036909
IL_6192920,BCC,ISIC_6285557,ISIC_3813726
IL_6193516,BCC,ISIC_9308744,ISIC_5286872
IL_6193857,AKIEC,ISIC_5438818,ISIC_3025966
IL_6194887,BCC,ISIC_4301937,ISIC_7582667
IL_6195057,BCC,ISIC_6345022,ISIC_7710765
IL_6197231,BCC,ISIC_2965800,ISIC_5325372
IL_6201256,BCC,ISIC_0362181,ISIC_9509446
IL_6204310,AKIEC,ISIC_8527678,ISIC_5521729
IL_6213256,BKL,ISIC_3343720,ISIC_1168286
IL_6215945,BCC,ISIC_9200112,ISIC_5773512
IL_6216018,BCC,ISIC_5087027,ISIC_6065573
IL_6217582,SCCKA,ISIC_0194116,ISIC_1720538
IL_6219839,BCC,ISIC_0379139,ISIC_3995853
IL_6220664,MEL,ISIC_5609956,ISIC_6576436
IL_6222346,BKL,ISIC_0933479,ISIC_1030228
IL_6226671,BCC,ISIC_4175828,ISIC_1949643
IL_6226782,BCC,ISIC_3341232,ISIC_5085980
IL_6228849,BCC,ISIC_7820228,ISIC_3317235
IL_6230080,VASC,ISIC_7466902,ISIC_8600102
IL_6234937,BCC,ISIC_1862003,ISIC_0502413
IL_6236280,BKL,ISIC_7137645,ISIC_1753599
IL_6238861,BKL,ISIC_7138691,ISIC_3047578
IL_6242264,BKL,ISIC_7075127,ISIC_2567274
IL_6242822,BCC,ISIC_6506817,ISIC_0532349
IL_6244969,BCC,ISIC_1192919,ISIC_0974797
IL_6246530,BCC,ISIC_3548384,ISIC_3334573
IL_6246713,BCC,ISIC_2288132,ISIC_8027200
IL_6247210,BKL,ISIC_0899253,ISIC_7016834
IL_6248025,BKL,ISIC_0875516,ISIC_1192068
IL_6248388,INF,ISIC_5083671,ISIC_5829840
IL_6249500,BCC,ISIC_6565806,ISIC_3083384
IL_6256539,MEL,ISIC_5449503,ISIC_0669396
IL_6258270,BCC,ISIC_6704553,ISIC_8553734
IL_6259017,BCC,ISIC_9886919,ISIC_9668142
IL_6259285,BKL,ISIC_3439130,ISIC_1320525
IL_6261131,BCC,ISIC_2150484,ISIC_0801838
IL_6267051,MEL,ISIC_8491981,ISIC_4668657
IL_6267520,BCC,ISIC_9401538,ISIC_9404018
IL_6281110,BCC,ISIC_8096941,ISIC_3974904
IL_6289320,SCCKA,ISIC_8989885,ISIC_7243320
IL_6291533,MEL,ISIC_4430642,ISIC_3486312
IL_6292784,MEL,ISIC_1052154,ISIC_7702697
IL_6294894,NV,ISIC_1447403,ISIC_9756878
IL_6295133,BCC,ISIC_3166154,ISIC_6333987
IL_6296094,BCC,ISIC_9314612,ISIC_2818418
IL_6296169,BCC,ISIC_6193935,ISIC_1174739
IL_6296418,BCC,ISIC_4692254,ISIC_2334974
IL_6297949,BCC,ISIC_3824638,ISIC_3837734
IL_6305050,NV,ISIC_2164186,ISIC_7436110
IL_6305058,BCC,ISIC_6895047,ISIC_1002134
IL_6309287,SCCKA,ISIC_5450702,ISIC_5966811
IL_6312723,BCC,ISIC_1923268,ISIC_2106664
IL_6312892,BCC,ISIC_3505887,ISIC_8239177
IL_6313730,BCC,ISIC_9051035,ISIC_2627411
IL_6314670,NV,ISIC_5402789,ISIC_2747022
IL_6316014,NV,ISIC_1799713,ISIC_9755138
IL_6316913,BCC,ISIC_5944719,ISIC_9356329
IL_6317075,BCC,ISIC_0806039,ISIC_9608161
IL_6322114,BCC,ISIC_9718756,ISIC_4851411
IL_6322271,NV,ISIC_6335160,ISIC_3666907
IL_6332213,BCC,ISIC_5242567,ISIC_4648933
IL_6335975,BCC,ISIC_1405142,ISIC_7799504
IL_6336481,SCCKA,ISIC_7041996,ISIC_4103339
IL_6336605,AKIEC,ISIC_5829304,ISIC_4210097
IL_6337790,BKL,ISIC_8473871,ISIC_9226737
IL_6338408,BCC,ISIC_4336547,ISIC_2084190
IL_6342379,BCC,ISIC_4343132,ISIC_7794974
IL_6344914,NV,ISIC_0543368,ISIC_3772519
IL_6346184,BCC,ISIC_9076994,ISIC_4588258
IL_6346442,BCC,ISIC_9074776,ISIC_8932533
IL_6347465,BKL,ISIC_9487423,ISIC_8319384
IL_6348689,SCCKA,ISIC_6340932,ISIC_9055179
IL_6352600,BCC,ISIC_1189166,ISIC_6938441
IL_6352685,BCC,ISIC_2078548,ISIC_4914433
IL_6356620,BCC,ISIC_7735271,ISIC_6835241
IL_6356650,BCC,ISIC_2744921,ISIC_4548759
IL_6359555,NV,ISIC_4279073,ISIC_9334393
IL_6361071,BKL,ISIC_2338734,ISIC_1561841
IL_6361201,BKL,ISIC_6077125,ISIC_4386149
IL_6362018,BCC,ISIC_8285513,ISIC_3357576
IL_6362579,SCCKA,ISIC_9512295,ISIC_7424118
IL_6365127,BKL,ISIC_4862589,ISIC_4594686
IL_6365837,BCC,ISIC_0793894,ISIC_2252215
IL_6367899,MEL,ISIC_8376889,ISIC_5714835
IL_6368595,BKL,ISIC_4638443,ISIC_8071918
IL_6369359,MEL,ISIC_7231430,ISIC_6303187
IL_6369658,BCC,ISIC_2177016,ISIC_3770337
IL_6370707,BKL,ISIC_6069821,ISIC_2615324
IL_6370742,BCC,ISIC_0575879,ISIC_6945898
IL_6372731,SCCKA,ISIC_6918071,ISIC_2891101
IL_6372832,AKIEC,ISIC_9183026,ISIC_4916643
IL_6374062,MEL,ISIC_8107716,ISIC_8685453
IL_6380251,NV,ISIC_5121192,ISIC_6730312
IL_6381274,BCC,ISIC_1860926,ISIC_2329035
IL_6383449,NV,ISIC_4533084,ISIC_3298166
IL_6384102,BKL,ISIC_0955574,ISIC_9277601
IL_6384302,BCC,ISIC_3897449,ISIC_8528570
IL_6386977,MEL,ISIC_8531002,ISIC_6747251
IL_6389219,AKIEC,ISIC_2668678,ISIC_7029533
IL_6390381,AKIEC,ISIC_2412335,ISIC_8001737
IL_6393566,VASC,ISIC_0169510,ISIC_5866736
IL_6393751,NV,ISIC_0654229,ISIC_1816373
IL_6393969,NV,ISIC_7505667,ISIC_8612251
IL_6398771,BCC,ISIC_7755525,ISIC_0307669
IL_6408457,BCC,ISIC_7827983,ISIC_0583409
IL_6410644,NV,ISIC_7097983,ISIC_7632373
IL_6412076,BCC,ISIC_5846820,ISIC_9995871
IL_6413155,AKIEC,ISIC_5826859,ISIC_4773028
IL_6413460,BCC,ISIC_2931409,ISIC_6532286
IL_6418149,BCC,ISIC_4775207,ISIC_2377324
IL_6419934,MEL,ISIC_4886585,ISIC_9866460
IL_6420001,BCC,ISIC_4343144,ISIC_5686692
IL_6421981,BCC,ISIC_5739546,ISIC_3663283
IL_6425993,NV,ISIC_7961554,ISIC_3168018
IL_6427122,MEL,ISIC_0488771,ISIC_2162606
IL_6427457,BCC,ISIC_0202768,ISIC_0940771
IL_6427581,BCC,ISIC_7237752,ISIC_5678147
IL_6430052,BCC,ISIC_1089519,ISIC_5186218
IL_6430136,NV,ISIC_6760472,ISIC_1548274
IL_6431723,NV,ISIC_7717657,ISIC_9506376
IL_6434551,BCC,ISIC_0725098,ISIC_3442836
IL_6439153,BCC,ISIC_7868229,ISIC_2014865
IL_6440740,SCCKA,ISIC_5298792,ISIC_4684676
IL_6441506,MEL,ISIC_4770601,ISIC_2598537
IL_6442141,BCC,ISIC_4530809,ISIC_9379057
IL_6442521,BCC,ISIC_4292605,ISIC_6653326
IL_6446380,NV,ISIC_7152699,ISIC_1582241
IL_6448360,NV,ISIC_3053943,ISIC_0850383
IL_6449615,INF,ISIC_3830454,ISIC_6657446
IL_6450698,BCC,ISIC_6076049,ISIC_6277878
IL_6451411,BCC,ISIC_5527533,ISIC_4376280
IL_6452981,BCC,ISIC_4468660,ISIC_5834421
IL_6455280,BCC,ISIC_1657968,ISIC_7272721
IL_6455878,BCC,ISIC_6236784,ISIC_3062370
IL_6458200,BCC,ISIC_2993511,ISIC_0244875
IL_6462004,SCCKA,ISIC_7652679,ISIC_7645755
IL_6464483,BKL,ISIC_9129838,ISIC_6358504
IL_6466353,BKL,ISIC_4666384,ISIC_0392480
IL_6475801,BCC,ISIC_1532756,ISIC_4132905
IL_6477197,BCC,ISIC_6731532,ISIC_5553849
IL_6478777,BCC,ISIC_9589958,ISIC_9668533
IL_6480274,BCC,ISIC_6517818,ISIC_3578842
IL_6480673,NV,ISIC_1714713,ISIC_0487104
IL_6481065,NV,ISIC_2233787,ISIC_1085792
IL_6481233,BKL,ISIC_3046799,ISIC_2110451
IL_6481274,BCC,ISIC_3638194,ISIC_0562738
IL_6481536,NV,ISIC_2122406,ISIC_2795308
IL_6484840,BCC,ISIC_6182960,ISIC_5271791
IL_6491562,BCC,ISIC_3014783,ISIC_1191996
IL_6491893,BCC,ISIC_1662993,ISIC_6239365
IL_6493670,NV,ISIC_4352572,ISIC_6455558
IL_6497290,BKL,ISIC_1218245,ISIC_8810868
IL_6498121,BCC,ISIC_5689912,ISIC_3553315
IL_6498340,BCC,ISIC_9253237,ISIC_5696465
IL_6498417,BCC,ISIC_7325787,ISIC_5836740
IL_6499920,BCC,ISIC_6943109,ISIC_3526427
IL_6502253,BCC,ISIC_5433214,ISIC_5062776
IL_6502535,BKL,ISIC_5592478,ISIC_3317643
IL_6503105,MEL,ISIC_9046790,ISIC_7308959
IL_6505724,BCC,ISIC_2689111,ISIC_4113429
IL_6506756,NV,ISIC_9342460,ISIC_1991989
IL_6507305,BCC,ISIC_5872506,ISIC_2164571
IL_6509109,BCC,ISIC_7960659,ISIC_0208357
IL_6511492,MEL,ISIC_7257043,ISIC_0866872
IL_6512054,BKL,ISIC_6055280,ISIC_5310763
IL_6514387,NV,ISIC_5612498,ISIC_4045574
IL_6518522,BCC,ISIC_4991395,ISIC_3997102
IL_6520783,BCC,ISIC_0888116,ISIC_2508643
IL_6525739,BCC,ISIC_9951505,ISIC_2025971
IL_6527343,MEL,ISIC_7082655,ISIC_3779625
IL_6527542,BCC,ISIC_7535873,ISIC_4343848
IL_6528074,BCC,ISIC_1807722,ISIC_4577203
IL_6528772,NV,ISIC_1733540,ISIC_1828562
IL_6532631,BCC,ISIC_6538197,ISIC_6297733
IL_6536248,BCC,ISIC_8358859,ISIC_2973605
IL_6546506,SCCKA,ISIC_7190000,ISIC_4629088
IL_6550099,NV,ISIC_1138088,ISIC_9994191
IL_6550593,BCC,ISIC_1886909,ISIC_3873824
IL_6552664,MEL,ISIC_1011069,ISIC_5253746
IL_6552855,BCC,ISIC_2226952,ISIC_8621381
IL_6555203,AKIEC,ISIC_5930151,ISIC_4347690
IL_6555655,BCC,ISIC_8022914,ISIC_5213643
IL_6556593,BCC,ISIC_5499953,ISIC_4820255
IL_6558411,BKL,ISIC_0424515,ISIC_8939939
IL_6559871,BCC,ISIC_2481693,ISIC_4736865
IL_6560903,BCC,ISIC_9347140,ISIC_1179992
IL_6575450,AKIEC,ISIC_9026609,ISIC_4297812
IL_6578198,BCC,ISIC_7148211,ISIC_6063074
IL_6580318,BKL,ISIC_4925038,ISIC_1625882
IL_6581276,MEL,ISIC_9258545,ISIC_6242110
IL_6582258,SCCKA,ISIC_6175610,ISIC_3659324
IL_6583801,BKL,ISIC_7672873,ISIC_3892538
IL_6585247,BCC,ISIC_9720285,ISIC_3302093
IL_6586182,BCC,ISIC_9810068,ISIC_8127734
IL_6587096,MEL,ISIC_3164080,ISIC_0603818
IL_6588313,BCC,ISIC_8357891,ISIC_6062128
IL_6591521,BCC,ISIC_9441092,ISIC_6138103
IL_6591567,BCC,ISIC_4654961,ISIC_0489274
IL_6592756,BCC,ISIC_9950919,ISIC_5284704
IL_6592976,BCC,ISIC_5649736,ISIC_5793548
IL_6594915,MEL,ISIC_7391184,ISIC_4237744
IL_6595342,NV,ISIC_0504075,ISIC_4458763
IL_6598167,MAL_OTH,ISIC_4797688,ISIC_1665727
IL_6599749,NV,ISIC_0189659,ISIC_3360186
IL_6600785,SCCKA,ISIC_4043291,ISIC_3418246
IL_6605794,BCC,ISIC_9424114,ISIC_8684482
IL_6606069,BCC,ISIC_2277641,ISIC_8668985
IL_6607350,NV,ISIC_2977955,ISIC_1712861
IL_6607832,MEL,ISIC_8680621,ISIC_9171793
IL_6609864,NV,ISIC_5047126,ISIC_2848487
IL_6613281,BCC,ISIC_4037796,ISIC_7854881
IL_6613514,NV,ISIC_0234148,ISIC_0179367
IL_6615985,BCC,ISIC_9547201,ISIC_6603451
IL_6616097,MEL,ISIC_0928029,ISIC_8620236
IL_6616661,BCC,ISIC_2956586,ISIC_4943359
IL_6617592,MEL,ISIC_4253845,ISIC_4030354
IL_6618073,NV,ISIC_8038275,ISIC_4503581
IL_6622231,NV,ISIC_1562789,ISIC_6442452
IL_6622693,MEL,ISIC_8153909,ISIC_6293492
IL_6627876,BCC,ISIC_7434991,ISIC_4919280
IL_6629928,NV,ISIC_9761409,ISIC_1283766
IL_6632725,MEL,ISIC_4513123,ISIC_7170025
IL_6634369,BCC,ISIC_2825735,ISIC_6738813
IL_6635942,BCC,ISIC_6216368,ISIC_9018696
IL_6636674,AKIEC,ISIC_2439000,ISIC_4314742
IL_6638180,BCC,ISIC_8171205,ISIC_6508531
IL_6638218,BCC,ISIC_8403731,ISIC_5822186
IL_6639439,BCC,ISIC_7645646,ISIC_9423469
IL_6639519,BCC,ISIC_6685057,ISIC_7115768
IL_6646437,BCC,ISIC_5101807,ISIC_4877646
IL_6647524,BCC,ISIC_9531638,ISIC_9103397
IL_6647837,BCC,ISIC_6751695,ISIC_8649350
IL_6649542,BCC,ISIC_7276894,ISIC_9971064
IL_6650596,BCC,ISIC_1000918,ISIC_4905525
IL_6653244,NV,ISIC_6208118,ISIC_0887284
IL_6654419,AKIEC,ISIC_8124386,ISIC_1999632
IL_6654739,BKL,ISIC_8949217,ISIC_8436376
IL_6655417,NV,ISIC_0329283,ISIC_1831934
IL_6657702,MEL,ISIC_0258020,ISIC_5068413
IL_6658554,BKL,ISIC_5433476,ISIC_2289203
IL_6659828,MEL,ISIC_5494529,ISIC_7801345
IL_6660320,INF,ISIC_2984850,ISIC_3584809
IL_6660376,MEL,ISIC_3931844,ISIC_8026822
IL_6662747,BKL,ISIC_9800865,ISIC_6657890
IL_6665105,AKIEC,ISIC_4018978,ISIC_4302597
IL_6665809,AKIEC,ISIC_9114356,ISIC_0970615
IL_6673700,NV,ISIC_0121050,ISIC_5171808
IL_6676284,AKIEC,ISIC_8429175,ISIC_8860235
IL_6677545,BCC,ISIC_8914881,ISIC_0907555
IL_6677993,NV,ISIC_2243897,ISIC_2961437
IL_6679773,BCC,ISIC_0426781,ISIC_7196937
IL_6680109,BCC,ISIC_6007784,ISIC_5079694
IL_6681910,BCC,ISIC_2580507,ISIC_4938829
IL_6684084,BKL,ISIC_0507617,ISIC_9640662
IL_6684225,BCC,ISIC_8749451,ISIC_7478833
IL_6686200,BCC,ISIC_7335684,ISIC_6569850
IL_6687584,SCCKA,ISIC_3067376,ISIC_7896976
IL_6687595,AKIEC,ISIC_9115621,ISIC_2580974
IL_6690716,BKL,ISIC_4229124,ISIC_6825359
IL_6691534,BCC,ISIC_9369364,ISIC_0190959
IL_6691831,BCC,ISIC_1242913,ISIC_4133448
IL_6692380,AKIEC,ISIC_2891524,ISIC_9740592
IL_6693472,MEL,ISIC_0682339,ISIC_2783831
IL_6695406,MEL,ISIC_7835980,ISIC_6259246
IL_6695946,BEN_OTH,ISIC_7168635,ISIC_6026183
IL_6705491,MEL,ISIC_5176734,ISIC_9266057
IL_6706303,AKIEC,ISIC_6872166,ISIC_7006091
IL_6710445,BCC,ISIC_6145727,ISIC_3783849
IL_6711797,BCC,ISIC_9784837,ISIC_9153141
IL_6717785,NV,ISIC_6110252,ISIC_5239106
IL_6718051,BCC,ISIC_5836804,ISIC_4185934
IL_6719325,BCC,ISIC_6625754,ISIC_5709448
IL_6727928,AKIEC,ISIC_4464487,ISIC_1817508
IL_6728054,MEL,ISIC_1066863,ISIC_7227677
IL_6731689,BKL,ISIC_4583576,ISIC_8373214
IL_6731781,NV,ISIC_4857675,ISIC_0914647
IL_6732051,BCC,ISIC_3078783,ISIC_2974995
IL_6733818,BCC,ISIC_4155762,ISIC_9472474
IL_6738007,BCC,ISIC_9756777,ISIC_8498076
IL_6741185,MEL,ISIC_3601752,ISIC_3807230
IL_6743301,BCC,ISIC_8722591,ISIC_0499568
IL_6751385,SCCKA,ISIC_4297082,ISIC_7774559
IL_6752385,NV,ISIC_2752952,ISIC_3224359
IL_6753634,SCCKA,ISIC_0230558,ISIC_9290748
IL_6755192,BCC,ISIC_0091575,ISIC_5997076
IL_6762452,BCC,ISIC_7902533,ISIC_5022439
IL_6764559,SCCKA,ISIC_4061158,ISIC_8292493
IL_6765370,BCC,ISIC_5260184,ISIC_7193606
IL_6767086,BCC,ISIC_6713718,ISIC_7991319
IL_6767312,BCC,ISIC_0924690,ISIC_2288348
IL_6768350,BCC,ISIC_9915675,ISIC_6005450
IL_6770376,SCCKA,ISIC_9587357,ISIC_4929247
IL_6777208,AKIEC,ISIC_1119486,ISIC_2268118
IL_6780614,BCC,ISIC_0125985,ISIC_8407534
IL_6780891,BCC,ISIC_8171954,ISIC_0481541
IL_6781250,BKL,ISIC_8225518,ISIC_9568577
IL_6783043,BCC,ISIC_7919661,ISIC_1012530
IL_6783933,BCC,ISIC_9739600,ISIC_7288734
IL_6784777,BCC,ISIC_2882147,ISIC_7706527
IL_6787106,BKL,ISIC_2443273,ISIC_5275192
IL_6788244,BCC,ISIC_2222551,ISIC_8112188
IL_6790433,BCC,ISIC_5281912,ISIC_8612060
IL_6793597,BCC,ISIC_1751483,ISIC_5983030
IL_6800675,BCC,ISIC_8879612,ISIC_4687962
IL_6802570,BCC,ISIC_7336445,ISIC_8900097
IL_6802806,BCC,ISIC_3431588,ISIC_4236187
IL_6803383,BCC,ISIC_8383870,ISIC_0907354
IL_6806231,NV,ISIC_2766210,ISIC_2205187
IL_6806894,BEN_OTH,ISIC_7397866,ISIC_1589936
IL_6812104,BCC,ISIC_4962195,ISIC_2826779
IL_6812828,BKL,ISIC_0159106,ISIC_6590580
IL_6816104,BCC,ISIC_5076767,ISIC_6402943
IL_6816811,BCC,ISIC_7386871,ISIC_3675396
IL_6816964,BCC,ISIC_4735270,ISIC_9497415
IL_6820116,BCC,ISIC_0371990,ISIC_1177251
IL_6820172,NV,ISIC_6424694,ISIC_7987042
IL_6825163,BKL,ISIC_8342006,ISIC_8782095
IL_6826946,BCC,ISIC_5785000,ISIC_4485874
IL_6827791,BCC,ISIC_8786149,ISIC_3050416
IL_6829628,VASC,ISIC_3168049,ISIC_5962854
IL_6831423,BKL,ISIC_3033593,ISIC_5602759
IL_6832488,BEN_OTH,ISIC_3933356,ISIC_7886084
IL_6833958,AKIEC,ISIC_0895842,ISIC_0605910
IL_6834280,BCC,ISIC_1942943,ISIC_6072797
IL_6834343,BCC,ISIC_2508300,ISIC_1587160
IL_6836295,BCC,ISIC_2276012,ISIC_7042361
IL_6836759,BCC,ISIC_1583880,ISIC_6580622
IL_6836938,NV,ISIC_3560001,ISIC_7139592
IL_6839518,BCC,ISIC_8025365,ISIC_1146594
IL_6841105,BCC,ISIC_2886088,ISIC_9390664
IL_6845657,BCC,ISIC_2099638,ISIC_0472359
IL_6847142,BCC,ISIC_5308424,ISIC_7030907
IL_6847557,NV,ISIC_4117941,ISIC_4548708
IL_6847653,BCC,ISIC_0661387,ISIC_3938095
IL_6849118,SCCKA,ISIC_0230992,ISIC_8257388
IL_6850540,BKL,ISIC_3072984,ISIC_1992710
IL_6852784,SCCKA,ISIC_3535393,ISIC_8984180
IL_6853458,BCC,ISIC_4821829,ISIC_4490552
IL_6853764,NV,ISIC_4460423,ISIC_5242239
IL_6860509,NV,ISIC_0635424,ISIC_3587898
IL_6862607,MEL,ISIC_8044922,ISIC_7143359
IL_6863139,BCC,ISIC_6756079,ISIC_0770132
IL_6865850,BKL,ISIC_8921737,ISIC_6389514
IL_6867211,BCC,ISIC_2659768,ISIC_6444211
IL_6868637,BCC,ISIC_5904770,ISIC_8274052
IL_6869608,NV,ISIC_9172622,ISIC_0628522
IL_6873122,BCC,ISIC_4082323,ISIC_7451740
IL_6877500,NV,ISIC_8853941,ISIC_8072870
IL_6877594,MEL,ISIC_6786577,ISIC_9179884
IL_6879944,BCC,ISIC_8256652,ISIC_6645684
IL_6881549,MEL,ISIC_9586593,ISIC_4444976
IL_6887782,MEL,ISIC_3636477,ISIC_6801081
IL_6888709,BCC,ISIC_1364908,ISIC_2627340
IL_6889294,NV,ISIC_1249178,ISIC_6773668
IL_6890613,BCC,ISIC_7648987,ISIC_1217127
IL_6891715,BCC,ISIC_0441765,ISIC_4316947
IL_6893390,BCC,ISIC_5688333,ISIC_9845346
IL_6893895,SCCKA,ISIC_7395651,ISIC_4042132
IL_6897591,BCC,ISIC_9309251,ISIC_0783408
IL_6900005,SCCKA,ISIC_2736440,ISIC_1424240
IL_6901137,NV,ISIC_6412771,ISIC_7105831
IL_6904251,MEL,ISIC_0637039,ISIC_3667052
IL_6907035,AKIEC,ISIC_6194754,ISIC_2039556
IL_6907846,BCC,ISIC_0365517,ISIC_4876540
IL_6910887,SCCKA,ISIC_0497671,ISIC_8657483
IL_6914353,BKL,ISIC_2648102,ISIC_5013822
IL_6916787,MEL,ISIC_4113126,ISIC_2710427
IL_6918825,BCC,ISIC_7466654,ISIC_0308676
IL_6920562,BCC,ISIC_2909896,ISIC_8759947
IL_6921234,SCCKA,ISIC_6112946,ISIC_5977103
IL_6921814,INF,ISIC_3645026,ISIC_0939581
IL_6922157,BCC,ISIC_7718433,ISIC_5787999
IL_6923101,BKL,ISIC_3830802,ISIC_6045266
IL_6926663,BKL,ISIC_1293046,ISIC_6545015
IL_6931875,BCC,ISIC_1141942,ISIC_0386589
IL_6934051,BCC,ISIC_9339729,ISIC_7806895
IL_6935621,BCC,ISIC_6303646,ISIC_5419605
IL_6938296,MEL,ISIC_5163313,ISIC_8532508
IL_6940421,BCC,ISIC_7241087,ISIC_2952204
IL_6942277,BCC,ISIC_5842417,ISIC_9255841
IL_6943395,BCC,ISIC_2538950,ISIC_7507040
IL_6943696,MEL,ISIC_7096753,ISIC_3511086
IL_6944538,BCC,ISIC_9261289,ISIC_3799041
IL_6946441,BCC,ISIC_3761563,ISIC_9329600
IL_6947198,BCC,ISIC_2608904,ISIC_6875407
IL_6947307,MEL,ISIC_5212180,ISIC_7501825
IL_6950082,BCC,ISIC_5353872,ISIC_8668491
IL_6950574,SCCKA,ISIC_3043432,ISIC_5310585
IL_6952283,BCC,ISIC_1868456,ISIC_6759359
IL_6953253,BKL,ISIC_5282437,ISIC_2122704
IL_6954282,BCC,ISIC_6595206,ISIC_2035169
IL_6955894,SCCKA,ISIC_8326686,ISIC_2336235
IL_6955950,BCC,ISIC_4441956,ISIC_2731701
IL_6960759,NV,ISIC_8596125,ISIC_7053064
IL_6962056,BCC,ISIC_9264413,ISIC_8934759
IL_6962518,BKL,ISIC_6419369,ISIC_1375994
IL_6962525,MEL,ISIC_7764869,ISIC_9399586
IL_6964615,SCCKA,ISIC_2458155,ISIC_4146633
IL_6967466,AKIEC,ISIC_5031508,ISIC_8058034
IL_6968028,BCC,ISIC_8698202,ISIC_6843700
IL_6970769,AKIEC,ISIC_2835239,ISIC_9490027
IL_6970839,BCC,ISIC_6966608,ISIC_7308323
IL_6971040,BCC,ISIC_0965611,ISIC_5953259
IL_6972994,BKL,ISIC_2771215,ISIC_9594263
IL_6975771,BKL,ISIC_0988479,ISIC_7188767
IL_6976997,BCC,ISIC_8898114,ISIC_8789412
IL_6980799,BCC,ISIC_5663141,ISIC_3869672
IL_6981677,BKL,ISIC_2070258,ISIC_9566721
IL_6982257,BKL,ISIC_2313224,ISIC_7889425
IL_6983089,BCC,ISIC_8895392,ISIC_8260085
IL_6985784,BCC,ISIC_7495478,ISIC_9814156
IL_6987623,SCCKA,ISIC_4222832,ISIC_5348732
IL_6994946,BCC,ISIC_7905939,ISIC_1099345
IL_6995611,BCC,ISIC_9690596,ISIC_7126369
IL_6995800,BCC,ISIC_9460306,ISIC_2821063
IL_7001999,BKL,ISIC_2012204,ISIC_5398617
IL_7002218,BCC,ISIC_1858857,ISIC_7101608
IL_7009317,BCC,ISIC_8172746,ISIC_6550575
IL_7010716,BCC,ISIC_6720121,ISIC_5272574
IL_7018812,NV,ISIC_5138739,ISIC_4604978
IL_7020464,BCC,ISIC_5398729,ISIC_5978873
IL_7021252,BCC,ISIC_2260553,ISIC_9333834
IL_7023343,BKL,ISIC_7044269,ISIC_7798660
IL_7023776,MEL,ISIC_8224925,ISIC_0303344
IL_7025715,BCC,ISIC_8375920,ISIC_4891974
IL_7034228,SCCKA,ISIC_3782737,ISIC_5980977
IL_7034758,BCC,ISIC_4860957,ISIC_6314287
IL_7037144,BCC,ISIC_5908271,ISIC_0796884
IL_7041328,BCC,ISIC_4718280,ISIC_3023055
IL_7047069,BCC,ISIC_9802702,ISIC_1252883
IL_7048697,DF,ISIC_5390171,ISIC_2516006
IL_7050947,BCC,ISIC_9208623,ISIC_6757914
IL_7052424,NV,ISIC_2611411,ISIC_1460132
IL_7059623,NV,ISIC_8349907,ISIC_9153724
IL_7060630,AKIEC,ISIC_2426618,ISIC_1917329
IL_7061463,BCC,ISIC_9909995,ISIC_9232753
IL_7062666,BCC,ISIC_9933283,ISIC_7588660
IL_7063855,BCC,ISIC_1936960,ISIC_2323901
IL_7064564,BCC,ISIC_6932479,ISIC_8240527
IL_7068236,BCC,ISIC_8932910,ISIC_2272478
IL_7070259,BCC,ISIC_1577177,ISIC_1329019
IL_7071169,AKIEC,ISIC_2062545,ISIC_3513821
IL_7072256,AKIEC,ISIC_2114322,ISIC_4581129
IL_7074375,BCC,ISIC_7286255,ISIC_4583761
IL_7075634,BEN_OTH,ISIC_7550843,ISIC_5221340
IL_7077656,BCC,ISIC_9778028,ISIC_8229493
IL_7084309,BCC,ISIC_8764700,ISIC_6396169
IL_7085147,NV,ISIC_0325053,ISIC_8905603
IL_7085786,BCC,ISIC_5395930,ISIC_0141332
IL_7092034,BCC,ISIC_5517639,ISIC_5128796
IL_7093777,NV,ISIC_9706184,ISIC_6631462
IL_7096412,BCC,ISIC_0217174,ISIC_0720537
IL_7099045,AKIEC,ISIC_7838099,ISIC_7705901
IL_7101016,BCC,ISIC_9072692,ISIC_5064090
IL_7103139,NV,ISIC_0350911,ISIC_9688192
IL_7103424,BCC,ISIC_2233726,ISIC_4807163
IL_7108184,BCC,ISIC_0817963,ISIC_6484938
IL_7110419,BCC,ISIC_5648712,ISIC_4582043
IL_7110951,BCC,ISIC_5943733,ISIC_5352626
IL_7113968,SCCKA,ISIC_4004241,ISIC_4552842
IL_7115746,BCC,ISIC_3432469,ISIC_2324920
IL_7117274,BCC,ISIC_0987929,ISIC_0319894
IL_7117904,BKL,ISIC_2240444,ISIC_8627295
IL_7119358,NV,ISIC_6070696,ISIC_4363100
IL_7124552,NV,ISIC_5562574,ISIC_1604088
IL_7126907,BCC,ISIC_2022573,ISIC_3826563
IL_7127568,BCC,ISIC_5605119,ISIC_3184893
IL_7130960,NV,ISIC_3827392,ISIC_7302180
IL_7131133,BCC,ISIC_1468532,ISIC_7882504
IL_7133935,NV,ISIC_3037740,ISIC_0095743
IL_7135513,BKL,ISIC_8878792,ISIC_5217075
IL_7136184,NV,ISIC_7821426,ISIC_2604782
IL_7136276,AKIEC,ISIC_1157338,ISIC_4222750
IL_7137624,SCCKA,ISIC_1119141,ISIC_6932845
IL_7140483,BCC,ISIC_5425472,ISIC_2880667
IL_7140493,BKL,ISIC_5855684,ISIC_0761359
IL_7141559,VASC,ISIC_8078817,ISIC_4881815
IL_7142205,NV,ISIC_4892815,ISIC_0769255
IL_7144691,BCC,ISIC_5992256,ISIC_5901264
IL_7145393,MEL,ISIC_9562167,ISIC_8815594
IL_7146228,BCC,ISIC_8283268,ISIC_6454913
IL_7147534,BCC,ISIC_9820560,ISIC_4536103
IL_7147688,AKIEC,ISIC_2617383,ISIC_3009842
IL_7148705,NV,ISIC_6966227,ISIC_9477090
IL_7148774,BCC,ISIC_7138482,ISIC_1344587
IL_7151010,BKL,ISIC_1784132,ISIC_6959082
IL_7154137,SCCKA,ISIC_7645695,ISIC_3203799
IL_7159942,NV,ISIC_5519093,ISIC_6550801
IL_7161164,NV,ISIC_1621985,ISIC_9473743
IL_7164412,SCCKA,ISIC_1934403,ISIC_4982700
IL_7165616,AKIEC,ISIC_9730737,ISIC_7356122
IL_7167860,INF,ISIC_9312951,ISIC_3602145
IL_7168178,BCC,ISIC_6503857,ISIC_5597408
IL_7168991,BCC,ISIC_5871089,ISIC_4597469
IL_7170892,BCC,ISIC_0148805,ISIC_9218783
IL_7173541,BKL,ISIC_6449173,ISIC_6272878
IL_7173573,NV,ISIC_0989126,ISIC_3362091
IL_7178513,BCC,ISIC_9798470,ISIC_3042456
IL_7181510,BCC,ISIC_9318888,ISIC_3774225
IL_7182568,BCC,ISIC_5753091,ISIC_9688065
IL_7183355,MEL,ISIC_6934851,ISIC_3520227
IL_7186549,BCC,ISIC_4494081,ISIC_0197527
IL_7193768,NV,ISIC_4491147,ISIC_5767646
IL_7197131,BCC,ISIC_9728651,ISIC_3346679
IL_7198144,BCC,ISIC_7957331,ISIC_4080973
IL_7199069,BCC,ISIC_1386079,ISIC_4051799
IL_7204368,BCC,ISIC_3727364,ISIC_1984602
IL_7206184,AKIEC,ISIC_4135378,ISIC_5056247
IL_7206391,BCC,ISIC_9660882,ISIC_7668414
IL_7208264,SCCKA,ISIC_5317598,ISIC_9686538
IL_7209123,BCC,ISIC_7247659,ISIC_3527498
IL_7210800,MEL,ISIC_5706903,ISIC_6048752
IL_7210952,BCC,ISIC_0855130,ISIC_7116804
IL_7212919,NV,ISIC_8556689,ISIC_8344146
IL_7213317,SCCKA,ISIC_0963883,ISIC_7332242
IL_7213774,BCC,ISIC_6481562,ISIC_7858765
IL_7215009,SCCKA,ISIC_5719893,ISIC_9419736
IL_7216182,BCC,ISIC_0185719,ISIC_4482209
IL_7216660,NV,ISIC_1424951,ISIC_1430481
IL_7217453,NV,ISIC_3672834,ISIC_7391014
IL_7219424,BCC,ISIC_7632213,ISIC_7793572
IL_7224392,BCC,ISIC_2414931,ISIC_1182747
IL_7227279,AKIEC,ISIC_0831021,ISIC_9824186
IL_7229080,BKL,ISIC_5110194,ISIC_8508207
IL_7230035,MEL,ISIC_3288726,ISIC_9546502
IL_7230788,DF,ISIC_0286860,ISIC_1954444
IL_7232316,BCC,ISIC_5301687,ISIC_6366384
IL_7232351,BCC,ISIC_2230113,ISIC_3022261
IL_7234452,NV,ISIC_9219836,ISIC_4889821
IL_7235681,AKIEC,ISIC_5494556,ISIC_6212400
IL_7237834,BCC,ISIC_4158420,ISIC_2857248
IL_7237859,NV,ISIC_7202617,ISIC_2918081
IL_7238711,BCC,ISIC_9568205,ISIC_4853537
IL_7239273,BCC,ISIC_4138560,ISIC_7788766
IL_7240190,BCC,ISIC_0863711,ISIC_9447530
IL_7240345,NV,ISIC_0127934,ISIC_7973098
IL_7242208,BCC,ISIC_3252878,ISIC_9526087
IL_7242669,NV,ISIC_5280186,ISIC_4204876
IL_7243389,NV,ISIC_8884437,ISIC_7615308
IL_7244140,NV,ISIC_1644843,ISIC_5207549
IL_7244270,BCC,ISIC_7032433,ISIC_9774801
IL_7251492,BCC,ISIC_8458042,ISIC_6600475
IL_7252139,BKL,ISIC_3159993,ISIC_1607224
IL_7253119,SCCKA,ISIC_2447346,ISIC_7383339
IL_7253924,BCC,ISIC_5967951,ISIC_0746908
IL_7257166,BCC,ISIC_4109800,ISIC_2628667
IL_7257549,BCC,ISIC_7479360,ISIC_3888868
IL_7263910,AKIEC,ISIC_9973095,ISIC_9428829
IL_7270407,BCC,ISIC_2006791,ISIC_0143535
IL_7273243,NV,ISIC_3974637,ISIC_9287993
IL_7274856,BKL,ISIC_4171190,ISIC_5027597
IL_7278606,BCC,ISIC_0307392,ISIC_3395616
IL_7281878,BCC,ISIC_3642409,ISIC_2866719
IL_7287548,BCC,ISIC_2767026,ISIC_1477042
IL_7288279,BCC,ISIC_8531625,ISIC_2062148
IL_7288845,BCC,ISIC_0798109,ISIC_8551756
IL_7289099,BKL,ISIC_6724521,ISIC_6254065
IL_7291887,BCC,ISIC_7616494,ISIC_6315760
IL_7292405,SCCKA,ISIC_1801884,ISIC_9145770
IL_7294235,BCC,ISIC_9522896,ISIC_4427785
IL_7294930,BCC,ISIC_2664046,ISIC_9611388
IL_7295306,BCC,ISIC_8375466,ISIC_9543842
IL_7296591,BCC,ISIC_5967560,ISIC_1207350
IL_7297013,MEL,ISIC_0557709,ISIC_2793180
IL_7304734,SCCKA,ISIC_4689149,ISIC_6044250
IL_7308703,NV,ISIC_7865678,ISIC_9136283
IL_7308979,BKL,ISIC_5291074,ISIC_5636046
IL_7309398,NV,ISIC_1559307,ISIC_1537765
IL_7319157,BCC,ISIC_6679416,ISIC_2020122
IL_7320172,MEL,ISIC_1359419,ISIC_4282860
IL_7327250,AKIEC,ISIC_8684025,ISIC_6079632
IL_7329436,BCC,ISIC_3250445,ISIC_1106208
IL_7331550,AKIEC,ISIC_4520270,ISIC_5335240
IL_7331633,INF,ISIC_1869252,ISIC_6119847
IL_7332620,BCC,ISIC_5083751,ISIC_9263753
IL_7333819,BCC,ISIC_4987638,ISIC_0444953
IL_7333978,MEL,ISIC_2972264,ISIC_5602394
IL_7335735,BCC,ISIC_7747685,ISIC_8776361
IL_7336042,BCC,ISIC_5775199,ISIC_9594679
IL_7336420,NV,ISIC_4987986,ISIC_8718627
IL_7336538,BCC,ISIC_3610123,ISIC_8483907
IL_7337481,BCC,ISIC_9559910,ISIC_4565417
IL_7337548,MEL,ISIC_1389612,ISIC_0529050
IL_7340279,SCCKA,ISIC_5406917,ISIC_2199762
IL_7340563,MAL_OTH,ISIC_2110641,ISIC_2759533
IL_7343687,MEL,ISIC_0391153,ISIC_6508737
IL_7344766,SCCKA,ISIC_0859627,ISIC_7921865
IL_7348200,BCC,ISIC_5058400,ISIC_4591575
IL_7348404,BCC,ISIC_1950578,ISIC_5274972
IL_7348450,BCC,ISIC_5676014,ISIC_7227216
IL_7350361,MEL,ISIC_7730161,ISIC_4218751
IL_7353062,BKL,ISIC_1711017,ISIC_0738113
IL_7356109,SCCKA,ISIC_4894144,ISIC_4977351
IL_7356292,BCC,ISIC_0829445,ISIC_0153376
IL_7358979,NV,ISIC_1958652,ISIC_0951274
IL_7360885,SCCKA,ISIC_2998511,ISIC_7742545
IL_7361065,BCC,ISIC_3640695,ISIC_2288726
IL_7361410,NV,ISIC_3716373,ISIC_8361955
IL_7361836,BCC,ISIC_1391601,ISIC_6755281
IL_7363229,BCC,ISIC_6706263,ISIC_7517022
IL_7363364,BCC,ISIC_4958487,ISIC_1597752
IL_7363444,BCC,ISIC_7775105,ISIC_4662348
IL_7363602,BCC,ISIC_5804154,ISIC_2282699
IL_7364791,BCC,ISIC_7745898,ISIC_7760822
IL_7366789,BKL,ISIC_2340328,ISIC_5151650
IL_7367397,BCC,ISIC_0629020,ISIC_1124994
IL_7368324,BCC,ISIC_0966559,ISIC_8391328
IL_7369841,MEL,ISIC_4560761,ISIC_7978498
IL_7372717,BKL,ISIC_7767475,ISIC_8352723
IL_7373612,BCC,ISIC_4564343,ISIC_5434141
IL_7376173,BKL,ISIC_0169534,ISIC_7716315
IL_7376850,BCC,ISIC_8478651,ISIC_6248808
IL_7377156,BCC,ISIC_4424871,ISIC_4859968
IL_7382399,NV,ISIC_1415038,ISIC_8566440
IL_7385795,INF,ISIC_9210156,ISIC_8825637
IL_7385851,AKIEC,ISIC_3100261,ISIC_7326842
IL_7387291,NV,ISIC_7789436,ISIC_5788717
IL_7389782,BCC,ISIC_1245273,ISIC_4158219
IL_7390451,BCC,ISIC_8745622,ISIC_7372306
IL_7394402,BCC,ISIC_5759990,ISIC_6664237
IL_7397211,SCCKA,ISIC_4888153,ISIC_8734016
IL_7397466,NV,ISIC_7626679,ISIC_9759173
IL_7397642,BCC,ISIC_7472074,ISIC_7623387
IL_7398845,BCC,ISIC_6901509,ISIC_6074880
IL_7400064,BKL,ISIC_4635975,ISIC_5149324
IL_7402046,SCCKA,ISIC_5763649,ISIC_2611469
IL_7402183,NV,ISIC_6939444,ISIC_4626097
IL_7402756,BCC,ISIC_1506683,ISIC_5469285
IL_7402808,BCC,ISIC_0327776,ISIC_4581953
IL_7406040,BCC,ISIC_9127714,ISIC_2578355
IL_7408764,BCC,ISIC_5399116,ISIC_5996846
IL_7416189,BCC,ISIC_8363273,ISIC_8854712
IL_7417538,MEL,ISIC_3973393,ISIC_8285122
IL_7418665,BCC,ISIC_7936930,ISIC_9736851
IL_7423062,BCC,ISIC_7808824,ISIC_1234193
IL_7424810,BCC,ISIC_2323046,ISIC_6559313
IL_7425145,BCC,ISIC_5957176,ISIC_9460959
IL_7426204,BCC,ISIC_1623626,ISIC_7734472
IL_7428104,BKL,ISIC_7569602,ISIC_6488682
IL_7431688,SCCKA,ISIC_6888436,ISIC_4075850
IL_7434637,BKL,ISIC_2903895,ISIC_2613076
IL_7437076,BCC,ISIC_8274729,ISIC_6241374
IL_7437846,BCC,ISIC_7885893,ISIC_1446269
IL_7438148,BCC,ISIC_6581346,ISIC_3302562
IL_7439441,NV,ISIC_0830502,ISIC_6953221
IL_7439967,BCC,ISIC_6365827,ISIC_4232474
IL_7440371,NV,ISIC_3306550,ISIC_5879011
IL_7443254,BCC,ISIC_1967763,ISIC_2770352
IL_7443834,BCC,ISIC_4042084,ISIC_3483103
IL_7444227,AKIEC,ISIC_4299958,ISIC_1764656
IL_7444377,BCC,ISIC_2360770,ISIC_2490728
IL_7447582,BCC,ISIC_9976872,ISIC_4353551
IL_7451238,BCC,ISIC_6566959,ISIC_5897869
IL_7451964,BCC,ISIC_7050719,ISIC_1094830
IL_7452533,BCC,ISIC_6613152,ISIC_1818416
IL_7453995,BCC,ISIC_0904295,ISIC_6760541
IL_7459473,BKL,ISIC_0211830,ISIC_3101169
IL_7462032,BCC,ISIC_3632192,ISIC_4215075
IL_7464523,SCCKA,ISIC_4612891,ISIC_1056095
IL_7464874,SCCKA,ISIC_2787372,ISIC_8723086
IL_7465840,BCC,ISIC_9107881,ISIC_1855151
IL_7466506,BCC,ISIC_1500076,ISIC_5116668
IL_7469546,NV,ISIC_8088100,ISIC_4588970
IL_7471218,SCCKA,ISIC_0424607,ISIC_8790887
IL_7471558,MEL,ISIC_0686429,ISIC_1454751
IL_7474908,BCC,ISIC_5731785,ISIC_5129863
IL_7478633,INF,ISIC_9173490,ISIC_0202283
IL_7478637,NV,ISIC_4516929,ISIC_1636355
IL_7480471,AKIEC,ISIC_4091147,ISIC_3675883
IL_7481126,MEL,ISIC_9225499,ISIC_0212251
IL_7483628,BCC,ISIC_7780780,ISIC_7292116
IL_7484711,BCC,ISIC_6366299,ISIC_7763661
IL_7487058,BCC,ISIC_1700566,ISIC_1163815
IL_7488705,MAL_OTH,ISIC_2350590,ISIC_2126637
IL_7490546,BCC,ISIC_3206478,ISIC_0964556
IL_7494236,BCC,ISIC_0807781,ISIC_5987390
IL_7496538,BCC,ISIC_5433961,ISIC_5232516
IL_7502626,BCC,ISIC_0236351,ISIC_4325688
IL_7502658,SCCKA,ISIC_8709148,ISIC_1384590
IL_7503105,BCC,ISIC_3097252,ISIC_2666138
IL_7504517,SCCKA,ISIC_3408569,ISIC_0478881
IL_7508882,NV,ISIC_3475953,ISIC_5778552
IL_7509121,BCC,ISIC_4103277,ISIC_3236056
IL_7510888,BCC,ISIC_3748838,ISIC_3688805
IL_7511780,BKL,ISIC_5203294,ISIC_8119167
IL_7514466,BCC,ISIC_3370385,ISIC_1327315
IL_7518108,BKL,ISIC_0683612,ISIC_9945680
IL_7520966,SCCKA,ISIC_1075770,ISIC_9067523
IL_7523112,BCC,ISIC_4081526,ISIC_3788989
IL_7523835,NV,ISIC_2628160,ISIC_2641644
IL_7525754,BCC,ISIC_1411585,ISIC_9992648
IL_7527529,NV,ISIC_8741300,ISIC_8410820
IL_7528128,DF,ISIC_3581058,ISIC_6622403
IL_7528709,BCC,ISIC_0278827,ISIC_1581919
IL_7532219,BCC,ISIC_3125449,ISIC_9408905
IL_7532764,BCC,ISIC_8979552,ISIC_4486341
IL_7533213,SCCKA,ISIC_0912606,ISIC_3933736
IL_7534180,BCC,ISIC_7248341,ISIC_2334810
IL_7534486,BCC,ISIC_4516611,ISIC_4345415
IL_7535294,NV,ISIC_4186049,ISIC_7307945
IL_7537645,NV,ISIC_4532622,ISIC_3223440
IL_7539443,BKL,ISIC_6097869,ISIC_4281048
IL_7540497,BCC,ISIC_8499730,ISIC_8038497
IL_7549554,BCC,ISIC_5435390,ISIC_2216126
IL_7550405,BCC,ISIC_3619795,ISIC_0301368
IL_7550838,BCC,ISIC_0888295,ISIC_0818540
IL_7552971,BCC,ISIC_1907930,ISIC_0968530
IL_7553488,NV,ISIC_9346486,ISIC_4509108
IL_7555285,BKL,ISIC_9239381,ISIC_3852630
IL_7560390,BKL,ISIC_8383673,ISIC_4391368
IL_7564566,BCC,ISIC_7849821,ISIC_4983893
IL_7565291,BCC,ISIC_4834358,ISIC_1738383
IL_7566377,AKIEC,ISIC_4767902,ISIC_8639708
IL_7570167,BCC,ISIC_2716370,ISIC_2750525
IL_7570811,BCC,ISIC_9719495,ISIC_3869200
IL_7571099,BCC,ISIC_7209186,ISIC_0855454
IL_7571308,BCC,ISIC_0820547,ISIC_6202224
IL_7573989,BCC,ISIC_1290781,ISIC_6934396
IL_7577530,NV,ISIC_8951979,ISIC_1029957
IL_7581043,BEN_OTH,ISIC_1377073,ISIC_0867368
IL_7582740,BCC,ISIC_5833727,ISIC_9256618
IL_7591530,BKL,ISIC_5037023,ISIC_5745809
IL_7594910,BCC,ISIC_8295638,ISIC_1556864
IL_7595050,BCC,ISIC_6954599,ISIC_9178763
IL_7601833,SCCKA,ISIC_9804365,ISIC_6351671
IL_7602134,BKL,ISIC_3145046,ISIC_5728378
IL_7602662,BCC,ISIC_1739677,ISIC_3151108
IL_7604860,BKL,ISIC_9725159,ISIC_2907125
IL_7610789,NV,ISIC_2388998,ISIC_4473773
IL_7611472,MEL,ISIC_0720115,ISIC_9588487
IL_7613691,BKL,ISIC_6969322,ISIC_1272616
IL_7616901,BCC,ISIC_4391247,ISIC_1639468
IL_7617195,AKIEC,ISIC_1809128,ISIC_1445820
IL_7619356,NV,ISIC_6665062,ISIC_3612044
IL_7619884,BKL,ISIC_6854833,ISIC_5378143
IL_7620308,NV,ISIC_3603310,ISIC_8894147
IL_7621728,MEL,ISIC_1167183,ISIC_7640631
IL_7625524,BCC,ISIC_5641672,ISIC_2597603
IL_7627214,BCC,ISIC_5889637,ISIC_5185179
IL_7627926,AKIEC,ISIC_3093760,ISIC_7274523
IL_7628990,AKIEC,ISIC_7449425,ISIC_8731413
IL_7629358,NV,ISIC_8546677,ISIC_7799008
IL_7631753,BCC,ISIC_3961758,ISIC_1663532
IL_7633169,BKL,ISIC_1827820,ISIC_2048164
IL_7635168,BCC,ISIC_9788437,ISIC_0681143
IL_7635257,MEL,ISIC_4992936,ISIC_6212007
IL_7636266,BCC,ISIC_2957330,ISIC_0696597
IL_7637408,BCC,ISIC_6214871,ISIC_8334167
IL_7639088,AKIEC,ISIC_8745325,ISIC_8025582
IL_7642375,VASC,ISIC_1594200,ISIC_7646924
IL_7642470,BCC,ISIC_8119943,ISIC_8372465
IL_7643316,MEL,ISIC_6862838,ISIC_4254772
IL_7643911,BCC,ISIC_4502250,ISIC_1653372
IL_7644986,BCC,ISIC_9314032,ISIC_3032522
IL_7647524,NV,ISIC_5800499,ISIC_9175575
IL_7648994,BCC,ISIC_8851382,ISIC_8268192
IL_7649992,BCC,ISIC_9642936,ISIC_6791466
IL_7650602,BCC,ISIC_3646755,ISIC_3934885
IL_7652961,BCC,ISIC_1999040,ISIC_3050521
IL_7653394,BCC,ISIC_5778156,ISIC_4721060
IL_7653541,BCC,ISIC_5305591,ISIC_5819591
IL_7653735,BCC,ISIC_3368184,ISIC_1386264
IL_7657501,BCC,ISIC_9221083,ISIC_1997951
IL_7657935,NV,ISIC_3743625,ISIC_1464557
IL_7660180,BCC,ISIC_1977334,ISIC_7034620
IL_7660724,BCC,ISIC_1722763,ISIC_3317755
IL_7663588,BCC,ISIC_2414850,ISIC_9204844
IL_7667503,BCC,ISIC_7151845,ISIC_6451701
IL_7669534,SCCKA,ISIC_5722582,ISIC_5258143
IL_7671160,NV,ISIC_6193755,ISIC_3454940
IL_7672692,BCC,ISIC_9991793,ISIC_3606192
IL_7675373,NV,ISIC_9679564,ISIC_1649554
IL_7678083,BKL,ISIC_0590248,ISIC_3906512
IL_7680200,AKIEC,ISIC_5806581,ISIC_4648640
IL_7682560,NV,ISIC_2183840,ISIC_9532049
IL_7685934,MEL,ISIC_2429951,ISIC_6749742
IL_7687091,AKIEC,ISIC_7503610,ISIC_1558061
IL_7687935,VASC,ISIC_6551157,ISIC_6141128
IL_7687991,SCCKA,ISIC_1145018,ISIC_7242927
IL_7689829,BCC,ISIC_3331894,ISIC_5923153
IL_7699811,NV,ISIC_7430438,ISIC_8032507
IL_7705011,BCC,ISIC_6883494,ISIC_3392397
IL_7707991,SCCKA,ISIC_1894495,ISIC_6908533
IL_7708257,BCC,ISIC_6350988,ISIC_1344355
IL_7709098,BCC,ISIC_7094095,ISIC_3518720
IL_7709757,BCC,ISIC_3142156,ISIC_2533333
IL_7711358,BCC,ISIC_4849294,ISIC_1814482
IL_7712318,NV,ISIC_6620223,ISIC_0811266
IL_7713182,NV,ISIC_4268667,ISIC_3322515
IL_7713888,BCC,ISIC_4541978,ISIC_7646698
IL_7713960,BCC,ISIC_8707995,ISIC_1564298
IL_7714849,MEL,ISIC_3057442,ISIC_4851185
IL_7716473,BCC,ISIC_8623479,ISIC_5350286
IL_7717192,BCC,ISIC_6983648,ISIC_3122147
IL_7718572,BCC,ISIC_0338405,ISIC_9710618
IL_7718928,BCC,ISIC_8830503,ISIC_7006889
IL_7719252,BCC,ISIC_0265983,ISIC_4988567
IL_7719893,BCC,ISIC_2005939,ISIC_2567983
IL_7724286,BKL,ISIC_3179593,ISIC_4191448
IL_7725832,NV,ISIC_5299228,ISIC_3836648
IL_7726867,AKIEC,ISIC_4424010,ISIC_5909840
IL_7727406,NV,ISIC_9560522,ISIC_4345273
IL_7727420,SCCKA,ISIC_3503789,ISIC_1066229
IL_7727942,BCC,ISIC_4426986,ISIC_3741929
IL_7728246,BKL,ISIC_1498924,ISIC_5197331
IL_7728515,MEL,ISIC_7406916,ISIC_0450405
IL_7728761,SCCKA,ISIC_7119768,ISIC_4167447
IL_7735449,NV,ISIC_7110078,ISIC_7702191
IL_7736241,AKIEC,ISIC_2977779,ISIC_6462791
IL_7738842,BCC,ISIC_7247605,ISIC_0124764
IL_7740320,DF,ISIC_7273308,ISIC_0569067
IL_7741201,BCC,ISIC_8376392,ISIC_8159052
IL_7743352,BEN_OTH,ISIC_5305490,ISIC_2501558
IL_7743393,AKIEC,ISIC_4264456,ISIC_2156383
IL_7743686,BCC,ISIC_9577015,ISIC_7101909
IL_7744787,MEL,ISIC_2936914,ISIC_8488027
IL_7744889,BCC,ISIC_3185613,ISIC_2973118
IL_7744965,BCC,ISIC_3203845,ISIC_3427526
IL_7746701,BCC,ISIC_8424804,ISIC_2683795
IL_7748792,NV,ISIC_7844519,ISIC_8040056
IL_7749269,BCC,ISIC_8745861,ISIC_3392380
IL_7749635,BKL,ISIC_9058731,ISIC_8738126
IL_7749709,SCCKA,ISIC_2808502,ISIC_2608885
IL_7749892,DF,ISIC_1161165,ISIC_2866672
IL_7750546,NV,ISIC_4316216,ISIC_7704554
IL_7753719,BCC,ISIC_5892371,ISIC_7458610
IL_7755452,SCCKA,ISIC_8470753,ISIC_7236730
IL_7755497,NV,ISIC_6385276,ISIC_3636991
IL_7756506,SCCKA,ISIC_8394448,ISIC_0454057
IL_7759035,BCC,ISIC_3719395,ISIC_7003219
IL_7760064,AKIEC,ISIC_9831775,ISIC_4534460
IL_7760285,BCC,ISIC_6914336,ISIC_1346867
IL_7760454,BCC,ISIC_1441409,ISIC_4656199
IL_7760506,BCC,ISIC_0790292,ISIC_0738994
IL_7762998,BCC,ISIC_7119069,ISIC_4849906
IL_7764430,MEL,ISIC_3386852,ISIC_6993040
IL_7768823,NV,ISIC_2970872,ISIC_1513850
IL_7769100,BCC,ISIC_5086729,ISIC_9721840
IL_7769284,BCC,ISIC_3985588,ISIC_6738908
IL_7770574,NV,ISIC_0418807,ISIC_2996843
IL_7773272,SCCKA,ISIC_8696938,ISIC_7749511
IL_7775733,BKL,ISIC_9846956,ISIC_5386166
IL_7776023,MEL,ISIC_9776738,ISIC_9314988
IL_7776622,NV,ISIC_7783388,ISIC_2240330
IL_7780651,BKL,ISIC_2196622,ISIC_8291456
IL_7781007,BCC,ISIC_5959720,ISIC_7396751
IL_7784987,NV,ISIC_6191034,ISIC_5863516
IL_7785689,BCC,ISIC_0800437,ISIC_4626190
IL_7789479,BCC,ISIC_1330675,ISIC_4482208
IL_7790192,BCC,ISIC_7499602,ISIC_3547942
IL_7792502,BCC,ISIC_9096776,ISIC_6168277
IL_7793730,BCC,ISIC_8311956,ISIC_5135443
IL_7795758,NV,ISIC_5780905,ISIC_2048857
IL_7798447,BCC,ISIC_4021072,ISIC_5795871
IL_7798468,AKIEC,ISIC_8982555,ISIC_8731377
IL_7800799,BCC,ISIC_0800961,ISIC_8710450
IL_7803371,SCCKA,ISIC_9198253,ISIC_5584967
IL_7804656,NV,ISIC_2376778,ISIC_7000928
IL_7806060,BCC,ISIC_8139051,ISIC_6176256
IL_7808577,BEN_OTH,ISIC_8216483,ISIC_0460586
IL_7811339,BCC,ISIC_9022996,ISIC_5000414
IL_7817244,BCC,ISIC_5620416,ISIC_3277305
IL_7818452,NV,ISIC_1476847,ISIC_7701592
IL_7820661,MEL,ISIC_9098536,ISIC_0184224
IL_7821260,BCC,ISIC_6242060,ISIC_1156133
IL_7825634,INF,ISIC_0313013,ISIC_3673744
IL_7825676,SCCKA,ISIC_3248460,ISIC_7381608
IL_7825697,MEL,ISIC_0671005,ISIC_3396463
IL_7825787,BCC,ISIC_4940435,ISIC_7072857
IL_7828194,BCC,ISIC_7956828,ISIC_7939427
IL_7829784,BCC,ISIC_0144213,ISIC_5792872
IL_7832293,BCC,ISIC_4672310,ISIC_0378725
IL_7833782,BCC,ISIC_7889192,ISIC_0772256
IL_7834176,BCC,ISIC_7117747,ISIC_8843537
IL_7834539,BCC,ISIC_7368145,ISIC_9669577
IL_7842588,BKL,ISIC_2345535,ISIC_7629948
IL_7845840,BCC,ISIC_1173037,ISIC_4489686
IL_7853523,NV,ISIC_6934066,ISIC_0575130
IL_7855473,NV,ISIC_6919900,ISIC_4051514
IL_7857682,NV,ISIC_9693907,ISIC_7384530
IL_7859476,BCC,ISIC_4362166,ISIC_9569670
IL_7864220,AKIEC,ISIC_3532225,ISIC_0644098
IL_7865284,BCC,ISIC_3439175,ISIC_4869343
IL_7867833,AKIEC,ISIC_3220453,ISIC_9268987
IL_7869579,BCC,ISIC_5632058,ISIC_3473807
IL_7871086,BCC,ISIC_8046525,ISIC_3644082
IL_7871549,SCCKA,ISIC_1536147,ISIC_0195374
IL_7871814,BCC,ISIC_8669932,ISIC_4438725
IL_7884218,BCC,ISIC_1226932,ISIC_6190757
IL_7884893,AKIEC,ISIC_4860954,ISIC_8183159
IL_7885027,BCC,ISIC_8292731,ISIC_6486784
IL_7885037,BCC,ISIC_2458475,ISIC_8774868
IL_7885179,BKL,ISIC_0278402,ISIC_1154162
IL_7894375,BCC,ISIC_8851360,ISIC_8021500
IL_7894470,AKIEC,ISIC_6861920,ISIC_3368991
IL_7894855,AKIEC,ISIC_9528989,ISIC_2215472
IL_7896547,INF,ISIC_6587157,ISIC_7859130
IL_7898098,BCC,ISIC_3584546,ISIC_6368798
IL_7900127,BCC,ISIC_7268085,ISIC_9216609
IL_7908482,BKL,ISIC_6521283,ISIC_5798737
IL_7910174,SCCKA,ISIC_4308394,ISIC_9390065
IL_7910339,BCC,ISIC_8479950,ISIC_7936557
IL_7911942,MEL,ISIC_4057179,ISIC_6013412
IL_7912330,BCC,ISIC_5620717,ISIC_7241253
IL_7913171,BCC,ISIC_4226769,ISIC_3877513
IL_7913818,SCCKA,ISIC_8366620,ISIC_2601688
IL_7914458,BCC,ISIC_7155383,ISIC_8776679
IL_7917334,SCCKA,ISIC_6544356,ISIC_6383214
IL_7917895,DF,ISIC_0703597,ISIC_6545294
IL_7918230,BCC,ISIC_4471703,ISIC_8082083
IL_7921375,AKIEC,ISIC_0118496,ISIC_1130368
IL_7923672,MEL,ISIC_1844525,ISIC_4349272
IL_7925495,BCC,ISIC_2887419,ISIC_0330089
IL_7926291,BCC,ISIC_7005364,ISIC_0858555
IL_7928790,SCCKA,ISIC_4034716,ISIC_2731321
IL_7929294,NV,ISIC_5588619,ISIC_9129820
IL_7929942,SCCKA,ISIC_9240332,ISIC_3412303
IL_7930944,BCC,ISIC_5197529,ISIC_8981300
IL_7931283,BCC,ISIC_8000477,ISIC_3360235
IL_7933617,SCCKA,ISIC_3269390,ISIC_6662978
IL_7938649,BCC,ISIC_3817961,ISIC_2380041
IL_7940585,NV,ISIC_9206416,ISIC_8766762
IL_7940673,MEL,ISIC_5466262,ISIC_2926418
IL_7943219,BKL,ISIC_7876146,ISIC_8356317
IL_7943940,BCC,ISIC_2080317,ISIC_0979570
IL_7948272,BCC,ISIC_0501244,ISIC_3501503
IL_7948300,BCC,ISIC_7325830,ISIC_7953190
IL_7948883,INF,ISIC_7304569,ISIC_5933645
IL_7950923,BCC,ISIC_5156331,ISIC_4827917
IL_7950940,SCCKA,ISIC_6580770,ISIC_2231359
IL_7951071,BKL,ISIC_1749634,ISIC_4985739
IL_7954262,BCC,ISIC_0784305,ISIC_8154669
IL_7956522,BKL,ISIC_7775899,ISIC_0242383
IL_7959059,BCC,ISIC_3573709,ISIC_3917948
IL_7961320,BCC,ISIC_7947601,ISIC_3275406
IL_7964998,NV,ISIC_2897696,ISIC_3943135
IL_7965758,BCC,ISIC_2134793,ISIC_3487034
IL_7970033,BKL,ISIC_2153022,ISIC_1597659
IL_7971648,BKL,ISIC_0336951,ISIC_4859866
IL_7972003,BCC,ISIC_4752546,ISIC_9710909
IL_7972965,SCCKA,ISIC_7283446,ISIC_6990978
IL_7974370,BKL,ISIC_0893414,ISIC_4337693
IL_7974565,BKL,ISIC_7216047,ISIC_2354975
IL_7974648,NV,ISIC_2094159,ISIC_6990939
IL_7975142,BCC,ISIC_6537636,ISIC_6421085
IL_7975365,BKL,ISIC_7767729,ISIC_3140203
IL_7976710,BCC,ISIC_8457294,ISIC_8883053
IL_7976753,MEL,ISIC_0853298,ISIC_0583712
IL_7977795,NV,ISIC_7423057,ISIC_1502836
IL_7980891,BCC,ISIC_2533190,ISIC_2748624
IL_7982097,BCC,ISIC_2415211,ISIC_2078396
IL_7983668,NV,ISIC_4791946,ISIC_3750512
IL_7985046,BCC,ISIC_9890732,ISIC_1276558
IL_7987633,BCC,ISIC_1448927,ISIC_3518967
IL_7991885,DF,ISIC_9105996,ISIC_0546402
IL_7995949,NV,ISIC_5135274,ISIC_3540482
IL_7996799,BCC,ISIC_4371078,ISIC_2542134
IL_7998645,SCCKA,ISIC_4712387,ISIC_8223761
IL_8001896,BCC,ISIC_7650091,ISIC_1242474
IL_8003176,SCCKA,ISIC_3914025,ISIC_5399167
IL_8007348,BCC,ISIC_1286685,ISIC_3762115
IL_8010976,BCC,ISIC_6571694,ISIC_7409855
IL_8012177,BCC,ISIC_6319452,ISIC_1010567
IL_8012977,BKL,ISIC_5479076,ISIC_1136498
IL_8019185,BCC,ISIC_9139162,ISIC_3187803
IL_8022084,BKL,ISIC_8782993,ISIC_8356432
IL_8022344,BCC,ISIC_0976079,ISIC_2735653
IL_8022515,BCC,ISIC_1367228,ISIC_5362779
IL_8026752,NV,ISIC_1672301,ISIC_8314749
IL_8028208,BCC,ISIC_8012183,ISIC_3011551
IL_8031669,BCC,ISIC_8917612,ISIC_1239264
IL_8037743,MEL,ISIC_5440216,ISIC_7560933
IL_8038373,BCC,ISIC_4652327,ISIC_6290458
IL_8038657,MEL,ISIC_4345819,ISIC_1019384
IL_8039087,SCCKA,ISIC_4613878,ISIC_7023633
IL_8040999,MEL,ISIC_1091183,ISIC_6551749
IL_8041079,NV,ISIC_4941462,ISIC_2701902
IL_8045895,BKL,ISIC_8385854,ISIC_0703618
IL_8050386,BCC,ISIC_7291783,ISIC_4252005
IL_8050939,BCC,ISIC_9276741,ISIC_6287939
IL_8053107,BCC,ISIC_7925027,ISIC_1420953
IL_8053912,MEL,ISIC_5686620,ISIC_4357940
IL_8057179,SCCKA,ISIC_2118898,ISIC_5451038
IL_8057950,NV,ISIC_6136291,ISIC_7776586
IL_8058486,AKIEC,ISIC_4007259,ISIC_4980196
IL_8058935,SCCKA,ISIC_1772212,ISIC_4315425
IL_8060725,BCC,ISIC_5121043,ISIC_6241508
IL_8063074,SCCKA,ISIC_9100704,ISIC_1482636
IL_8066484,BCC,ISIC_9614625,ISIC_1716731
IL_8066973,BCC,ISIC_5841367,ISIC_9132204
IL_8067499,BCC,ISIC_1262493,ISIC_4901933
IL_8073547,BKL,ISIC_1348618,ISIC_2655730
IL_8074133,BCC,ISIC_6598962,ISIC_5634823
IL_8075238,BCC,ISIC_0159683,ISIC_1085608
IL_8077047,BKL,ISIC_9756261,ISIC_9491707
IL_8079402,MEL,ISIC_2224879,ISIC_9599992
IL_8083531,BCC,ISIC_3083566,ISIC_3628532
IL_8089688,BCC,ISIC_6465943,ISIC_0076255
IL_8091560,SCCKA,ISIC_4841357,ISIC_8367084
IL_8093153,BCC,ISIC_3198901,ISIC_1305247
IL_8095126,BKL,ISIC_0153470,ISIC_6634769
IL_8098270,BCC,ISIC_8858231,ISIC_6775663
IL_8099275,BEN_OTH,ISIC_1820134,ISIC_0165198
IL_8102879,INF,ISIC_9261403,ISIC_3434316
IL_8106703,MEL,ISIC_0333650,ISIC_6833525
IL_8107077,BCC,ISIC_5340961,ISIC_9365663
IL_8108938,BCC,ISIC_3461504,ISIC_7351010
IL_8109861,BCC,ISIC_6597735,ISIC_7480455
IL_8110471,BKL,ISIC_0657859,ISIC_4247695
IL_8111694,BKL,ISIC_3962666,ISIC_9206516
IL_8113008,NV,ISIC_9966328,ISIC_0474474
IL_8114949,MEL,ISIC_9951312,ISIC_7334939
IL_8115579,AKIEC,ISIC_4642078,ISIC_4225650
IL_8116058,AKIEC,ISIC_2167765,ISIC_4194168
IL_8118311,NV,ISIC_5574831,ISIC_0376931
IL_8122429,BKL,ISIC_6469131,ISIC_3464724
IL_8124178,NV,ISIC_2489023,ISIC_5380715
IL_8124925,INF,ISIC_2184033,ISIC_9483103
IL_8126491,NV,ISIC_6933675,ISIC_4566874
IL_8129688,NV,ISIC_1566328,ISIC_4347789
IL_8142013,NV,ISIC_8441087,ISIC_7917060
IL_8142572,NV,ISIC_4058425,ISIC_5294377
IL_8145813,BEN_OTH,ISIC_1728615,ISIC_4956012
IL_8147513,NV,ISIC_7396327,ISIC_5754710
IL_8148828,BCC,ISIC_4842094,ISIC_4485409
IL_8151298,NV,ISIC_3094384,ISIC_4325605
IL_8154017,BCC,ISIC_2148280,ISIC_1901457
IL_8154885,BCC,ISIC_6608996,ISIC_4554471
IL_8157640,BCC,ISIC_2439277,ISIC_3147082
IL_8158343,BCC,ISIC_8350291,ISIC_6690222
IL_8158489,BCC,ISIC_6492760,ISIC_2399021
IL_8160690,SCCKA,ISIC_5722425,ISIC_6038731
IL_8160773,BEN_OTH,ISIC_9735329,ISIC_5381632
IL_8162391,AKIEC,ISIC_9177146,ISIC_2718301
IL_8165717,NV,ISIC_5246163,ISIC_3685267
IL_8166826,MEL,ISIC_9546496,ISIC_0416055
IL_8168935,BCC,ISIC_3284065,ISIC_7901805
IL_8169516,BEN_OTH,ISIC_2031186,ISIC_9276884
IL_8170554,BCC,ISIC_5579782,ISIC_4527478
IL_8171092,NV,ISIC_7090643,ISIC_7116818
IL_8173383,MEL,ISIC_1630601,ISIC_6689453
IL_8173942,MAL_OTH,ISIC_4971911,ISIC_9890480
IL_8175900,BKL,ISIC_9078579,ISIC_1212608
IL_8177538,SCCKA,ISIC_1948930,ISIC_2027374
IL_8179486,SCCKA,ISIC_7637914,ISIC_9501224
IL_8185801,AKIEC,ISIC_9272970,ISIC_7375960
IL_8186190,BCC,ISIC_1411639,ISIC_4093606
IL_8187329,BCC,ISIC_4206533,ISIC_7826908
IL_8188380,BCC,ISIC_3318403,ISIC_1816917
IL_8190930,BCC,ISIC_0415024,ISIC_7819126
IL_8193410,BCC,ISIC_7913691,ISIC_5483293
IL_8193590,MEL,ISIC_4254329,ISIC_3396860
IL_8193835,SCCKA,ISIC_1025034,ISIC_0921779
IL_8194145,BKL,ISIC_1442874,ISIC_9541448
IL_8194852,MEL,ISIC_8563004,ISIC_2161394
IL_8200270,VASC,ISIC_4323711,ISIC_3570541
IL_8200378,AKIEC,ISIC_7943464,ISIC_0381744
IL_8204669,MEL,ISIC_6803790,ISIC_0414164
IL_8205824,MEL,ISIC_1503289,ISIC_5785135
IL_8208194,SCCKA,ISIC_7920017,ISIC_8863147
IL_8209280,SCCKA,ISIC_9134607,ISIC_3705057
IL_8211957,BCC,ISIC_1534516,ISIC_4605939
IL_8212367,SCCKA,ISIC_5678929,ISIC_1884126
IL_8212938,MEL,ISIC_9871721,ISIC_1121645
IL_8219054,SCCKA,ISIC_4915601,ISIC_7943627
IL_8224521,SCCKA,ISIC_1428662,ISIC_3265655
IL_8225766,NV,ISIC_8668469,ISIC_6940478
IL_8225974,SCCKA,ISIC_7914809,ISIC_8793565
IL_8229395,MEL,ISIC_6486344,ISIC_7643593
IL_8229749,BCC,ISIC_4162103,ISIC_6538645
IL_8231920,AKIEC,ISIC_5580645,ISIC_1693712
IL_8233032,MEL,ISIC_3456765,ISIC_0528832
IL_8240105,BCC,ISIC_6391608,ISIC_7902747
IL_8240829,NV,ISIC_6578156,ISIC_3211851
IL_8244033,SCCKA,ISIC_9197238,ISIC_2120971
IL_8244074,BCC,ISIC_0576611,ISIC_6114177
IL_8247508,BCC,ISIC_7375111,ISIC_4924775
IL_8247723,SCCKA,ISIC_1035863,ISIC_0846856
IL_8248912,BCC,ISIC_6795403,ISIC_5446350
IL_8249685,BCC,ISIC_4471978,ISIC_4389754
IL_8252843,SCCKA,ISIC_0957094,ISIC_5398396
IL_8255338,AKIEC,ISIC_5043276,ISIC_9488743
IL_8256176,BCC,ISIC_9225788,ISIC_9147502
IL_8256503,BCC,ISIC_6568898,ISIC_0960754
IL_8258563,BKL,ISIC_2346672,ISIC_8472745
IL_8259171,BCC,ISIC_0388843,ISIC_3911179
IL_8262115,BCC,ISIC_2785273,ISIC_5804522
IL_8262474,BKL,ISIC_5128167,ISIC_1285744
IL_8264296,BKL,ISIC_6629742,ISIC_5998955
IL_8266229,BKL,ISIC_5152130,ISIC_1894633
IL_8266554,NV,ISIC_4022680,ISIC_0660859
IL_8268920,BCC,ISIC_7733749,ISIC_7869346
IL_8270220,BCC,ISIC_6477645,ISIC_3312778
IL_8270942,AKIEC,ISIC_3844756,ISIC_0546389
IL_8273782,MEL,ISIC_3140817,ISIC_9540789
IL_8275439,BCC,ISIC_2213095,ISIC_0743648
IL_8277496,BCC,ISIC_6476734,ISIC_4933345
IL_8277688,BKL,ISIC_7546528,ISIC_1222561
IL_8280517,BCC,ISIC_1659815,ISIC_4951972
IL_8280553,BKL,ISIC_1134411,ISIC_7343701
IL_8282831,BCC,ISIC_0411343,ISIC_6252442
IL_8283182,SCCKA,ISIC_7143220,ISIC_7235077
IL_8283789,NV,ISIC_9426194,ISIC_6085286
IL_8293673,NV,ISIC_3884851,ISIC_5818083
IL_8296810,BCC,ISIC_1179663,ISIC_3721391
IL_8296856,BKL,ISIC_6814138,ISIC_6053581
IL_8297781,BCC,ISIC_4741777,ISIC_9017680
IL_8299819,BCC,ISIC_0396597,ISIC_6616937
IL_8299978,NV,ISIC_0108357,ISIC_8873365
IL_8301867,AKIEC,ISIC_5330823,ISIC_9390488
IL_8312366,BCC,ISIC_8563013,ISIC_4955912
IL_8312438,MEL,ISIC_3656292,ISIC_8244439
IL_8312956,BCC,ISIC_1784261,ISIC_4426257
IL_8314520,BCC,ISIC_2668760,ISIC_8660074
IL_8316366,BCC,ISIC_3095773,ISIC_5943320
IL_8319102,BCC,ISIC_7127801,ISIC_1135697
IL_8322596,BCC,ISIC_2526585,ISIC_1230479
IL_8323588,BCC,ISIC_9574838,ISIC_0289881
IL_8324569,BKL,ISIC_3906498,ISIC_0783369
IL_8324597,BCC,ISIC_5010177,ISIC_7377119
IL_8326095,BCC,ISIC_8849386,ISIC_4141321
IL_8326567,SCCKA,ISIC_0666574,ISIC_1518748
IL_8326868,AKIEC,ISIC_5483404,ISIC_7314033
IL_8331769,NV,ISIC_6942468,ISIC_5380664
IL_8337226,BKL,ISIC_3507270,ISIC_1501988
IL_8338996,BEN_OTH,ISIC_4590345,ISIC_9148837
IL_8339117,BCC,ISIC_2547869,ISIC_3401124
IL_8339852,MEL,ISIC_2307898,ISIC_3670069
IL_8345128,BCC,ISIC_9961928,ISIC_1623104
IL_8345916,BKL,ISIC_8907397,ISIC_6595713
IL_8349712,AKIEC,ISIC_7898975,ISIC_6415417
IL_8356407,BCC,ISIC_6699542,ISIC_0657679
IL_8357154,BKL,ISIC_7904190,ISIC_3715127
IL_8357719,BCC,ISIC_6262662,ISIC_1635697
IL_8358886,SCCKA,ISIC_0517766,ISIC_0846122
IL_8359695,NV,ISIC_0981634,ISIC_6378396
IL_8359841,MEL,ISIC_6033339,ISIC_5761443
IL_8364095,VASC,ISIC_6890394,ISIC_2181342
IL_8364526,BCC,ISIC_9074196,ISIC_6318524
IL_8366708,MEL,ISIC_7669551,ISIC_1762147
IL_8368045,BCC,ISIC_4952639,ISIC_4378485
IL_8370192,BCC,ISIC_3532575,ISIC_8226322
IL_8374443,BCC,ISIC_4342648,ISIC_4597054
IL_8375718,BCC,ISIC_1287935,ISIC_5681371
IL_8375905,BCC,ISIC_0438775,ISIC_0871073
IL_8376298,DF,ISIC_3587587,ISIC_3418096
IL_8379111,SCCKA,ISIC_8703747,ISIC_6688178
IL_8380351,AKIEC,ISIC_6650890,ISIC_9181159
IL_8380493,AKIEC,ISIC_0842059,ISIC_8153849
IL_8381192,NV,ISIC_0638581,ISIC_0282178
IL_8383981,BCC,ISIC_3371218,ISIC_5624559
IL_8384410,SCCKA,ISIC_4177510,ISIC_0984507
IL_8386286,BKL,ISIC_5701696,ISIC_8263244
IL_8387787,BCC,ISIC_4898312,ISIC_6866299
IL_8389564,BCC,ISIC_7256474,ISIC_6615782
IL_8391202,BCC,ISIC_1099492,ISIC_9594918
IL_8396815,AKIEC,ISIC_4678467,ISIC_6567490
IL_8401238,SCCKA,ISIC_6362619,ISIC_9931617
IL_8401362,NV,ISIC_7434803,ISIC_2925746
IL_8401805,BCC,ISIC_2736195,ISIC_0346352
IL_8402366,SCCKA,ISIC_6941286,ISIC_9842192
IL_8403780,BCC,ISIC_5896651,ISIC_7838537
IL_8419591,BCC,ISIC_1658514,ISIC_1069584
IL_8421292,BCC,ISIC_7185513,ISIC_8310935
IL_8423018,BCC,ISIC_8144790,ISIC_9824409
IL_8423250,AKIEC,ISIC_1198104,ISIC_1860202
IL_8428753,NV,ISIC_5899712,ISIC_9816160
IL_8429143,NV,ISIC_2701980,ISIC_2119364
IL_8434747,BCC,ISIC_8862763,ISIC_1550198
IL_8439517,INF,ISIC_6485921,ISIC_0311944
IL_8444340,BCC,ISIC_8820732,ISIC_0637655
IL_8444586,BCC,ISIC_8826493,ISIC_8334297
IL_8445981,BCC,ISIC_7420218,ISIC_4599594
IL_8448417,BCC,ISIC_7079105,ISIC_0885674
IL_8448627,BCC,ISIC_0387034,ISIC_8308325
IL_8449031,SCCKA,ISIC_4489436,ISIC_1373525
IL_8449378,NV,ISIC_8372539,ISIC_7110687
IL_8449966,NV,ISIC_4080936,ISIC_2372470
IL_8454481,BCC,ISIC_2950781,ISIC_7915016
IL_8454574,MEL,ISIC_6433757,ISIC_1220536
IL_8455587,BCC,ISIC_4872000,ISIC_6522135
IL_8456514,BCC,ISIC_0151981,ISIC_0913648
IL_8459572,BCC,ISIC_1690729,ISIC_5093195
IL_8460509,MEL,ISIC_0084958,ISIC_4082328
IL_8461423,BCC,ISIC_4845673,ISIC_5493908
IL_8461776,BCC,ISIC_1332797,ISIC_5876786
IL_8462731,AKIEC,ISIC_0553752,ISIC_3428486
IL_8464135,BCC,ISIC_6405124,ISIC_6484641
IL_8465058,BCC,ISIC_6193525,ISIC_7621482
IL_8466700,NV,ISIC_5922496,ISIC_7771236
IL_8472677,AKIEC,ISIC_8339912,ISIC_0680433
IL_8478424,NV,ISIC_4379610,ISIC_9611209
IL_8480988,AKIEC,ISIC_2424286,ISIC_0416329
IL_8482465,BCC,ISIC_7932712,ISIC_7583370
IL_8482913,SCCKA,ISIC_7029585,ISIC_0920424
IL_8484491,BCC,ISIC_0689386,ISIC_4589630
IL_8486036,BCC,ISIC_0191714,ISIC_6043649
IL_8487012,BCC,ISIC_3759305,ISIC_3799953
IL_8491993,VASC,ISIC_0378928,ISIC_1627498
IL_8495529,AKIEC,ISIC_0950931,ISIC_8741674
IL_8497763,SCCKA,ISIC_7457508,ISIC_2465614
IL_8500079,BCC,ISIC_3042149,ISIC_5772488
IL_8500465,BCC,ISIC_0470080,ISIC_1416314
IL_8500877,SCCKA,ISIC_6158597,ISIC_8946169
IL_8504644,BCC,ISIC_6363473,ISIC_7105876
IL_8505577,NV,ISIC_6505724,ISIC_6327728
IL_8506800,BCC,ISIC_4026621,ISIC_4920461
IL_8507702,BKL,ISIC_4639978,ISIC_7241294
IL_8507909,BCC,ISIC_8561129,ISIC_6405078
IL_8508107,BCC,ISIC_3326999,ISIC_8368960
IL_8509050,BCC,ISIC_2994689,ISIC_1460872
IL_8509848,NV,ISIC_9587230,ISIC_5767870
IL_8511602,BEN_OTH,ISIC_2033119,ISIC_2260901
IL_8515603,SCCKA,ISIC_8649670,ISIC_8946719
IL_8516254,BCC,ISIC_7117439,ISIC_8823892
IL_8529152,MEL,ISIC_0579366,ISIC_8525826
IL_8535419,BCC,ISIC_2745631,ISIC_7880723
IL_8535894,MEL,ISIC_8638964,ISIC_9777954
IL_8538407,BCC,ISIC_4500149,ISIC_7208610
IL_8538421,BCC,ISIC_1298204,ISIC_9215935
IL_8540879,NV,ISIC_7888608,ISIC_7987908
IL_8543215,BCC,ISIC_7759828,ISIC_4523525
IL_8544201,BCC,ISIC_8730307,ISIC_0146278
IL_8544444,BCC,ISIC_7535899,ISIC_2202736
IL_8548746,BCC,ISIC_9708941,ISIC_2306278
IL_8549030,NV,ISIC_6927702,ISIC_7242284
IL_8550472,BCC,ISIC_2336223,ISIC_5935086
IL_8553410,BCC,ISIC_4146816,ISIC_7483655
IL_8553966,AKIEC,ISIC_9925039,ISIC_7038723
IL_8554205,BCC,ISIC_8992188,ISIC_8218617
IL_8554627,MEL,ISIC_0241896,ISIC_4300672
IL_8557195,BEN_OTH,ISIC_4237789,ISIC_4923934
IL_8562069,BCC,ISIC_2132224,ISIC_4609417
IL_8562262,BCC,ISIC_0528026,ISIC_8790878
IL_8562914,BCC,ISIC_3723692,ISIC_5923228
IL_8565372,BCC,ISIC_2424786,ISIC_4573337
IL_8566175,BCC,ISIC_5466692,ISIC_4780938
IL_8568128,BCC,ISIC_7916990,ISIC_9512388
IL_8569561,SCCKA,ISIC_7575073,ISIC_8178501
IL_8569852,BCC,ISIC_3974863,ISIC_3331148
IL_8570577,NV,ISIC_9316561,ISIC_7974869
IL_8572700,BCC,ISIC_4730750,ISIC_2839614
IL_8574394,BKL,ISIC_3191236,ISIC_3539795
IL_8576220,BCC,ISIC_5622862,ISIC_4637440
IL_8577352,BCC,ISIC_9118975,ISIC_5036259
IL_8578083,BCC,ISIC_3793299,ISIC_6553055
IL_8578513,BCC,ISIC_2006744,ISIC_9849120
IL_8578812,AKIEC,ISIC_1753112,ISIC_2417592
IL_8581204,BCC,ISIC_2614335,ISIC_0161474
IL_8581964,BCC,ISIC_3102604,ISIC_6678187
IL_8583674,MEL,ISIC_8570261,ISIC_7454892
IL_8584799,BCC,ISIC_7989475,ISIC_4311703
IL_8585271,NV,ISIC_7124407,ISIC_7962171
IL_8588152,MEL,ISIC_6078911,ISIC_9041525
IL_8588315,MEL,ISIC_7447177,ISIC_7548342
IL_8590734,BKL,ISIC_7246920,ISIC_8513973
IL_8591988,BCC,ISIC_8846211,ISIC_7472301
IL_8595325,NV,ISIC_3748464,ISIC_5270147
IL_8596118,BCC,ISIC_2072027,ISIC_3201153
IL_8601267,BCC,ISIC_0862809,ISIC_6940173
IL_8601379,BCC,ISIC_2729094,ISIC_3479083
IL_8601984,NV,ISIC_1473845,ISIC_9701048
IL_8602483,BCC,ISIC_3629047,ISIC_0204389
IL_8602598,BCC,ISIC_2964593,ISIC_1073412
IL_8604749,AKIEC,ISIC_1176359,ISIC_4654586
IL_8604901,BCC,ISIC_7435742,ISIC_8090800
IL_8604928,MEL,ISIC_1097732,ISIC_7974271
IL_8606392,BEN_OTH,ISIC_7017469,ISIC_4235697
IL_8608497,NV,ISIC_2113163,ISIC_7188705
IL_8610229,SCCKA,ISIC_9882842,ISIC_0204717
IL_8610456,BCC,ISIC_9974916,ISIC_5070126
IL_8611519,NV,ISIC_6806797,ISIC_4733269
IL_8611712,SCCKA,ISIC_8330638,ISIC_9586991
IL_8612216,BCC,ISIC_4205403,ISIC_3247057
IL_8613876,BCC,ISIC_2655630,ISIC_7318590
IL_8618190,SCCKA,ISIC_2649421,ISIC_2900622
IL_8618325,BCC,ISIC_4907310,ISIC_5018463
IL_8619767,BCC,ISIC_2756867,ISIC_2550058
IL_8620816,BKL,ISIC_4909682,ISIC_2928924
IL_8621198,MEL,ISIC_4358555,ISIC_0651228
IL_8622725,NV,ISIC_9389123,ISIC_8186630
IL_8623276,NV,ISIC_8912227,ISIC_3032936
IL_8625871,BCC,ISIC_9510334,ISIC_1986655
IL_8626747,NV,ISIC_1492844,ISIC_2298923
IL_8630897,BKL,ISIC_1275047,ISIC_6458884
IL_8631628,AKIEC,ISIC_8039873,ISIC_7547900
IL_8637878,BCC,ISIC_8769148,ISIC_5463407
IL_8638441,BCC,ISIC_8913904,ISIC_5283239
IL_8638873,NV,ISIC_4072785,ISIC_3436668
IL_8642808,BCC,ISIC_2332805,ISIC_2046323
IL_8642891,BCC,ISIC_0889674,ISIC_5607139
IL_8643718,MEL,ISIC_3401455,ISIC_5126567
IL_8644938,SCCKA,ISIC_3881302,ISIC_1329438
IL_8646739,BCC,ISIC_7822239,ISIC_7473131
IL_8647582,BKL,ISIC_7277605,ISIC_2569198
IL_8647816,BCC,ISIC_9529544,ISIC_5145664
IL_8648373,BCC,ISIC_5242109,ISIC_3020882
IL_8650225,SCCKA,ISIC_5995507,ISIC_5866836
IL_8650948,SCCKA,ISIC_3217731,ISIC_4032370
IL_8653374,BCC,ISIC_7793370,ISIC_7401818
IL_8657794,SCCKA,ISIC_2133291,ISIC_2927179
IL_8658177,BKL,ISIC_3485059,ISIC_3405243
IL_8659124,MEL,ISIC_2120680,ISIC_1909053
IL_8660536,BKL,ISIC_9484284,ISIC_1983761
IL_8662195,BCC,ISIC_4352757,ISIC_8035327
IL_8662506,BKL,ISIC_1236473,ISIC_2320042
IL_8663536,MEL,ISIC_7739032,ISIC_1074795
IL_8666651,NV,ISIC_6048736,ISIC_1607500
IL_8671827,SCCKA,ISIC_3119815,ISIC_6906027
IL_8674399,BCC,ISIC_3359951,ISIC_4444955
IL_8675438,BCC,ISIC_2121573,ISIC_1159427
IL_8678010,BCC,ISIC_6968104,ISIC_3022005
IL_8679455,BCC,ISIC_4504390,ISIC_4481385
IL_8679586,AKIEC,ISIC_5794441,ISIC_7929528
IL_8681344,MEL,ISIC_8963623,ISIC_4788552
IL_8683855,BCC,ISIC_7844119,ISIC_5427398
IL_8684310,BCC,ISIC_2818434,ISIC_1967830
IL_8689446,AKIEC,ISIC_9263681,ISIC_9445672
IL_8692782,BCC,ISIC_4952289,ISIC_7918518
IL_8695505,NV,ISIC_5633193,ISIC_1491798
IL_8698516,INF,ISIC_3759344,ISIC_3860071
IL_8702046,SCCKA,ISIC_0643281,ISIC_8642318
IL_8702117,BCC,ISIC_2941016,ISIC_0897372
IL_8703940,SCCKA,ISIC_7145117,ISIC_0116442
IL_8706105,BCC,ISIC_6191797,ISIC_0082638
IL_8711548,BKL,ISIC_2030190,ISIC_1955962
IL_8711838,BCC,ISIC_4139755,ISIC_3735481
IL_8713171,BCC,ISIC_1936494,ISIC_1199167
IL_8714765,BKL,ISIC_0542450,ISIC_7675736
IL_8716299,BKL,ISIC_1285977,ISIC_2568976
IL_8717569,NV,ISIC_2223344,ISIC_1861788
IL_8717683,NV,ISIC_9797265,ISIC_9714916
IL_8719061,BCC,ISIC_5657666,ISIC_8890680
IL_8720951,BKL,ISIC_2167116,ISIC_4891216
IL_8723146,BKL,ISIC_9075056,ISIC_2340494
IL_8725130,BKL,ISIC_6847081,ISIC_8059473
IL_8726676,SCCKA,ISIC_9641700,ISIC_5042080
IL_8727543,BEN_OTH,ISIC_4028106,ISIC_1136271
IL_8732835,BCC,ISIC_7708206,ISIC_6854604
IL_8735984,NV,ISIC_5076582,ISIC_3545744
IL_8736766,BCC,ISIC_9915322,ISIC_6955501
IL_8739695,NV,ISIC_0236002,ISIC_6958882
IL_8747849,NV,ISIC_6601890,ISIC_5157183
IL_8748283,BCC,ISIC_3967970,ISIC_2530103
IL_8752697,SCCKA,ISIC_4421204,ISIC_2209183
IL_8756948,BCC,ISIC_2444876,ISIC_2426257
IL_8758801,BCC,ISIC_9531073,ISIC_6693138
IL_8758907,BCC,ISIC_7031050,ISIC_6272354
IL_8760239,BCC,ISIC_2953977,ISIC_9826615
IL_8762954,BCC,ISIC_0612028,ISIC_5480309
IL_8767965,AKIEC,ISIC_8898834,ISIC_2368450
IL_8778181,NV,ISIC_7706534,ISIC_4378484
IL_8783042,BCC,ISIC_7670245,ISIC_9597152
IL_8783670,BCC,ISIC_8518612,ISIC_3596524
IL_8784300,BEN_OTH,ISIC_6981576,ISIC_0531382
IL_8784837,SCCKA,ISIC_3536529,ISIC_3178739
IL_8788016,BCC,ISIC_0440292,ISIC_3094600
IL_8788883,BKL,ISIC_8588817,ISIC_1749046
IL_8790863,BKL,ISIC_7110194,ISIC_6769979
IL_8793301,AKIEC,ISIC_0547765,ISIC_8802957
IL_8800243,BCC,ISIC_0774870,ISIC_7347180
IL_8803152,AKIEC,ISIC_5217912,ISIC_4949237
IL_8803533,SCCKA,ISIC_7399251,ISIC_5424675
IL_8805142,BKL,ISIC_2891861,ISIC_4602849
IL_8808528,MEL,ISIC_5476166,ISIC_7214986
IL_8813361,SCCKA,ISIC_7381318,ISIC_3122081
IL_8814250,SCCKA,ISIC_1943932,ISIC_2240759
IL_8819924,BCC,ISIC_0250211,ISIC_9281043
IL_8821899,BCC,ISIC_8239142,ISIC_1664514
IL_8822249,BCC,ISIC_1721747,ISIC_1642723
IL_8823164,BCC,ISIC_4474700,ISIC_2925612
IL_8824711,BCC,ISIC_5725725,ISIC_1217694
IL_8825058,SCCKA,ISIC_7739313,ISIC_3042275
IL_8826018,BCC,ISIC_0881138,ISIC_9250781
IL_8834020,BCC,ISIC_7878572,ISIC_8168496
IL_8835996,NV,ISIC_1492834,ISIC_9931935
IL_8839163,BCC,ISIC_9430903,ISIC_8433656
IL_8843384,NV,ISIC_6625361,ISIC_0422017
IL_8845564,SCCKA,ISIC_0552851,ISIC_4235290
IL_8845602,BCC,ISIC_7600832,ISIC_8618352
IL_8846733,BCC,ISIC_5203019,ISIC_7298601
IL_8848308,SCCKA,ISIC_5379619,ISIC_0251142
IL_8850331,MEL,ISIC_5201104,ISIC_8874166
IL_8850639,MEL,ISIC_9865547,ISIC_8437510
IL_8853986,BKL,ISIC_4396652,ISIC_5093862
IL_8854327,BCC,ISIC_3177059,ISIC_0645934
IL_8854625,BCC,ISIC_0093389,ISIC_1649481
IL_8855847,BCC,ISIC_6217593,ISIC_8708228
IL_8859314,BCC,ISIC_7147780,ISIC_6795963
IL_8861890,BCC,ISIC_2598676,ISIC_7902320
IL_8863654,BKL,ISIC_9579385,ISIC_8134181
IL_8863823,BCC,ISIC_5437238,ISIC_1658137
IL_8864520,BKL,ISIC_1412212,ISIC_7907324
IL_8864623,SCCKA,ISIC_9276888,ISIC_3113033
IL_8869831,MEL,ISIC_5691487,ISIC_7890222
IL_8869881,BCC,ISIC_6562927,ISIC_4377239
IL_8875677,AKIEC,ISIC_5205716,ISIC_0650927
IL_8876337,BCC,ISIC_1922750,ISIC_4349004
IL_8876914,BCC,ISIC_2212859,ISIC_4370676
IL_8877629,BKL,ISIC_9921386,ISIC_5932820
IL_8880456,NV,ISIC_6246297,ISIC_2973607
IL_8885600,BCC,ISIC_1244450,ISIC_5200686
IL_8887845,NV,ISIC_4949753,ISIC_5372934
IL_8890308,SCCKA,ISIC_2148749,ISIC_9918302
IL_8890453,NV,ISIC_3685271,ISIC_1326092
IL_8891423,NV,ISIC_9272344,ISIC_8470224
IL_8892581,SCCKA,ISIC_8898285,ISIC_3905157
IL_8893510,AKIEC,ISIC_2566720,ISIC_1208071
IL_8893522,NV,ISIC_9815898,ISIC_7042940
IL_8894950,BCC,ISIC_6518344,ISIC_7535768
IL_8903764,AKIEC,ISIC_1398271,ISIC_7885691
IL_8904932,NV,ISIC_6256140,ISIC_8339951
IL_8907892,MAL_OTH,ISIC_5092781,ISIC_2187348
IL_8908533,BCC,ISIC_8113702,ISIC_0974866
IL_8908582,BCC,ISIC_4560708,ISIC_2724480
IL_8914005,BCC,ISIC_0612519,ISIC_5944362
IL_8918294,BCC,ISIC_3303508,ISIC_0715665
IL_8918323,BKL,ISIC_1148803,ISIC_5997052
IL_8922194,BCC,ISIC_0324439,ISIC_8472225
IL_8925719,BCC,ISIC_2440553,ISIC_2202519
IL_8927794,BCC,ISIC_3567810,ISIC_7105949
IL_8931844,NV,ISIC_8253140,ISIC_0373682
IL_8932098,BCC,ISIC_6576920,ISIC_2311991
IL_8933396,DF,ISIC_1176432,ISIC_8981897
IL_8937379,BKL,ISIC_4014870,ISIC_1102915
IL_8939898,SCCKA,ISIC_9725650,ISIC_9098782
IL_8944802,BCC,ISIC_6369423,ISIC_0690986
IL_8946416,BEN_OTH,ISIC_6080382,ISIC_8137029
IL_8950937,NV,ISIC_8419830,ISIC_6751355
IL_8951938,BCC,ISIC_8908980,ISIC_4935816
IL_8954957,BCC,ISIC_2920020,ISIC_8448006
IL_8955960,BCC,ISIC_1447974,ISIC_4354115
IL_8957515,SCCKA,ISIC_7805543,ISIC_8686696
IL_8962270,NV,ISIC_9552881,ISIC_5950652
IL_8970458,MEL,ISIC_5101018,ISIC_4485467
IL_8971740,BEN_OTH,ISIC_7319315,ISIC_2515838
IL_8973483,SCCKA,ISIC_6629495,ISIC_5328474
IL_8976985,BCC,ISIC_9812504,ISIC_2184268
IL_8978471,BCC,ISIC_5552359,ISIC_0101955
IL_8980429,BCC,ISIC_8089680,ISIC_5739264
IL_8983305,BCC,ISIC_8284395,ISIC_7365593
IL_8984570,MEL,ISIC_9541260,ISIC_1845922
IL_8987309,AKIEC,ISIC_6455546,ISIC_0664879
IL_8988340,AKIEC,ISIC_0411043,ISIC_6401647
IL_8991149,BCC,ISIC_6717021,ISIC_0632001
IL_8991771,SCCKA,ISIC_0845014,ISIC_1111477
IL_8993407,BCC,ISIC_3770484,ISIC_2264421
IL_8994019,NV,ISIC_2721569,ISIC_6873786
IL_8994291,BCC,ISIC_8436161,ISIC_2506667
IL_8998802,AKIEC,ISIC_8638879,ISIC_1940714
IL_9003508,MEL,ISIC_8015470,ISIC_3933164
IL_9005268,BCC,ISIC_7852805,ISIC_6910029
IL_9007318,SCCKA,ISIC_4407741,ISIC_6639016
IL_9010382,BKL,ISIC_6217625,ISIC_0770326
IL_9013007,BCC,ISIC_8229738,ISIC_2616471
IL_9013946,MEL,ISIC_1636685,ISIC_2305541
IL_9017752,MEL,ISIC_6598411,ISIC_3210975
IL_9018029,AKIEC,ISIC_2362668,ISIC_6715416
IL_9021517,MEL,ISIC_0785356,ISIC_4235575
IL_9024292,MEL,ISIC_0132555,ISIC_4760443
IL_9025368,AKIEC,ISIC_9570026,ISIC_1892349
IL_9026324,BKL,ISIC_7780391,ISIC_8180214
IL_9027780,AKIEC,ISIC_4263491,ISIC_0497574
IL_9029664,MEL,ISIC_5349431,ISIC_4563142
IL_9031003,BCC,ISIC_7016980,ISIC_4231378
IL_9032748,AKIEC,ISIC_2700916,ISIC_1891312
IL_9035179,AKIEC,ISIC_1330625,ISIC_9939897
IL_9035810,SCCKA,ISIC_1547758,ISIC_3513521
IL_9036149,NV,ISIC_5199166,ISIC_0290183
IL_9038692,SCCKA,ISIC_8865829,ISIC_2457583
IL_9041590,BCC,ISIC_6260438,ISIC_2645316
IL_9052165,BCC,ISIC_5553426,ISIC_5990006
IL_9057925,NV,ISIC_6851212,ISIC_0174869
IL_9059255,SCCKA,ISIC_8980636,ISIC_3713055
IL_9063052,BCC,ISIC_7913133,ISIC_0634232
IL_9064391,BCC,ISIC_6871088,ISIC_0506795
IL_9064607,BKL,ISIC_9237488,ISIC_6933070
IL_9066229,SCCKA,ISIC_0669812,ISIC_3395847
IL_9067051,BCC,ISIC_8287342,ISIC_3138874
IL_9067447,AKIEC,ISIC_1396973,ISIC_5993206
IL_9070034,BKL,ISIC_4205802,ISIC_9209458
IL_9070099,SCCKA,ISIC_9165967,ISIC_6856028
IL_9072038,BCC,ISIC_6831946,ISIC_2134211
IL_9075898,SCCKA,ISIC_8933202,ISIC_7109494
IL_9077071,BCC,ISIC_9532297,ISIC_7888447
IL_9083220,BCC,ISIC_4122077,ISIC_0101062
IL_9084119,NV,ISIC_2078663,ISIC_6374674
IL_9086799,SCCKA,ISIC_7287192,ISIC_0872261
IL_9086913,SCCKA,ISIC_1424339,ISIC_2212922
IL_9087461,SCCKA,ISIC_5558301,ISIC_7259000
IL_9088569,SCCKA,ISIC_9271454,ISIC_6965635
IL_9091693,BCC,ISIC_6111856,ISIC_2803954
IL_9092829,BCC,ISIC_3070709,ISIC_4890139
IL_9094394,BCC,ISIC_8547720,ISIC_9978058
IL_9095433,BCC,ISIC_4897116,ISIC_9483507
IL_9099614,BCC,ISIC_8772140,ISIC_5293815
IL_9101590,BCC,ISIC_9550550,ISIC_7925520
IL_9101838,BCC,ISIC_6122024,ISIC_1832093
IL_9102116,NV,ISIC_7687096,ISIC_3832062
IL_9104485,BKL,ISIC_0226810,ISIC_4106032
IL_9106162,BCC,ISIC_3308043,ISIC_8883217
IL_9106447,BKL,ISIC_3469093,ISIC_6025998
IL_9109267,NV,ISIC_3508395,ISIC_1715773
IL_9113822,BCC,ISIC_6455103,ISIC_4185473
IL_9119843,SCCKA,ISIC_9735403,ISIC_6161975
IL_9120764,BCC,ISIC_3524883,ISIC_1364975
IL_9122534,BCC,ISIC_2233970,ISIC_4803004
IL_9124015,BCC,ISIC_4393750,ISIC_3394938
IL_9124411,BKL,ISIC_6767738,ISIC_8054499
IL_9125215,BCC,ISIC_9322304,ISIC_6654586
IL_9126795,BCC,ISIC_3573447,ISIC_9249196
IL_9127211,BCC,ISIC_8916536,ISIC_3267303
IL_9130306,NV,ISIC_7547412,ISIC_1396159
IL_9130724,MEL,ISIC_2911472,ISIC_1606234
IL_9130901,BCC,ISIC_7971818,ISIC_6348068
IL_9131328,BCC,ISIC_4743479,ISIC_5817907
IL_9132121,BEN_OTH,ISIC_4665494,ISIC_0811596
IL_9136481,BCC,ISIC_6300729,ISIC_2600012
IL_9142917,BCC,ISIC_8410845,ISIC_3769180
IL_9143908,BCC,ISIC_2217722,ISIC_5972709
IL_9145163,BCC,ISIC_4141354,ISIC_1602614
IL_9146194,BCC,ISIC_8468747,ISIC_9274292
IL_9147878,BCC,ISIC_5746261,ISIC_5467966
IL_9149489,NV,ISIC_0895631,ISIC_8500794
IL_9150101,BCC,ISIC_2900811,ISIC_0230087
IL_9150280,VASC,ISIC_3472289,ISIC_4443638
IL_9150805,AKIEC,ISIC_7713794,ISIC_7913268
IL_9152183,BCC,ISIC_2040238,ISIC_0528949
IL_9156080,BCC,ISIC_1232023,ISIC_2556744
IL_9157359,SCCKA,ISIC_2855373,ISIC_0304311
IL_9157797,NV,ISIC_0140176,ISIC_2283574
IL_9158276,BCC,ISIC_1023707,ISIC_0442849
IL_9158531,NV,ISIC_8552530,ISIC_8615694
IL_9162610,SCCKA,ISIC_2827872,ISIC_8238316
IL_9166161,NV,ISIC_9280380,ISIC_1953687
IL_9166527,BCC,ISIC_3231371,ISIC_8344886
IL_9167025,BCC,ISIC_9205905,ISIC_1490956
IL_9167075,BCC,ISIC_4618811,ISIC_2533061
IL_9167718,BCC,ISIC_7812213,ISIC_9553909
IL_9168364,SCCKA,ISIC_7970664,ISIC_0569529
IL_9171073,BCC,ISIC_6038041,ISIC_1770277
IL_9173239,BCC,ISIC_9956878,ISIC_7939848
IL_9173333,BCC,ISIC_4315238,ISIC_4888771
IL_9173728,BCC,ISIC_3013323,ISIC_2305246
IL_9179021,BCC,ISIC_7505541,ISIC_3210379
IL_9179227,BCC,ISIC_9485513,ISIC_7217395
IL_9180123,NV,ISIC_0575623,ISIC_3162488
IL_9180201,BCC,ISIC_9227379,ISIC_7374190
IL_9180227,SCCKA,ISIC_6228708,ISIC_3910778
IL_9184351,NV,ISIC_5664212,ISIC_4760114
IL_9186164,NV,ISIC_3012180,ISIC_6434822
IL_9190120,BCC,ISIC_4955834,ISIC_3365241
IL_9191697,MEL,ISIC_6123844,ISIC_2959395
IL_9192355,AKIEC,ISIC_0260732,ISIC_0321371
IL_9193873,BCC,ISIC_3309783,ISIC_8356776
IL_9194841,BCC,ISIC_9236022,ISIC_6754150
IL_9195034,BCC,ISIC_2806062,ISIC_8260302
IL_9195436,BCC,ISIC_8350498,ISIC_9816395
IL_9199460,NV,ISIC_8529932,ISIC_4341118
IL_9202251,AKIEC,ISIC_9355799,ISIC_6384870
IL_9202762,BCC,ISIC_8674267,ISIC_4492759
IL_9205436,VASC,ISIC_4013983,ISIC_9504198
IL_9207228,BCC,ISIC_9852855,ISIC_9778651
IL_9208680,BCC,ISIC_0080019,ISIC_7977103
IL_9209825,SCCKA,ISIC_6190923,ISIC_5665189
IL_9209914,NV,ISIC_2539660,ISIC_1376581
IL_9210134,BKL,ISIC_0919950,ISIC_9450429
IL_9211790,BCC,ISIC_9755301,ISIC_0819008
IL_9213417,BCC,ISIC_7541009,ISIC_9521072
IL_9216457,BCC,ISIC_7179951,ISIC_4262185
IL_9217480,AKIEC,ISIC_4520562,ISIC_8462237
IL_9221055,BCC,ISIC_7452036,ISIC_9693001
IL_9221409,BCC,ISIC_0277160,ISIC_9001735
IL_9222383,BEN_OTH,ISIC_9376579,ISIC_8635663
IL_9224528,BCC,ISIC_5888492,ISIC_7777861
IL_9229110,MEL,ISIC_2236717,ISIC_3248418
IL_9230375,BCC,ISIC_0228941,ISIC_3445231
IL_9231229,MEL,ISIC_5790117,ISIC_4641356
IL_9232367,BCC,ISIC_7430526,ISIC_7245189
IL_9233957,BCC,ISIC_8293339,ISIC_1538266
IL_9235680,BCC,ISIC_9369610,ISIC_7116414
IL_9241811,BCC,ISIC_7331674,ISIC_7461685
IL_9245016,BCC,ISIC_6960107,ISIC_7827973
IL_9247349,BCC,ISIC_9901858,ISIC_4823638
IL_9249618,NV,ISIC_7204351,ISIC_1881240
IL_9250210,NV,ISIC_7655648,ISIC_5529223
IL_9250980,DF,ISIC_1598694,ISIC_0220890
IL_9251474,NV,ISIC_7328549,ISIC_9891275
IL_9255472,BCC,ISIC_0937259,ISIC_7725065
IL_9258319,BCC,ISIC_8497007,ISIC_0435506
IL_9262506,BCC,ISIC_5192756,ISIC_6897010
IL_9264602,SCCKA,ISIC_7809981,ISIC_2087722
IL_9265331,BKL,ISIC_3034326,ISIC_3905088
IL_9266140,BKL,ISIC_9886925,ISIC_8028890
IL_9269726,BCC,ISIC_9179636,ISIC_1928560
IL_9270970,NV,ISIC_0075884,ISIC_7304977
IL_9271885,BCC,ISIC_9114285,ISIC_6296087
IL_9274006,BEN_OTH,ISIC_7527340,ISIC_5488940
IL_9275908,BCC,ISIC_2828400,ISIC_8151706
IL_9275941,NV,ISIC_8722421,ISIC_5428941
IL_9276974,BCC,ISIC_4472727,ISIC_1797900
IL_9278038,BCC,ISIC_4437851,ISIC_4148797
IL_9288651,BKL,ISIC_8898024,ISIC_6358411
IL_9289406,NV,ISIC_4040829,ISIC_3762126
IL_9292701,SCCKA,ISIC_7334834,ISIC_4690427
IL_9294619,AKIEC,ISIC_9400088,ISIC_8876261
IL_9297501,SCCKA,ISIC_8617896,ISIC_2618411
IL_9300408,AKIEC,ISIC_1010434,ISIC_7806262
IL_9300549,MEL,ISIC_2665761,ISIC_0406149
IL_9300732,BKL,ISIC_7828899,ISIC_3623141
IL_9303237,BKL,ISIC_8876204,ISIC_9521117
IL_9307518,MEL,ISIC_0831409,ISIC_1887299
IL_9308328,NV,ISIC_3751769,ISIC_3225420
IL_9310196,BCC,ISIC_0247645,ISIC_6210274
IL_9312646,SCCKA,ISIC_0123535,ISIC_2409346
IL_9313120,BCC,ISIC_2091809,ISIC_7413595
IL_9313247,BCC,ISIC_0812646,ISIC_1536385
IL_9321885,MEL,ISIC_3819646,ISIC_6941420
IL_9322216,SCCKA,ISIC_7938895,ISIC_4896814
IL_9323193,SCCKA,ISIC_4207196,ISIC_6745607
IL_9324505,NV,ISIC_6529382,ISIC_2775534
IL_9324964,BCC,ISIC_4985100,ISIC_3024690
IL_9325305,BCC,ISIC_6485726,ISIC_2854469
IL_9328701,BCC,ISIC_7836446,ISIC_6409954
IL_9331050,BKL,ISIC_4553574,ISIC_8726132
IL_9331537,BCC,ISIC_6748737,ISIC_2505856
IL_9333874,BCC,ISIC_0809896,ISIC_8743028
IL_9334838,BEN_OTH,ISIC_1848204,ISIC_2001195
IL_9336389,NV,ISIC_0686239,ISIC_7340333
IL_9341365,SCCKA,ISIC_0303886,ISIC_4277194
IL_9344336,DF,ISIC_4181074,ISIC_2846004
IL_9347875,BCC,ISIC_3652498,ISIC_8154140
IL_9348044,BKL,ISIC_1500894,ISIC_3003648
IL_9349173,NV,ISIC_2964078,ISIC_6693050
IL_9349651,BCC,ISIC_8768573,ISIC_2049806
IL_9352958,SCCKA,ISIC_6327820,ISIC_7289828
IL_9353162,DF,ISIC_5228122,ISIC_9242872
IL_9353548,BCC,ISIC_2848199,ISIC_3050024
IL_9356761,BCC,ISIC_7273898,ISIC_8830166
IL_9358381,NV,ISIC_0419492,ISIC_2894216
IL_9363651,BCC,ISIC_7875352,ISIC_1303477
IL_9363657,BCC,ISIC_2514438,ISIC_4599000
IL_9364150,BCC,ISIC_2348044,ISIC_7871224
IL_9364222,BCC,ISIC_1979828,ISIC_4409610
IL_9366811,BCC,ISIC_5067697,ISIC_3466904
IL_9367343,BCC,ISIC_3082676,ISIC_7779579
IL_9367787,BCC,ISIC_8992800,ISIC_1309626
IL_9367800,NV,ISIC_5409428,ISIC_0656805
IL_9368143,NV,ISIC_6573003,ISIC_9104095
IL_9368782,NV,ISIC_0456269,ISIC_4363333
IL_9372364,BKL,ISIC_9388783,ISIC_1805429
IL_9374643,BCC,ISIC_9206757,ISIC_0831157
IL_9375634,MEL,ISIC_3900958,ISIC_6160419
IL_9375676,MEL,ISIC_8010616,ISIC_3066491
IL_9378068,BCC,ISIC_2014930,ISIC_9649323
IL_9379211,BCC,ISIC_9512917,ISIC_3208305
IL_9379939,SCCKA,ISIC_4180763,ISIC_2144270
IL_9380593,NV,ISIC_8247362,ISIC_8111688
IL_9383072,BCC,ISIC_9606854,ISIC_7397137
IL_9385086,NV,ISIC_8124598,ISIC_2128019
IL_9385765,SCCKA,ISIC_0745250,ISIC_9523126
IL_9387962,AKIEC,ISIC_0297229,ISIC_6562880
IL_9390250,BCC,ISIC_7701636,ISIC_2658100
IL_9391328,BCC,ISIC_2883948,ISIC_4480326
IL_9395136,BCC,ISIC_3947520,ISIC_8410933
IL_9395505,BCC,ISIC_0841169,ISIC_8280602
IL_9395839,NV,ISIC_6167082,ISIC_0097262
IL_9399990,AKIEC,ISIC_0585018,ISIC_6784471
IL_9400268,NV,ISIC_4976142,ISIC_7358297
IL_9400728,BCC,ISIC_9896318,ISIC_8271684
IL_9401383,BCC,ISIC_4940514,ISIC_0546382
IL_9402270,AKIEC,ISIC_1862304,ISIC_0687223
IL_9402967,SCCKA,ISIC_6169732,ISIC_9472574
IL_9403422,BCC,ISIC_0931470,ISIC_3609001
IL_9404638,BCC,ISIC_6473978,ISIC_1313208
IL_9408309,SCCKA,ISIC_4838706,ISIC_0742972
IL_9408951,INF,ISIC_1560650,ISIC_4183641
IL_9409547,MEL,ISIC_4741194,ISIC_9596173
IL_9411177,NV,ISIC_7882124,ISIC_5665171
IL_9413629,DF,ISIC_7357556,ISIC_2754763
IL_9413829,BCC,ISIC_4921441,ISIC_5828606
IL_9417077,NV,ISIC_0414153,ISIC_9002358
IL_9420011,BCC,ISIC_6292733,ISIC_1189485
IL_9420839,BCC,ISIC_5879809,ISIC_9294763
IL_9421860,BCC,ISIC_9826365,ISIC_7234241
IL_9421903,MEL,ISIC_2153383,ISIC_1818006
IL_9422892,NV,ISIC_1052176,ISIC_6648628
IL_9423427,BCC,ISIC_9113111,ISIC_6781208
IL_9425710,BKL,ISIC_9394962,ISIC_9997661
IL_9426275,BCC,ISIC_5528057,ISIC_5296244
IL_9428549,AKIEC,ISIC_9679124,ISIC_2921012
IL_9430924,BCC,ISIC_0225383,ISIC_5242235
IL_9433768,BCC,ISIC_0116622,ISIC_5960820
IL_9437710,AKIEC,ISIC_4584837,ISIC_5363218
IL_9439030,BCC,ISIC_3298721,ISIC_5054970
IL_9439154,MEL,ISIC_6886017,ISIC_0124902
IL_9439470,BKL,ISIC_4267147,ISIC_7521530
IL_9439533,BCC,ISIC_9546161,ISIC_1375082
IL_9439639,MEL,ISIC_3301517,ISIC_8126703
IL_9439830,INF,ISIC_9400517,ISIC_1603958
IL_9440413,BKL,ISIC_9034449,ISIC_5823053
IL_9441829,BCC,ISIC_9668453,ISIC_7729052
IL_9446823,SCCKA,ISIC_3180901,ISIC_1048496
IL_9447279,AKIEC,ISIC_6450911,ISIC_8906358
IL_9448011,BCC,ISIC_0717001,ISIC_4281031
IL_9448117,BCC,ISIC_4574340,ISIC_4914852
IL_9449213,BCC,ISIC_1820380,ISIC_7347161
IL_9453153,MEL,ISIC_9521190,ISIC_1116303
IL_9453273,BCC,ISIC_4769059,ISIC_2647192
IL_9453516,DF,ISIC_6001166,ISIC_5813817
IL_9456591,BKL,ISIC_7447703,ISIC_4427207
IL_9462627,BCC,ISIC_6114272,ISIC_5686739
IL_9463449,NV,ISIC_2999230,ISIC_2427256
IL_9466832,NV,ISIC_6705181,ISIC_0768610
IL_9471621,NV,ISIC_9726099,ISIC_2912041
IL_9471694,BCC,ISIC_8095870,ISIC_2054135
IL_9473685,BKL,ISIC_4471122,ISIC_2485685
IL_9475061,INF,ISIC_4371553,ISIC_8790740
IL_9477888,SCCKA,ISIC_7232942,ISIC_7377763
IL_9480741,INF,ISIC_3668509,ISIC_9641859
IL_9481592,NV,ISIC_9634842,ISIC_9415828
IL_9482395,MEL,ISIC_3475592,ISIC_1828351
IL_9483731,BCC,ISIC_8911152,ISIC_1959902
IL_9485180,BCC,ISIC_7506634,ISIC_1794713
IL_9486743,SCCKA,ISIC_9739946,ISIC_4940127
IL_9487035,BCC,ISIC_3379605,ISIC_9196525
IL_9489077,NV,ISIC_6842700,ISIC_6352343
IL_9489343,MEL,ISIC_2614337,ISIC_2963084
IL_9497630,BCC,ISIC_1138771,ISIC_4970256
IL_9500991,MEL,ISIC_3341530,ISIC_2683683
IL_9504116,BCC,ISIC_2645906,ISIC_9818203
IL_9505312,MEL,ISIC_8604423,ISIC_9276896
IL_9508962,BCC,ISIC_9725243,ISIC_8573497
IL_9509148,BCC,ISIC_6995669,ISIC_6201208
IL_9509659,AKIEC,ISIC_0464954,ISIC_6120702
IL_9512629,BCC,ISIC_7445585,ISIC_0572875
IL_9513774,BCC,ISIC_5466838,ISIC_2650547
IL_9513930,AKIEC,ISIC_1826258,ISIC_1142211
IL_9516573,MEL,ISIC_1849199,ISIC_7320560
IL_9520593,BCC,ISIC_9052310,ISIC_6367091
IL_9523157,BCC,ISIC_1862412,ISIC_4979533
IL_9524479,BCC,ISIC_4707994,ISIC_6551027
IL_9524761,AKIEC,ISIC_6946162,ISIC_3935025
IL_9529350,SCCKA,ISIC_3814826,ISIC_7687674
IL_9529551,BKL,ISIC_6300467,ISIC_6754024
IL_9531531,SCCKA,ISIC_0762973,ISIC_5835958
IL_9534602,MEL,ISIC_4572206,ISIC_1598799
IL_9537366,BCC,ISIC_2796590,ISIC_0513969
IL_9540543,BCC,ISIC_8545101,ISIC_6936920
IL_9540986,NV,ISIC_9601345,ISIC_4209803
IL_9541079,BCC,ISIC_6408424,ISIC_1055162
IL_9542018,BCC,ISIC_7588984,ISIC_8544097
IL_9549484,BCC,ISIC_8970659,ISIC_1477798
IL_9550703,BKL,ISIC_4368655,ISIC_9019664
IL_9552156,BCC,ISIC_9915349,ISIC_4384547
IL_9554628,NV,ISIC_5240908,ISIC_8626277
IL_9554653,BCC,ISIC_5328520,ISIC_4338535
IL_9556887,BKL,ISIC_4064312,ISIC_2886495
IL_9563085,BKL,ISIC_9691123,ISIC_0539206
IL_9563257,DF,ISIC_1792162,ISIC_8705648
IL_9563868,BKL,ISIC_6892423,ISIC_7020196
IL_9565203,BKL,ISIC_9676478,ISIC_7238849
IL_9565231,MEL,ISIC_4536273,ISIC_2179705
IL_9565456,BCC,ISIC_3875460,ISIC_2314682
IL_9569942,AKIEC,ISIC_2983004,ISIC_4807554
IL_9570046,BCC,ISIC_5802479,ISIC_4564958
IL_9572527,MEL,ISIC_4740743,ISIC_8593738
IL_9575395,BCC,ISIC_0627375,ISIC_2833179
IL_9579580,MEL,ISIC_1322016,ISIC_4586954
IL_9583565,NV,ISIC_5056347,ISIC_6134081
IL_9584761,BCC,ISIC_2800738,ISIC_6360071
IL_9587475,NV,ISIC_2481301,ISIC_8919169
IL_9588248,BCC,ISIC_3530269,ISIC_2799788
IL_9588769,SCCKA,ISIC_1688152,ISIC_9132828
IL_9588958,MEL,ISIC_5333979,ISIC_6511897
IL_9589211,BKL,ISIC_9981611,ISIC_2059259
IL_9590648,BCC,ISIC_1599277,ISIC_8894857
IL_9592842,BCC,ISIC_9254169,ISIC_1938835
IL_9592947,AKIEC,ISIC_3769921,ISIC_2585669
IL_9593601,BKL,ISIC_5625173,ISIC_4792565
IL_9596120,NV,ISIC_5137477,ISIC_1590931
IL_9597986,BKL,ISIC_5903776,ISIC_5195959
IL_9600244,BCC,ISIC_0615653,ISIC_9507615
IL_9600474,BCC,ISIC_6552603,ISIC_4410078
IL_9603617,AKIEC,ISIC_7535027,ISIC_4246896
IL_9604741,BCC,ISIC_1825802,ISIC_2211674
IL_9607410,BCC,ISIC_6818815,ISIC_3637593
IL_9608205,SCCKA,ISIC_1225203,ISIC_7613649
IL_9608485,NV,ISIC_3349986,ISIC_5358212
IL_9611245,BCC,ISIC_4720934,ISIC_9501753
IL_9611587,BCC,ISIC_6334226,ISIC_7514787
IL_9614802,SCCKA,ISIC_5280833,ISIC_8053804
IL_9614989,BKL,ISIC_4112547,ISIC_0664016
IL_9617690,BCC,ISIC_3375059,ISIC_3824264
IL_9622215,BKL,ISIC_0468733,ISIC_5830376
IL_9623656,BCC,ISIC_9103398,ISIC_1420747
IL_9624462,DF,ISIC_7239055,ISIC_7454975
IL_9629068,BCC,ISIC_5054723,ISIC_2485009
IL_9630385,MEL,ISIC_3306172,ISIC_8961614
IL_9632645,AKIEC,ISIC_7512488,ISIC_3053495
IL_9632950,BCC,ISIC_8550133,ISIC_8450877
IL_9636083,BCC,ISIC_7015879,ISIC_1138976
IL_9639749,BCC,ISIC_6173678,ISIC_2260865
IL_9644820,AKIEC,ISIC_8782205,ISIC_3148471
IL_9646137,BCC,ISIC_3503700,ISIC_6956876
IL_9649678,BCC,ISIC_9001139,ISIC_1210329
IL_9650319,AKIEC,ISIC_4005803,ISIC_6119301
IL_9654222,BCC,ISIC_4726329,ISIC_9862532
IL_9656479,SCCKA,ISIC_8346017,ISIC_7548850
IL_9659421,BCC,ISIC_8165089,ISIC_0676527
IL_9659963,BCC,ISIC_3175404,ISIC_7991773
IL_9661787,NV,ISIC_1210456,ISIC_1255858
IL_9665730,MEL,ISIC_4493203,ISIC_8416462
IL_9667713,SCCKA,ISIC_0735096,ISIC_6222224
IL_9667838,NV,ISIC_5518035,ISIC_3720143
IL_9678089,BCC,ISIC_8689886,ISIC_4909505
IL_9679718,DF,ISIC_0158073,ISIC_6312345
IL_9680907,MEL,ISIC_8467445,ISIC_9179044
IL_9681402,BCC,ISIC_2214683,ISIC_4799293
IL_9682787,BCC,ISIC_5410210,ISIC_2478957
IL_9685051,NV,ISIC_4951263,ISIC_2538384
IL_9685244,BKL,ISIC_1780120,ISIC_8302743
IL_9689348,BCC,ISIC_5655393,ISIC_8392439
IL_9689352,MEL,ISIC_5533850,ISIC_5412380
IL_9689394,BCC,ISIC_2760612,ISIC_4062304
IL_9691364,BCC,ISIC_8701249,ISIC_7618809
IL_9692603,BCC,ISIC_8866895,ISIC_0890975
IL_9693754,NV,ISIC_8664926,ISIC_6129735
IL_9701000,NV,ISIC_7662916,ISIC_5246923
IL_9701930,BCC,ISIC_2833803,ISIC_1417674
IL_9702903,BCC,ISIC_4136790,ISIC_1592988
IL_9707582,BCC,ISIC_2846074,ISIC_9979190
IL_9708256,SCCKA,ISIC_2333635,ISIC_2770868
IL_9713334,DF,ISIC_3553184,ISIC_8355069
IL_9713844,AKIEC,ISIC_4094390,ISIC_0840284
IL_9714463,BCC,ISIC_1160092,ISIC_6963673
IL_9716310,MEL,ISIC_6372109,ISIC_5651049
IL_9717585,BCC,ISIC_3197379,ISIC_0500110
IL_9719774,BCC,ISIC_5979628,ISIC_8268969
IL_9720180,MEL,ISIC_1907325,ISIC_9809345
IL_9720231,BCC,ISIC_7680182,ISIC_4168673
IL_9720505,BCC,ISIC_6385484,ISIC_8904796
IL_9722913,SCCKA,ISIC_2753361,ISIC_0656565
IL_9724863,SCCKA,ISIC_3852303,ISIC_3480611
IL_9725975,BKL,ISIC_6230570,ISIC_3706698
IL_9727677,NV,ISIC_1738482,ISIC_7198900
IL_9730160,BCC,ISIC_7745161,ISIC_0150748
IL_9731170,BCC,ISIC_5185355,ISIC_4913500
IL_9731516,BCC,ISIC_5761656,ISIC_9278360
IL_9732518,BCC,ISIC_7370617,ISIC_0188950
IL_9734690,BKL,ISIC_3284822,ISIC_6425898
IL_9734938,BCC,ISIC_2917647,ISIC_7053200
IL_9737079,BCC,ISIC_8867010,ISIC_4370328
IL_9737107,NV,ISIC_7225132,ISIC_6780966
IL_9738941,BCC,ISIC_5821583,ISIC_4770621
IL_9746297,SCCKA,ISIC_7900173,ISIC_9047747
IL_9746868,BCC,ISIC_7096292,ISIC_6589696
IL_9746902,MEL,ISIC_7695480,ISIC_6548919
IL_9749729,BCC,ISIC_9471674,ISIC_3959713
IL_9752629,BCC,ISIC_8212322,ISIC_7132196
IL_9753632,BCC,ISIC_2161258,ISIC_3968898
IL_9754542,BCC,ISIC_9088580,ISIC_8816075
IL_9755215,BCC,ISIC_7916204,ISIC_3049767
IL_9755525,BKL,ISIC_9703128,ISIC_1243858
IL_9756229,BCC,ISIC_1050489,ISIC_1310746
IL_9758278,BCC,ISIC_4544829,ISIC_2127883
IL_9763780,BKL,ISIC_7579556,ISIC_5364900
IL_9767273,BCC,ISIC_1698570,ISIC_3072008
IL_9769761,NV,ISIC_4953526,ISIC_3862106
IL_9769772,BCC,ISIC_4680472,ISIC_5058408
IL_9770688,BCC,ISIC_9706057,ISIC_4463160
IL_9773637,BCC,ISIC_4900556,ISIC_7693768
IL_9775648,NV,ISIC_5457545,ISIC_1587418
IL_9776504,BCC,ISIC_6716486,ISIC_7507238
IL_9777235,BCC,ISIC_6453932,ISIC_4152827
IL_9778045,SCCKA,ISIC_6634268,ISIC_0764650
IL_9780716,BCC,ISIC_6113465,ISIC_9552444
IL_9782859,BCC,ISIC_4057182,ISIC_3585759
IL_9783662,BCC,ISIC_2838288,ISIC_9790773
IL_9783995,VASC,ISIC_3719515,ISIC_7778901
IL_9784446,BCC,ISIC_3482213,ISIC_0369681
IL_9785739,NV,ISIC_4217947,ISIC_6161362
IL_9789875,BCC,ISIC_2614390,ISIC_9035644
IL_9790789,SCCKA,ISIC_9100425,ISIC_8914970
IL_9793806,BCC,ISIC_3515169,ISIC_3631183
IL_9797209,BCC,ISIC_3228433,ISIC_5499900
IL_9801115,SCCKA,ISIC_1311673,ISIC_2923050
IL_9801468,BCC,ISIC_0514391,ISIC_6611061
IL_9801518,BCC,ISIC_7006971,ISIC_8877039
IL_9803330,MEL,ISIC_1877271,ISIC_9593683
IL_9809357,BCC,ISIC_8107179,ISIC_8092373
IL_9809595,BKL,ISIC_6936062,ISIC_9940495
IL_9811180,BCC,ISIC_4104303,ISIC_8561066
IL_9813142,BCC,ISIC_8619333,ISIC_4163384
IL_9814557,BKL,ISIC_2204145,ISIC_7837278
IL_9818681,AKIEC,ISIC_4771395,ISIC_4553466
IL_9822160,BCC,ISIC_0094604,ISIC_1571470
IL_9823804,BCC,ISIC_8234989,ISIC_5385783
IL_9826846,NV,ISIC_8459726,ISIC_1241018
IL_9831268,BCC,ISIC_7323687,ISIC_7553601
IL_9833477,BCC,ISIC_1679185,ISIC_0233827
IL_9835654,BCC,ISIC_9820396,ISIC_3654837
IL_9835714,BCC,ISIC_5345684,ISIC_4840056
IL_9838418,BCC,ISIC_3036641,ISIC_0880783
IL_9840660,DF,ISIC_1859149,ISIC_2962014
IL_9840825,SCCKA,ISIC_9379186,ISIC_7614085
IL_9843383,NV,ISIC_8304179,ISIC_2030005
IL_9846683,BCC,ISIC_3661021,ISIC_1279652
IL_9855945,BCC,ISIC_6612352,ISIC_0310449
IL_9862724,NV,ISIC_2425838,ISIC_4845560
IL_9863241,BCC,ISIC_0225237,ISIC_9589099
IL_9871188,BCC,ISIC_7742510,ISIC_3691801
IL_9871748,BCC,ISIC_9059867,ISIC_3280000
IL_9875986,BCC,ISIC_9315615,ISIC_2376821
IL_9876124,BCC,ISIC_5543636,ISIC_5380414
IL_9877242,NV,ISIC_6684563,ISIC_4358907
IL_9878565,MEL,ISIC_3955799,ISIC_2752768
IL_9880197,NV,ISIC_5647228,ISIC_7843146
IL_9880889,NV,ISIC_7206161,ISIC_3797260
IL_9882271,BCC,ISIC_4391320,ISIC_8152761
IL_9882527,BCC,ISIC_6181244,ISIC_5297462
IL_9886374,BCC,ISIC_0589952,ISIC_1205427
IL_9890052,SCCKA,ISIC_9826023,ISIC_8171632
IL_9890068,MEL,ISIC_0082447,ISIC_5913482
IL_9891746,MEL,ISIC_3984912,ISIC_9357735
IL_9891948,BCC,ISIC_9922427,ISIC_6664385
IL_9895389,BCC,ISIC_6026220,ISIC_4743338
IL_9897440,NV,ISIC_7605162,ISIC_4969084
IL_9897493,MEL,ISIC_6513986,ISIC_6655070
IL_9897745,BCC,ISIC_5784227,ISIC_0666575
IL_9899181,BCC,ISIC_8631635,ISIC_3432012
IL_9900993,VASC,ISIC_5315549,ISIC_8158325
IL_9901727,BCC,ISIC_5559099,ISIC_9875123
IL_9904066,BCC,ISIC_3601726,ISIC_7305201
IL_9906157,BCC,ISIC_6142601,ISIC_6349779
IL_9912061,AKIEC,ISIC_6881975,ISIC_4352140
IL_9914605,BCC,ISIC_7242126,ISIC_7264785
IL_9916872,BCC,ISIC_6597463,ISIC_8755727
IL_9917047,BCC,ISIC_2392847,ISIC_9900027
IL_9917624,BCC,ISIC_6328753,ISIC_3302986
IL_9917899,BCC,ISIC_9186927,ISIC_2538458
IL_9921206,BKL,ISIC_2160112,ISIC_9020314
IL_9923635,BCC,ISIC_7619832,ISIC_7330944
IL_9924772,BKL,ISIC_8184627,ISIC_3256836
IL_9925364,BCC,ISIC_7278380,ISIC_7939416
IL_9926530,NV,ISIC_2015432,ISIC_4273674
IL_9936896,NV,ISIC_4487781,ISIC_2673443
IL_9940572,BKL,ISIC_0964646,ISIC_3567360
IL_9941625,NV,ISIC_3946986,ISIC_5997924
IL_9941677,BCC,ISIC_3508744,ISIC_8158738
IL_9942096,MEL,ISIC_2668584,ISIC_4845899
IL_9943319,NV,ISIC_4070008,ISIC_5023550
IL_9943627,BCC,ISIC_7803811,ISIC_3669176
IL_9944302,NV,ISIC_8443235,ISIC_5552683
IL_9944816,BCC,ISIC_4467920,ISIC_6005871
IL_9945290,BEN_OTH,ISIC_5489979,ISIC_8760881
IL_9947908,BCC,ISIC_3194532,ISIC_6712731
IL_9949464,BKL,ISIC_5471903,ISIC_4426808
IL_9950953,BKL,ISIC_2266613,ISIC_1536379
IL_9951114,NV,ISIC_6033449,ISIC_9361398
IL_9952743,INF,ISIC_8580681,ISIC_3937278
IL_9958247,MEL,ISIC_3175640,ISIC_7870559
IL_9961015,NV,ISIC_9101382,ISIC_0950510
IL_9962218,BCC,ISIC_9492806,ISIC_7265211
IL_9963930,BCC,ISIC_5420310,ISIC_9641825
IL_9965908,BCC,ISIC_9149605,ISIC_3069767
IL_9968206,BKL,ISIC_0661563,ISIC_0729575
IL_9972566,BCC,ISIC_9884445,ISIC_2533248
IL_9974051,BCC,ISIC_2896896,ISIC_1322802
IL_9975498,INF,ISIC_4653787,ISIC_0135826
IL_9977217,BCC,ISIC_4378281,ISIC_5873586
IL_9978605,BCC,ISIC_3757262,ISIC_2036804
IL_9980113,AKIEC,ISIC_6491504,ISIC_7112600
IL_9980498,BKL,ISIC_6810372,ISIC_1435977
IL_9980694,BCC,ISIC_4395957,ISIC_9892615
IL_9982376,SCCKA,ISIC_9222858,ISIC_9075808
IL_9982426,SCCKA,ISIC_1009860,ISIC_9940061
IL_9983052,AKIEC,ISIC_8178956,ISIC_1099402
IL_9983114,BKL,ISIC_8117173,ISIC_8457619
IL_9984501,BCC,ISIC_7931991,ISIC_4912510
IL_9984758,BCC,ISIC_3908025,ISIC_9345667
IL_9987263,NV,ISIC_6713938,ISIC_0593055
IL_9991092,BCC,ISIC_8779998,ISIC_5984628
IL_9991953,MEL,ISIC_3050113,ISIC_9182531
IL_9992890,BCC,ISIC_6708834,ISIC_3782736
IL_9993432,MEL,ISIC_1597370,ISIC_0320008
IL_9994739,SCCKA,ISIC_7243538,ISIC_4873822
IL_9995614,MEL,ISIC_9832572,ISIC_7749901
IL_9998211,NV,ISIC_1830925,ISIC_3959129
